Date,AUDUSD=X,CADUSD=X
2020-08-10,0.7157120108604431,0.747004508972168
2020-08-11,0.7158001661300659,0.7488393187522888
2020-08-12,0.7145199775695801,0.7512865662574768
2020-08-13,0.7164863348007202,0.7550817131996155
2020-08-14,0.7148800492286682,0.7564525604248047
2020-08-17,0.7192589044570923,0.7545803189277649
2020-08-18,0.7218131422996521,0.7563266754150391
2020-08-19,0.7257947325706482,0.7603232860565186
2020-08-20,0.7188039422035217,0.7568761706352234
2020-08-21,0.7206116914749146,0.7591630816459656
2020-08-24,0.7161374688148499,0.7587311267852783
2020-08-25,0.7168900370597839,0.7565669417381287
2020-08-26,0.7199320793151855,0.7597051858901978
2020-08-27,0.7245011925697327,0.7611508965492249
2020-08-28,0.7269898653030396,0.7621021866798401
2020-08-31,0.7373000383377075,0.7645084261894226
2020-09-01,0.738099992275238,0.7671653032302856
2020-09-02,0.7378494143486023,0.7661073803901672
2020-09-03,0.7331109642982483,0.7666007280349731
2020-09-04,0.725584089756012,0.7610524296760559
2020-09-07,0.7282207608222961,0.764777421951294
2020-09-08,0.7280998229980469,0.7636036276817322
2020-09-09,0.7209399938583374,0.7553383708000183
2020-09-10,0.727660059928894,0.7603117227554321
2020-09-11,0.7262997627258301,0.7581788301467896
2020-09-14,0.728151798248291,0.7586562633514404
2020-09-15,0.7286000847816467,0.758915364742279
2020-09-16,0.7296819686889648,0.7579891681671143
2020-09-17,0.7295500040054321,0.7586389780044556
2020-09-18,0.7313095927238464,0.760444700717926
2020-09-21,0.729341447353363,0.7577364444732666
2020-09-22,0.7231180667877197,0.7518796920776367
2020-09-23,0.717442512512207,0.7520493268966675
2020-09-24,0.7069001197814941,0.7471886873245239
2020-09-25,0.7057162523269653,0.7489851117134094
2020-09-28,0.7041906118392944,0.7474511861801147
2020-09-29,0.7095197439193726,0.7486823201179504
2020-09-30,0.714360237121582,0.747171938419342
2020-10-01,0.716650664806366,0.7515801787376404
2020-10-02,0.7182875871658325,0.752785325050354
2020-10-05,0.7177205085754395,0.7523888349533081
2020-10-06,0.7193209528923035,0.7543184757232666
2020-10-07,0.7110099792480469,0.7506775259971619
2020-10-08,0.713820219039917,0.7542729377746582
2020-10-09,0.7177998423576355,0.7580294013023376
2020-10-12,0.7224597930908203,0.7616146206855774
2020-10-13,0.721188485622406,0.7626311182975769
2020-10-14,0.7164401412010193,0.7609307765960693
2020-10-15,0.7141479849815369,0.7605372667312622
2020-10-16,0.7088397741317749,0.7561379671096802
2020-10-19,0.7095997929573059,0.7587656378746033
2020-10-20,0.7056167125701904,0.7581673860549927
2020-10-21,0.7049998641014099,0.7621660828590393
2020-10-22,0.7105603218078613,0.7602712512016296
2020-10-23,0.7126100659370422,0.7612261772155762
2020-10-26,0.7132006287574768,0.7606182098388672
2020-10-27,0.7117098569869995,0.7572258114814758
2020-10-28,0.7123100757598877,0.7580466866493225
2020-10-29,0.7055200934410095,0.7512865662574768
2020-10-30,0.7037599682807922,0.7510157823562622
2020-11-02,0.7008199691772461,0.7480606436729431
2020-11-03,0.7053698301315308,0.7564010620117188
2020-11-04,0.7196833491325378,0.7632364630699158
2020-11-05,0.7180498242378235,0.7618235349655151
2020-11-06,0.7262701988220215,0.7644032835960388
2020-11-09,0.7286717891693115,0.7679135203361511
2020-11-10,0.7282000184059143,0.7688109278678894
2020-11-11,0.7281697988510132,0.7674008011817932
2020-11-12,0.7284275889396667,0.7658023238182068
2020-11-13,0.7240185737609863,0.7612667679786682
2020-11-16,0.729080855846405,0.7619860172271729
2020-11-17,0.7320997714996338,0.7648007869720459
2020-11-18,0.7296000123023987,0.7630675435066223
2020-11-19,0.7301988005638123,0.7642806172370911
2020-11-20,0.7269100546836853,0.7641929388046265
2020-11-23,0.7317001819610596,0.764397382736206
2020-11-24,0.7298204302787781,0.7648534178733826
2020-11-25,0.7366699576377869,0.7694438099861145
2020-11-26,0.736485481262207,0.7691124677658081
2020-11-27,0.7357999682426453,0.7680255770683289
2020-11-30,0.7400281429290771,0.7702617645263672
2020-12-01,0.7356798052787781,0.7697044014930725
2020-12-02,0.7380890846252441,0.7732157707214355
2020-12-03,0.7418001294136047,0.7741615772247314
2020-12-04,0.7438998222351074,0.7773268818855286
2020-12-07,0.7431573867797852,0.7824971675872803
2020-12-08,0.7417599558830261,0.7811279296875
2020-12-09,0.7410997152328491,0.7802624702453613
2020-12-10,0.7434999346733093,0.7797635793685913
2020-12-11,0.7524397969245911,0.7849786281585693
2020-12-14,0.7551102638244629,0.7842767834663391
2020-12-15,0.7539203763008118,0.7836806774139404
2020-12-16,0.7555609345436096,0.7874263525009155
2020-12-17,0.7569999694824219,0.7844982743263245
2020-12-18,0.7615299224853516,0.785484254360199
2020-12-21,0.7587425708770752,0.7806035876274109
2020-12-22,0.7575200796127319,0.7780163288116455
2020-12-23,0.7551700472831726,0.7755966186523438
2020-12-24,0.7579599022865295,0.7784827947616577
2020-12-25,0.7606801390647888,0.7783191800117493
2020-12-28,0.7611914277076721,0.7788404822349548
2020-12-29,0.758892297744751,0.7788161635398865
2020-12-30,0.7609898447990417,0.7799034714698792
2020-12-31,0.7689290642738342,0.784270703792572
2021-01-01,0.7702973484992981,0.8097231388092041
2021-01-04,0.7712300419807434,0.7860337495803833
2021-01-05,0.7670999765396118,0.7824113965034485
2021-01-06,0.7766000628471375,0.788973331451416
2021-01-07,0.781700074672699,0.789552628993988
2021-01-08,0.7768999934196472,0.7884072065353394
2021-01-11,0.7716525793075562,0.7854965925216675
2021-01-12,0.7707497477531433,0.7829995155334473
2021-01-13,0.7776049971580505,0.7869244813919067
2021-01-14,0.774713397026062,0.7875193953514099
2021-01-15,0.777580201625824,0.7906575798988342
2021-01-18,0.7688876986503601,0.7834105491638184
2021-01-19,0.7686986327171326,0.784436821937561
2021-01-20,0.7711800932884216,0.785996675491333
2021-01-21,0.7755701541900635,0.7920165061950684
2021-01-22,0.7761022448539734,0.7907201051712036
2021-01-25,0.7715799808502197,0.7859843373298645
2021-01-26,0.7718997597694397,0.7850834727287292
2021-01-27,0.7753139734268188,0.7877799868583679
2021-01-28,0.765099823474884,0.7802746295928955
2021-01-29,0.7669699192047119,0.7793685793876648
2021-02-01,0.761997640132904,0.781115710735321
2021-02-02,0.7634601593017578,0.7784523963928223
2021-02-03,0.760820746421814,0.7821605205535889
2021-02-04,0.7636000514030457,0.7822278141975403
2021-02-05,0.7603002190589905,0.7798547744750977
2021-02-08,0.7679199576377869,0.7837973237037659
2021-02-09,0.7710998058319092,0.785071074962616
2021-02-10,0.7740501165390015,0.7875814437866211
2021-02-11,0.7725348472595215,0.7876496315002441
2021-02-12,0.7753999829292297,0.7873644232749939
2021-02-15,0.7764095664024353,0.7881525158882141
2021-02-16,0.7786197066307068,0.7914146780967712
2021-02-17,0.773790180683136,0.7868439555168152
2021-02-18,0.7758697867393494,0.7874078154563904
2021-02-19,0.7767997980117798,0.7885875701904297
2021-02-22,0.7888488173484802,0.7937326431274414
2021-02-23,0.7915400266647339,0.7930842638015747
2021-02-24,0.7908827066421509,0.7941171526908875
2021-02-25,0.7977026104927063,0.799360454082489
2021-02-26,0.7870000004768372,0.7930276989936829
2021-03-01,0.7752419114112854,0.7876496315002441
2021-03-02,0.7772001028060913,0.7910453677177429
2021-03-03,0.7825197577476501,0.7914146780967712
2021-03-04,0.7758102416992188,0.7892223596572876
2021-03-05,0.7715603113174438,0.7887741923332214
2021-03-08,0.7709101438522339,0.7916465401649475
2021-03-09,0.7656674981117249,0.7900204658508301
2021-03-10,0.7717835903167725,0.7909452319145203
2021-03-11,0.773200273513794,0.7923867702484131
2021-03-12,0.7787615656852722,0.7979954481124878
2021-03-15,0.7762998938560486,0.8019696474075317
2021-03-16,0.7750135660171509,0.8015710711479187
2021-03-17,0.77455735206604,0.8036841154098511
2021-03-18,0.7813000679016113,0.8071025013923645
2021-03-19,0.7753699421882629,0.8005828261375427
2021-03-22,0.7722502946853638,0.7985370755195618
2021-03-23,0.7745501399040222,0.7986710071563721
2021-03-24,0.7604701519012451,0.7942748665809631
2021-03-25,0.7591003179550171,0.7951211333274841
2021-03-26,0.7594000697135925,0.793537437915802
2021-03-29,0.7637377381324768,0.7946472764015198
2021-03-30,0.7641170620918274,0.7942559719085693
2021-03-31,0.7608798146247864,0.7923428416252136
2021-04-01,0.7594098448753357,0.7959058284759521
2021-04-02,0.7619001269340515,0.7970667481422424
2021-04-05,0.7620998620986938,0.7959248423576355
2021-04-06,0.7658727169036865,0.7987092733383179
2021-04-07,0.7666947841644287,0.7954563498497009
2021-04-08,0.7613884806632996,0.7928516268730164
2021-04-09,0.7659003138542175,0.7960389256477356
2021-04-12,0.7626002430915833,0.7980336546897888
2021-04-13,0.7627707123756409,0.7962417006492615
2021-04-14,0.7647499442100525,0.79763263463974
2021-04-15,0.772509753704071,0.7989134788513184
2021-04-16,0.7751697301864624,0.7972129583358765
2021-04-19,0.7714025974273682,0.7988751530647278
2021-04-20,0.7767002582550049,0.7986136078834534
2021-04-21,0.7723796963691711,0.792927086353302
2021-04-22,0.7754402756690979,0.7997632622718811
2021-04-23,0.7705348134040833,0.7998144030570984
2021-04-26,0.7743114233016968,0.8007944226264954
2021-04-27,0.7799704074859619,0.8067118525505066
2021-04-28,0.7770001888275146,0.806048572063446
2021-04-29,0.7801297307014465,0.8128164410591125
2021-04-30,0.777762234210968,0.8145843148231506
2021-05-03,0.7722997665405273,0.8143919110298157
2021-05-04,0.7758914828300476,0.8143255710601807
2021-05-05,0.7713799476623535,0.8129948973655701
2021-05-06,0.7751199007034302,0.8151886463165283
2021-05-07,0.7787312865257263,0.8227744102478027
2021-05-10,0.7858793139457703,0.8254911303520203
2021-05-11,0.7838999032974243,0.8268768191337585
2021-05-12,0.7838096022605896,0.8266922235488892
2021-05-13,0.7732301950454712,0.8250417113304138
2021-05-14,0.7726202011108398,0.8218074440956116
2021-05-17,0.7778711318969727,0.8256956338882446
2021-05-18,0.7773698568344116,0.8290842175483704
2021-05-19,0.7789981961250305,0.8283150792121887
2021-05-20,0.772030234336853,0.8242459893226624
2021-05-21,0.7770001888275146,0.8290155529975891
2021-05-24,0.7730000615119934,0.8287063837051392
2021-05-25,0.7750802040100098,0.8298892974853516
2021-05-26,0.7753139734268188,0.8289124369621277
2021-05-27,0.7739902138710022,0.8243955373764038
2021-05-28,0.774250328540802,0.8284866809844971
2021-05-31,0.7710099816322327,0.8279653787612915
2021-06-01,0.7743498086929321,0.8291392922401428
2021-06-02,0.7755900025367737,0.8285690546035767
2021-06-03,0.7744301557540894,0.8307027816772461
2021-06-04,0.7665772438049316,0.8259684443473816
2021-06-07,0.7744001746177673,0.8281025290489197
2021-06-08,0.7756296992301941,0.827355682849884
2021-06-09,0.7736998200416565,0.8256683349609375
2021-06-10,0.7729498147964478,0.8254503011703491
2021-06-11,0.7747998237609863,0.8269246220588684
2021-06-14,0.7708911895751953,0.8225036859512329
2021-06-15,0.7712002992630005,0.823655366897583
2021-06-16,0.7686217427253723,0.8206407427787781
2021-06-17,0.7616726756095886,0.8144648671150208
2021-06-18,0.7556899189949036,0.8100314736366272
2021-06-21,0.7503997683525085,0.8032193183898926
2021-06-22,0.7534897923469543,0.8084074258804321
2021-06-23,0.7554810047149658,0.8123477101325989
2021-06-24,0.7574437856674194,0.8127900958061218
2021-06-25,0.7582076191902161,0.8115368485450745
2021-06-28,0.7594998478889465,0.8135438561439514
2021-06-29,0.756840169429779,0.8107669949531555
2021-06-30,0.7513599991798401,0.8066988587379456
2021-07-01,0.7497701644897461,0.8069266676902771
2021-07-02,0.7465806603431702,0.8038132786750793
2021-07-05,0.7518599033355713,0.8110299706459045
2021-07-06,0.7543002963066101,0.8103793859481812
2021-07-07,0.7494998574256897,0.8026906251907349
2021-07-08,0.7484413981437683,0.8011729121208191
2021-07-09,0.7433286309242249,0.7982119917869568
2021-07-12,0.749007523059845,0.8034064769744873
2021-07-13,0.7480998039245605,0.8028775453567505
2021-07-14,0.7441999316215515,0.7986582517623901
2021-07-15,0.7480382323265076,0.7990092635154724
2021-07-16,0.7423000931739807,0.7943442463874817
2021-07-19,0.7390999794006348,0.7925876975059509
2021-07-20,0.7339202165603638,0.7845598459243774
2021-07-21,0.7338911294937134,0.7889483571052551
2021-07-22,0.7352616786956787,0.7956145405769348
2021-07-23,0.7380498647689819,0.7959248423576355
2021-07-26,0.7368219494819641,0.7957032322883606
2021-07-27,0.738825261592865,0.7974482178688049
2021-07-28,0.7366374135017395,0.7942054867744446
2021-07-29,0.7377101182937622,0.7987411618232727
2021-07-30,0.739609956741333,0.8032580018043518
2021-08-02,0.7342305779457092,0.8021368980407715
2021-08-03,0.7360599637031555,0.7999295592308044
2021-08-04,0.7396799921989441,0.7978744506835938
2021-08-05,0.7382999658584595,0.797130286693573
2021-08-06,0.7402998805046082,0.7999167442321777
2021-08-09,0.7337833642959595,0.7954879999160767
2021-08-10,0.733100175857544,0.795304536819458
2021-08-11,0.7343798875808716,0.7987858653068542
2021-08-12,0.7374087572097778,0.7995650768280029
2021-08-13,0.734149694442749,0.7987220883369446
2021-08-16,0.736572265625,0.7989773154258728
2021-08-17,0.7341066002845764,0.7955702543258667
2021-08-18,0.7255598902702332,0.7919850945472717
2021-08-19,0.7230997681617737,0.7896960377693176
2021-08-20,0.714620053768158,0.7793442010879517
2021-08-23,0.7139797210693359,0.7796663045883179
2021-08-24,0.7209597229957581,0.7904513478279114
2021-08-25,0.724879801273346,0.7939028143882751
2021-08-26,0.727660059928894,0.7943632006645203
2021-08-27,0.7238398790359497,0.7883388996124268
2021-08-30,0.731598436832428,0.7929584980010986
2021-08-31,0.7291233539581299,0.7930905818939209
2021-09-01,0.7317901849746704,0.7926379442214966
2021-09-02,0.7368001937866211,0.7922863364219666
2021-09-03,0.7399300932884216,0.7966984510421753
2021-09-06,0.7445018887519836,0.7980655431747437
2021-09-07,0.7436713576316833,0.7978107929229736
2021-09-08,0.7386598587036133,0.7907388806343079
2021-09-09,0.7363770008087158,0.7877737283706665
2021-09-10,0.7370826601982117,0.7897272109985352
2021-09-13,0.7368110418319702,0.7886745929718018
2021-09-14,0.7365902066230774,0.7906388640403748
2021-09-15,0.7317097783088684,0.7880220413208008
2021-09-16,0.7341200709342957,0.7925123572349548
2021-09-17,0.7291499972343445,0.7885502576828003
2021-09-20,0.7264010310173035,0.7834534645080566
2021-09-21,0.7259702086448669,0.7811034917831421
2021-09-22,0.7227997779846191,0.7799825072288513
2021-09-23,0.7233999967575073,0.7821115851402283
2021-09-24,0.7299802899360657,0.7897647023200989
2021-09-27,0.7266121506690979,0.7905513048171997
2021-09-28,0.7280601263046265,0.7920039296150208
2021-09-29,0.7244277596473694,0.7888302206993103
2021-09-30,0.7179998159408569,0.7840800285339355
2021-10-01,0.7231180667877197,0.7883948683738708
2021-10-04,0.7275214195251465,0.7920791506767273
2021-10-05,0.7289697527885437,0.7942937612533569
2021-10-06,0.7290754914283752,0.7947419881820679
2021-10-07,0.728141188621521,0.7945209741592407
2021-10-08,0.7316797971725464,0.7970033288002014
2021-10-11,0.729490339756012,0.8010188937187195
2021-10-12,0.7348402738571167,0.8012564182281494
2021-10-13,0.7335088849067688,0.8015325665473938
2021-10-14,0.7386069893836975,0.8040653467178345
2021-10-15,0.741379976272583,0.8081068992614746
2021-10-18,0.7424786686897278,0.8081656694412231
2021-10-19,0.7417000532150269,0.8082636594772339
2021-10-20,0.7477194666862488,0.8094544410705566
2021-10-21,0.7515299320220947,0.8113985061645508
2021-10-22,0.7463700175285339,0.808387815952301
2021-10-25,0.7469096779823303,0.8083224296569824
2021-10-26,0.7491798400878906,0.807819664478302
2021-10-27,0.7512978315353394,0.8070113062858582
2021-10-28,0.7500750422477722,0.808427095413208
2021-10-29,0.7531600594520569,0.8099724054336548
2021-11-01,0.7518287897109985,0.8075653314590454
2021-11-02,0.7520498633384705,0.8081526160240173
2021-11-03,0.7438998222351074,0.8059316277503967
2021-11-04,0.746900200843811,0.8078980445861816
2021-11-05,0.740932822227478,0.8031483292579651
2021-11-08,0.7395902872085571,0.8031612634658813
2021-11-09,0.7414799928665161,0.8037163615226746
2021-11-10,0.7376197576522827,0.8041170835494995
2021-11-11,0.7334120869636536,0.8008649349212646
2021-11-12,0.7291999459266663,0.7943758368492126
2021-11-15,0.7332506775856018,0.7971112728118896
2021-11-16,0.734489917755127,0.7991049885749817
2021-11-17,0.7301614880561829,0.7958171963691711
2021-11-18,0.7268604040145874,0.7929459810256958
2021-11-19,0.7279000878334045,0.7934303879737854
2021-11-22,0.7231698036193848,0.7902951836585999
2021-11-23,0.7228044867515564,0.7873209714889526
2021-11-24,0.7222198247909546,0.7888985872268677
2021-11-25,0.7202001214027405,0.7897833585739136
2021-11-26,0.7173703908920288,0.7896586060523987
2021-11-29,0.7142806053161621,0.7858669757843018
2021-11-30,0.714580237865448,0.7850525975227356
2021-12-01,0.7124998569488525,0.7828217148780823
2021-12-02,0.7107598185539246,0.7805852890014648
2021-12-03,0.70878005027771,0.7801711559295654
2021-12-06,0.7017898559570312,0.7802137732505798
2021-12-07,0.7049203515052795,0.7835761904716492
2021-12-08,0.712259829044342,0.7907763719558716
2021-12-09,0.7170000672340393,0.7903763651847839
2021-12-10,0.7146124243736267,0.7868810892105103
2021-12-13,0.7166095972061157,0.7861697673797607
2021-12-14,0.7133176326751709,0.780786395072937
2021-12-15,0.7106002569198608,0.7771759033203125
2021-12-16,0.7166501879692078,0.7790285348892212
2021-12-17,0.717560887336731,0.7824910283088684
2021-12-20,0.7116981744766235,0.775283932685852
2021-12-21,0.7109498381614685,0.7730364799499512
2021-12-22,0.7147799134254456,0.7738141417503357
2021-12-23,0.72139972448349,0.7781374454498291
2021-12-24,0.7233200073242188,0.7797939777374268
2021-12-27,0.7231285572052002,0.7803964614868164
2021-12-28,0.7236999869346619,0.7820442914962769
2021-12-29,0.7233999967575073,0.7804573774337769
2021-12-30,0.7258790135383606,0.7823134660720825
2021-12-31,0.7249801754951477,0.7846583127975464
2022-01-03,0.7268181443214417,0.7899643182754517
2022-01-04,0.7197999358177185,0.7842337489128113
2022-01-05,0.7238802313804626,0.7871288657188416
2022-01-06,0.7220800518989563,0.7836928963661194
2022-01-07,0.7162600159645081,0.785533607006073
2022-01-10,0.7179111242294312,0.7907075881958008
2022-01-11,0.71809983253479,0.7895776033401489
2022-01-12,0.7209799885749817,0.7950705289840698
2022-01-13,0.7282207608222961,0.7998976111412048
2022-01-14,0.7282260060310364,0.7995011210441589
2022-01-17,0.7216517329216003,0.7973082661628723
2022-01-18,0.7210798263549805,0.7989964485168457
2022-01-19,0.7187501788139343,0.8001599907875061
2022-01-20,0.721700131893158,0.7993029952049255
2022-01-21,0.7217090129852295,0.7999807596206665
2022-01-24,0.7187884449958801,0.7961149215698242
2022-01-25,0.715449869632721,0.7920478582382202
2022-01-26,0.7158800363540649,0.7926505208015442
2022-01-27,0.7122999429702759,0.7899830341339111
2022-01-28,0.7035500407218933,0.7845783233642578
2022-01-31,0.6997998356819153,0.7837543487548828
2022-02-01,0.7068301439285278,0.7863242626190186
2022-02-02,0.7133991122245789,0.7880468964576721
2022-02-03,0.7120797634124756,0.788245677947998
2022-02-04,0.7145000696182251,0.7887368202209473
2022-02-07,0.7080298066139221,0.78460294008255
2022-02-08,0.7129998207092285,0.78954017162323
2022-02-09,0.7145919799804688,0.7870669364929199
2022-02-10,0.7177411317825317,0.7888861894607544
2022-02-11,0.7161697745323181,0.7854225635528564
2022-02-14,0.7144796252250671,0.7859472632408142
2022-02-15,0.7132098078727722,0.785632312297821
2022-02-16,0.7149087190628052,0.7859349250793457
2022-02-17,0.7194502949714661,0.7876868844032288
2022-02-18,0.71893310546875,0.787104070186615
2022-02-21,0.7171697616577148,0.7839078903198242
2022-02-22,0.718450129032135,0.783944845199585
2022-02-23,0.7226895689964294,0.7832632064819336
2022-02-24,0.7227997779846191,0.7853053212165833
2022-02-25,0.7160200476646423,0.7806706428527832
2022-02-28,0.7186489701271057,0.7839940190315247
2022-03-01,0.7262001037597656,0.7894840836524963
2022-03-02,0.7261425852775574,0.7859472632408142
2022-03-03,0.729341447353363,0.7907575964927673
2022-03-04,0.7336999773979187,0.7892472743988037
2022-03-07,0.7394808530807495,0.7865283489227295
2022-03-08,0.7328498363494873,0.7811645269393921
2022-03-09,0.7267916798591614,0.7758553624153137
2022-03-10,0.731689989566803,0.781341552734375
2022-03-11,0.7365999817848206,0.7839509844779968
2022-03-14,0.72965008020401,0.7852128744125366
2022-03-15,0.71986985206604,0.77996426820755
2022-03-16,0.7191000580787659,0.7831589579582214
2022-03-17,0.7288799285888672,0.7882208228111267
2022-03-18,0.738099992275238,0.7916653752326965
2022-03-21,0.7409987449645996,0.7932856678962708
2022-03-22,0.7395793199539185,0.7944073677062988
2022-03-23,0.7462301850318909,0.7947356700897217
2022-03-24,0.7499175071716309,0.7962290048599243
2022-03-25,0.7514277100563049,0.7986965179443359
2022-03-28,0.7518231272697449,0.8008264303207397
2022-03-29,0.7499501705169678,0.798836886882782
2022-03-30,0.7514672875404358,0.8001344799995422
2022-03-31,0.7503001093864441,0.8011344075202942
2022-04-01,0.7491927742958069,0.8000959753990173
2022-04-04,0.7486487030982971,0.7983075976371765
2022-04-05,0.7543901801109314,0.8008841276168823
2022-04-06,0.7585699558258057,0.800999641418457
2022-04-07,0.7505084872245789,0.7959375381469727
2022-04-08,0.7478480935096741,0.7944894433021545
2022-04-11,0.7446514964103699,0.7951654195785522
2022-04-12,0.7415317296981812,0.7911329865455627
2022-04-13,0.7454997897148132,0.7914898991584778
2022-04-14,0.7451497912406921,0.7957854866981506
2022-04-15,0.7410151958465576,0.7934618592262268
2022-04-18,0.7393824458122253,0.792707085609436
2022-04-19,0.7357593774795532,0.7936381697654724
2022-04-20,0.7393988370895386,0.7934178113937378
2022-04-21,0.7446997761726379,0.8008841276168823
2022-04-22,0.7361114025115967,0.7943379878997803
2022-04-25,0.7236937284469604,0.786101758480072
2022-04-26,0.717849850654602,0.7852005362510681
2022-04-27,0.714600145816803,0.7808778882026672
2022-04-28,0.7125704288482666,0.7803964614868164
2022-04-29,0.710883617401123,0.7809693217277527
2022-05-02,0.7065390348434448,0.7780284881591797
2022-05-03,0.7050997614860535,0.7767593264579773
2022-05-04,0.7103786468505859,0.7791924476623535
2022-05-05,0.7252898812294006,0.7851018905639648
2022-05-06,0.712100088596344,0.7796055674552917
2022-05-09,0.7046997547149658,0.7741016149520874
2022-05-10,0.6957392692565918,0.7687340378761292
2022-05-11,0.693600058555603,0.7673889994621277
2022-05-12,0.692750096321106,0.7695622444152832
2022-05-13,0.6871907711029053,0.767866313457489
2022-05-16,0.6946181058883667,0.7747734189033508
2022-05-17,0.6972820162773132,0.7782101631164551
2022-05-18,0.7032843232154846,0.7807559370994568
2022-05-19,0.695900022983551,0.7761444449424744
2022-05-20,0.7041500210762024,0.7800555229187012
2022-05-23,0.7062894701957703,0.7805182337760925
2022-05-24,0.7088980674743652,0.782038152217865
2022-05-25,0.7103200554847717,0.7798851728439331
2022-05-26,0.708939790725708,0.7800190448760986
2022-05-27,0.7098793983459473,0.782901406288147
2022-05-30,0.7162810564041138,0.7859349250793457
2022-05-31,0.7195202112197876,0.7901890277862549
2022-06-01,0.7182618379592896,0.7912018299102783
2022-06-02,0.7173600792884827,0.7895588278770447
2022-06-03,0.726900041103363,0.7955576181411743
2022-06-06,0.7204922437667847,0.7946030497550964
2022-06-07,0.7188607454299927,0.794912576675415
2022-06-08,0.7220602631568909,0.79766446352005
2022-06-09,0.7186489701271057,0.7966857552528381
2022-06-10,0.7098188996315002,0.7872341871261597
2022-06-13,0.7018282413482666,0.7813965082168579
2022-06-14,0.6941600441932678,0.7757951617240906
2022-06-15,0.6889899373054504,0.7725110054016113
2022-06-16,0.7016903758049011,0.776795506477356
2022-06-17,0.704049825668335,0.7719742655754089
2022-06-20,0.6953000426292419,0.7692011594772339
2022-06-21,0.6969500780105591,0.7703092098236084
2022-06-22,0.6961801052093506,0.7732815742492676
2022-06-23,0.6905218958854675,0.771378755569458
2022-06-24,0.6903502941131592,0.769994854927063
2022-06-27,0.6943383812904358,0.7753680944442749
2022-06-28,0.6922522783279419,0.7770611047744751
2022-06-29,0.6904398798942566,0.7768197059631348
2022-06-30,0.6880465745925903,0.77619868516922
2022-07-01,0.6897598505020142,0.7767775058746338
2022-07-04,0.6815796494483948,0.7760360240936279
2022-07-05,0.6873797178268433,0.7777682542800903
2022-07-06,0.6793201565742493,0.7671771049499512
2022-07-07,0.6786000728607178,0.767224133014679
2022-07-08,0.6849000453948975,0.7712478637695312
2022-07-11,0.6845798492431641,0.7723796963691711
2022-07-12,0.6743316054344177,0.7695385813713074
2022-07-13,0.674700140953064,0.7673831582069397
2022-07-14,0.6732302308082581,0.7691775560379028
2022-07-15,0.6754885315895081,0.7628929018974304
2022-07-18,0.6814774870872498,0.768674910068512
2022-07-19,0.6810198426246643,0.7703388333320618
2022-07-20,0.6897978782653809,0.776946485042572
2022-07-21,0.6887384057044983,0.7762166857719421
2022-07-22,0.692290186882019,0.7765181064605713
2022-07-25,0.6904694437980652,0.7737183570861816
2022-07-26,0.6951202750205994,0.7781677842140198
2022-07-27,0.6947387456893921,0.7767775058746338
2022-07-28,0.6994900107383728,0.7802076935768127
2022-07-29,0.7000839710235596,0.7808229923248291
2022-08-01,0.6971215605735779,0.7802990674972534
2022-08-02,0.7023902535438538,0.7786282300949097
2022-08-03,0.6890298128128052,0.7759215831756592
2022-08-04,0.693899929523468,0.7779921889305115
2022-08-05,0.6959198713302612,0.7769887447357178
2022-08-08,0.6902502179145813,0.7725288271903992
2022-08-09,0.6987700462341309,0.7777864336967468
2022-08-10,0.6957005858421326,0.7760420441627502
2022-08-11,0.7078142762184143,0.7828401327133179
2022-08-12,0.7102898359298706,0.7835209369659424
2022-08-15,0.7116677761077881,0.7825031876564026
2022-08-16,0.7020002603530884,0.7749775648117065
2022-08-17,0.7019400596618652,0.7784887552261353
2022-08-18,0.693040132522583,0.7741256356239319
2022-08-19,0.691119909286499,0.7723737359046936
2022-08-22,0.6877105832099915,0.7692130208015442
2022-08-23,0.6878700256347656,0.766395092010498
2022-08-24,0.6923002004623413,0.7717240452766418
2022-08-25,0.6907985806465149,0.7709922194480896
2022-08-26,0.6963981986045837,0.7729409337043762
2022-08-29,0.6866905689239502,0.7656205296516418
2022-08-30,0.6907508373260498,0.7691538333892822
2022-08-31,0.6857398152351379,0.7639711499214172
2022-09-01,0.6828502416610718,0.7609654664993286
2022-09-02,0.6795302033424377,0.7607455253601074
2022-09-05,0.6790295243263245,0.7608786225318909
2022-09-06,0.6813998818397522,0.7616726756095886
2022-09-07,0.6730109453201294,0.7602366209030151
2022-09-08,0.6751401424407959,0.7616204619407654
2022-09-09,0.6765899658203125,0.7644792795181274
2022-09-12,0.6846998333930969,0.7678722143173218
2022-09-13,0.689398467540741,0.7704219818115234
2022-09-14,0.6743001937866211,0.7597283124923706
2022-09-15,0.6751797795295715,0.7598495483398438
2022-09-16,0.6687299013137817,0.7548878788948059
2022-09-19,0.6726998686790466,0.7542502284049988
2022-09-20,0.6733698844909668,0.7550930976867676
2022-09-21,0.6694202423095703,0.7483349442481995
2022-09-22,0.661010205745697,0.7419112920761108
2022-09-23,0.66454017162323,0.7423298358917236
2022-09-26,0.653069794178009,0.7363336086273193
2022-09-27,0.6476000547409058,0.7293626666069031
2022-09-28,0.6438001394271851,0.7287302017211914
2022-09-29,0.6504995822906494,0.733788788318634
2022-09-30,0.6512998938560486,0.7312881350517273
2022-10-03,0.6420958042144775,0.7253051400184631
2022-10-04,0.6501798629760742,0.7337779998779297
2022-10-05,0.6514102220535278,0.740444540977478
2022-10-06,0.651269793510437,0.735413134098053
2022-10-07,0.6414409279823303,0.7277491092681885
2022-10-10,0.6369832158088684,0.7282207608222961
2022-10-11,0.6294810771942139,0.7259528040885925
2022-10-12,0.6266409754753113,0.7250842452049255
2022-10-13,0.6277306079864502,0.7238142490386963
2022-10-14,0.630099892616272,0.7267389297485352
2022-10-17,0.6223937273025513,0.7217611074447632
2022-10-18,0.6298815608024597,0.729240357875824
2022-10-19,0.6316401362419128,0.7285337448120117
2022-10-20,0.6263701915740967,0.7260687947273254
2022-10-21,0.6274706721305847,0.7258316278457642
2022-10-24,0.6371902227401733,0.7328047752380371
2022-10-25,0.6329598426818848,0.7301828861236572
2022-10-26,0.6385700106620789,0.7343923449516296
2022-10-27,0.6493498086929321,0.7378984093666077
2022-10-28,0.6450905799865723,0.7372184991836548
2022-10-31,0.6401310563087463,0.7348564267158508
2022-11-01,0.6409898996353149,0.7347160577774048
2022-11-02,0.6396700143814087,0.7343222498893738
2022-11-03,0.6338501572608948,0.7291180491447449
2022-11-04,0.6288517117500305,0.7276749014854431
2022-11-07,0.6439315676689148,0.740055501461029
2022-11-08,0.6474796533584595,0.7410975694656372
2022-11-09,0.65091872215271,0.7454119920730591
2022-11-10,0.6434178352355957,0.7392895221710205
2022-11-11,0.6606900691986084,0.7501031160354614
2022-11-14,0.6698821187019348,0.7544892430305481
2022-11-15,0.669189989566803,0.750485897064209
2022-11-16,0.6769499778747559,0.7533807754516602
2022-11-17,0.6739497780799866,0.7498781681060791
2022-11-18,0.6689200401306152,0.7506718635559082
2022-11-21,0.6682080030441284,0.7475573420524597
2022-11-22,0.6607800126075745,0.7436990141868591
2022-11-23,0.66498202085495,0.7483629584312439
2022-11-24,0.6743502020835876,0.7494229674339294
2022-11-25,0.6765598058700562,0.7498162984848022
2022-11-28,0.6711905002593994,0.7457343935966492
2022-11-29,0.665198802947998,0.741295337677002
2022-11-30,0.668408989906311,0.7361818552017212
2022-12-01,0.6799598932266235,0.7456009387969971
2022-12-02,0.6811015009880066,0.7442968487739563
2022-12-05,0.6813009977340698,0.7438262104988098
2022-12-06,0.6707807779312134,0.7359434366226196
2022-12-07,0.6698821187019348,0.7326329350471497
2022-12-08,0.6726998686790466,0.7326543927192688
2022-12-09,0.6776500344276428,0.735418438911438
2022-12-12,0.6781408190727234,0.7323163747787476
2022-12-13,0.6754000186920166,0.733659565448761
2022-12-14,0.6842299699783325,0.7377133369445801
2022-12-15,0.6857798099517822,0.7379964590072632
2022-12-16,0.6705918908119202,0.7321608662605286
2022-12-19,0.6687487363815308,0.7305349111557007
2022-12-20,0.6707807779312134,0.7329766154289246
2022-12-21,0.6688498258590698,0.7353265285491943
2022-12-22,0.6716818809509277,0.7346081733703613
2022-12-23,0.6678001284599304,0.7333098649978638
2022-12-26,0.6712490320205688,0.7358514070510864
2022-12-27,0.674458920955658,0.737626314163208
2022-12-28,0.6729927659034729,0.7393715381622314
2022-12-29,0.6747100949287415,0.7353265285491943
2022-12-30,0.6766000390052795,0.7378984093666077
2023-01-02,0.6823097467422485,0.739202082157135
2023-01-03,0.6805600523948669,0.7375174760818481
2023-01-04,0.6727999448776245,0.7313095927238464
2023-01-05,0.6829108595848083,0.7415592074394226
2023-01-06,0.6755697727203369,0.7374685406684875
2023-01-09,0.689398467540741,0.7443134188652039
2023-01-10,0.6909699440002441,0.746619701385498
2023-01-11,0.6895001530647278,0.7444409132003784
2023-01-12,0.6910998225212097,0.7446016073226929
2023-01-13,0.6967815160751343,0.7476076483726501
2023-01-16,0.6973500847816467,0.7464803457260132
2023-01-17,0.6966398358345032,0.746391236782074
2023-01-18,0.6988413333892822,0.7468259930610657
2023-01-19,0.6944000720977783,0.7409712672233582
2023-01-20,0.691399872303009,0.7427323460578918
2023-01-23,0.6982703804969788,0.7478871941566467
2023-01-24,0.702928364276886,0.7479375600814819
2023-01-25,0.7046719789505005,0.7476747632026672
2023-01-26,0.7108199596405029,0.7473729848861694
2023-01-27,0.7113898396492004,0.7509706616401672
2023-01-30,0.7107977271080017,0.7516988515853882
2023-01-31,0.7058099508285522,0.747171938419342
2023-02-01,0.7051399946212769,0.7515406608581543
2023-02-02,0.7145000696182251,0.7532956600189209
2023-02-03,0.7074687480926514,0.7509424090385437
2023-02-06,0.6920798420906067,0.7462853789329529
2023-02-07,0.6887801885604858,0.743992269039154
2023-02-08,0.6964598298072815,0.7468203902244568
2023-02-09,0.6930001974105835,0.743770956993103
2023-02-10,0.6939384341239929,0.7435663342475891
2023-02-13,0.6913477778434753,0.7486487030982971
2023-02-14,0.6970000863075256,0.7500131130218506
2023-02-15,0.6987583041191101,0.7495914697647095
2023-02-16,0.690689742565155,0.7467925548553467
2023-02-17,0.6862400770187378,0.742225170135498
2023-02-20,0.686940610408783,0.741729736328125
2023-02-21,0.6909002065658569,0.7433286309242249
2023-02-22,0.686190128326416,0.7388307452201843
2023-02-23,0.6812916994094849,0.7382580041885376
2023-02-24,0.6810133457183838,0.7383779287338257
2023-02-27,0.6735684871673584,0.7356349229812622
2023-02-28,0.6743001937866211,0.736702561378479
2023-03-01,0.6730788350105286,0.7328584790229797
2023-03-02,0.6759798526763916,0.735856831073761
2023-03-03,0.6735000014305115,0.7355753779411316
2023-03-06,0.6754611730575562,0.7351319789886475
2023-03-07,0.6733099818229675,0.7344193458557129
2023-03-08,0.6591001749038696,0.7273785471916199
2023-03-09,0.6594000458717346,0.7246691584587097
2023-03-10,0.6591001749038696,0.7230135202407837
2023-03-13,0.6634203791618347,0.7265435457229614
2023-03-14,0.6659198999404907,0.7280563712120056
2023-03-15,0.6689097881317139,0.7305188775062561
2023-03-16,0.6618300080299377,0.7264854907989502
2023-03-17,0.6663401126861572,0.7289108037948608
2023-03-20,0.6713212132453918,0.7294052243232727
2023-03-21,0.6716899871826172,0.7314754128456116
2023-03-22,0.667789876461029,0.7294584512710571
2023-03-23,0.6699314713478088,0.7290382981300354
2023-03-24,0.6681597828865051,0.7290223836898804
2023-03-27,0.665530800819397,0.7284700274467468
2023-03-28,0.6660095453262329,0.732380747795105
2023-03-29,0.6706907749176025,0.7356564998626709
2023-03-30,0.6682482361793518,0.7372945547103882
2023-03-31,0.6716818809509277,0.7395410537719727
2023-04-03,0.6658897995948792,0.7406419515609741
2023-04-04,0.6788502335548401,0.7443965673446655
2023-04-05,0.6758081316947937,0.7441583871841431
2023-04-06,0.6716683506965637,0.7432568073272705
2023-04-07,0.6676012873649597,0.7410151958465576
2023-04-10,0.6673500537872314,0.7405213713645935
2023-04-11,0.6648299694061279,0.7405542135238647
2023-04-12,0.6654002070426941,0.7428040504455566
2023-04-13,0.6699000597000122,0.7440476417541504
2023-04-14,0.6783998608589172,0.7496252059936523
2023-04-17,0.6705199480056763,0.7482229471206665
2023-04-18,0.6700401306152344,0.7467144727706909
2023-04-19,0.6735698580741882,0.7467758059501648
2023-04-20,0.6705514192581177,0.7425007820129395
2023-04-21,0.6743178963661194,0.7417957186698914
2023-04-24,0.6693485379219055,0.7386397123336792
2023-04-25,0.6703805327415466,0.7388962507247925
2023-04-26,0.663640022277832,0.7343006730079651
2023-04-27,0.6608380675315857,0.7336380481719971
2023-04-28,0.6630398035049438,0.7353103756904602
2023-05-01,0.6612401008605957,0.7375121116638184
2023-05-02,0.6622801423072815,0.7378984093666077
2023-05-03,0.6673001646995544,0.7342413067817688
2023-05-04,0.6641517877578735,0.7335734367370605
2023-05-05,0.6696098446846008,0.7394808530807495
2023-05-08,0.6747683882713318,0.7473841309547424
2023-05-09,0.6780994534492493,0.7478089332580566
2023-05-10,0.6766906976699829,0.7476635575294495
2023-05-11,0.6781914234161377,0.7478256821632385
2023-05-12,0.669989824295044,0.7411249876022339
2023-05-15,0.6646903157234192,0.7377895712852478
2023-05-16,0.6703001260757446,0.7426661252975464
2023-05-17,0.6657789945602417,0.7419938445091248
2023-05-18,0.6655617952346802,0.7425724267959595
2023-05-19,0.6629980802536011,0.740867018699646
2023-05-22,0.666100025177002,0.7413997650146484
2023-05-23,0.6649687886238098,0.7405816912651062
2023-05-24,0.6613581776618958,0.7407736778259277
2023-05-25,0.6545102000236511,0.7359163761138916
2023-05-26,0.6498485803604126,0.7329658269882202
2023-05-29,0.6526989340782166,0.7348078489303589
2023-05-30,0.6528502106666565,0.7352400422096252
2023-05-31,0.6517800092697144,0.7353103756904602
2023-06-01,0.6506401300430298,0.737136960029602
2023-06-02,0.657799482345581,0.7438815832138062
2023-06-05,0.6599997878074646,0.7446959614753723
2023-06-06,0.6613494157791138,0.7436050176620483
2023-06-07,0.6679089665412903,0.746346652507782
2023-06-08,0.665860116481781,0.7478536367416382
2023-06-09,0.671259880065918,0.7483909726142883
2023-06-12,0.6744998693466187,0.7498050332069397
2023-06-13,0.6753101944923401,0.7483349442481995
2023-06-14,0.6769289374351501,0.7510495781898499
2023-06-15,0.6796895265579224,0.7503901720046997
2023-06-16,0.688029944896698,0.7563209533691406
2023-06-19,0.6875999569892883,0.7576905488967896
2023-06-20,0.6851379871368408,0.7570309042930603
2023-06-21,0.6788820624351501,0.7561094164848328
2023-06-22,0.6798702478408813,0.7598206996917725
2023-06-23,0.6760699152946472,0.7606934905052185
2023-06-26,0.6680517792701721,0.7596071362495422
2023-06-27,0.6674498319625854,0.7604562640190125
2023-06-28,0.668140172958374,0.7577077746391296
2023-06-29,0.6600616574287415,0.7546144127845764
2023-06-30,0.6619710922241211,0.7547169327735901
2023-07-03,0.6658321619033813,0.7547169327735901
2023-07-04,0.6674097180366516,0.7548308968544006
2023-07-05,0.6692701578140259,0.7562294006347656
2023-07-06,0.6656903028488159,0.7526776194572449
2023-07-07,0.6628398895263672,0.7482005953788757
2023-07-10,0.6688382029533386,0.7531254291534424
2023-07-11,0.667900025844574,0.7533524632453918
2023-07-12,0.6693798899650574,0.7559893131256104
2023-07-13,0.6792786121368408,0.7585641741752625
2023-07-14,0.6888617873191833,0.7626311182975769
2023-07-17,0.6837793588638306,0.7561436891555786
2023-07-18,0.6810500025749207,0.7574896812438965
2023-07-19,0.6814821362495422,0.7595205903053284
2023-07-20,0.6769999265670776,0.7597051858901978
2023-07-21,0.6778190732002258,0.7590593695640564
2023-07-24,0.6725800037384033,0.7562008500099182
2023-07-25,0.6733009219169617,0.7590363621711731
2023-07-26,0.6787599325180054,0.7583168745040894
2023-07-27,0.6759999394416809,0.7573118805885315
2023-07-28,0.6711859703063965,0.7560293078422546
2023-07-31,0.6660805344581604,0.7546600699424744
2023-08-01,0.6716818809509277,0.7580351233482361
2023-08-02,0.6617608070373535,0.7536646723747253
2023-08-03,0.6544999480247498,0.7494341731071472
2023-08-04,0.6561206579208374,0.7490299940109253
2023-08-07,0.657371461391449,0.7477753758430481
2023-08-08,0.6572591066360474,0.747875988483429
2023-08-09,0.6531601548194885,0.7448789477348328
2023-08-10,0.6536802053451538,0.7452231645584106
2023-08-11,0.6512498259544373,0.7437819838523865
2023-08-14,0.6495404839515686,0.7440587282180786
2023-08-15,0.6488400101661682,0.7430082559585571
2023-08-16,0.6457903981208801,0.7412843704223633
2023-08-17,0.6414697170257568,0.738737940788269
2023-08-18,0.6406888961791992,0.7382689118385315
2023-08-21,0.6414697170257568,0.7384651899337769
2023-08-22,0.6414080262184143,0.7383888363838196
2023-08-23,0.6427999138832092,0.7380019426345825
2023-08-24,0.6480587720870972,0.7394425868988037
2023-08-25,0.6413956880569458,0.7360084652900696
2023-08-28,0.6416714191436768,0.7356186509132385
2023-08-29,0.6428180932998657,0.7352346181869507
2023-08-30,0.647659957408905,0.7375229597091675
2023-08-31,0.6478782296180725,0.7388088703155518
2023-09-01,0.6488408446311951,0.7402088642120361
2023-09-04,0.6452862024307251,0.7355915904045105
2023-09-05,0.6458100080490112,0.7353644371032715
2023-09-06,0.6375396251678467,0.7331969141960144
2023-09-07,0.6383001804351807,0.7331916093826294
2023-09-08,0.6377400159835815,0.7308071851730347
2023-09-11,0.6397993564605713,0.7338372468948364
2023-09-12,0.643200159072876,0.7364475131034851
2023-09-13,0.6428180932998657,0.7379528880119324
2023-09-14,0.6421617865562439,0.7378712296485901
2023-09-15,0.6432398557662964,0.7399295568466187
2023-09-18,0.6440501809120178,0.7395410537719727
2023-09-19,0.643960177898407,0.7414547204971313
2023-09-20,0.646600067615509,0.7438981533050537
2023-09-21,0.6436100006103516,0.7420214414596558
2023-09-22,0.6409598588943481,0.7419773936271667
2023-09-25,0.6440999507904053,0.7420048713684082
2023-09-26,0.6422001123428345,0.7434723377227783
2023-09-27,0.6393861770629883,0.7396668791770935
2023-09-28,0.634759783744812,0.7406858801841736
2023-09-29,0.6427974700927734,0.7412348985671997
2023-10-02,0.6437202095985413,0.7367187738418579
2023-10-03,0.6362699270248413,0.7311919331550598
2023-10-04,0.6308901309967041,0.7294424772262573
2023-10-05,0.6329101920127869,0.7275795936584473
2023-10-06,0.6371049880981445,0.7296234965324402
2023-10-09,0.6371999979019165,0.7320054769515991
2023-10-10,0.6420900225639343,0.7363499402999878
2023-10-11,0.643347442150116,0.7361818552017212
2023-10-12,0.6418097615242004,0.7355915904045105
2023-10-13,0.6316800117492676,0.7307911515235901
2023-10-16,0.6312999725341797,0.7329068183898926
2023-10-17,0.6337798237800598,0.734516441822052
2023-10-18,0.6362699270248413,0.7324396967887878
2023-10-19,0.6332400441169739,0.7291924953460693
2023-10-20,0.6326999664306641,0.7291126847267151
2023-10-23,0.6320393085479736,0.7297672033309937
2023-10-24,0.6336702108383179,0.7305402159690857
2023-10-25,0.6360999345779419,0.7277172803878784
2023-10-26,0.6296999454498291,0.7244853973388672
2023-10-27,0.6335999369621277,0.7239032983779907
2023-10-30,0.6338903307914734,0.7213237881660461
2023-10-31,0.637100100517273,0.7231390476226807
2023-11-01,0.6339948177337646,0.7206376194953918
2023-11-02,0.642259955406189,0.7228358387947083
2023-11-03,0.6427900195121765,0.7274314761161804
2023-11-06,0.6516865491867065,0.7320322394371033
2023-11-07,0.6489419341087341,0.7300708889961243
2023-11-08,0.6430099010467529,0.726295530796051
2023-11-09,0.6405698657035828,0.7249948978424072
2023-11-10,0.6361699104309082,0.7242702841758728
2023-11-13,0.6364598870277405,0.7246954441070557
2023-11-14,0.6381002068519592,0.72455894947052
2023-11-15,0.6499837636947632,0.7299589514732361
2023-11-16,0.6511502265930176,0.7308124899864197
2023-11-17,0.6470816731452942,0.7271616458892822
2023-11-20,0.6513597369194031,0.7289161086082458
2023-11-21,0.6564001441001892,0.7286452054977417
2023-11-22,0.6559097170829773,0.7298737168312073
2023-11-23,0.6542789936065674,0.730326771736145
2023-11-24,0.6560100317001343,0.7301934957504272
2023-11-27,0.658129870891571,0.7336488366127014
2023-11-28,0.661250114440918,0.7349158525466919
2023-11-29,0.6658999919891357,0.7373000383377075
2023-11-30,0.6619009971618652,0.7358243465423584
2023-12-01,0.6606799960136414,0.7376535534858704
2023-12-04,0.6682884097099304,0.7413612604141235
2023-12-05,0.6617100238800049,0.7386069893836975
2023-12-06,0.6554699540138245,0.7357810139656067
2023-12-07,0.6551401019096375,0.7357377409934998
2023-12-08,0.6594479084014893,0.735369861125946
2023-12-11,0.6579799652099609,0.7363336086273193
2023-12-12,0.6565001010894775,0.736485481262207
2023-12-13,0.6564600467681885,0.7361059784889221
2023-12-14,0.6665000319480896,0.7402965426445007
2023-12-15,0.6702682375907898,0.7458789944648743
2023-12-18,0.6698910593986511,0.7472947835922241
2023-12-19,0.6703715920448303,0.746391236782074
2023-12-20,0.6762998700141907,0.7499512434005737
2023-12-21,0.6739816665649414,0.748603880405426
2023-12-22,0.6796802878379822,0.7527909874916077
2023-12-25,0.6808788776397705,0.7543298602104187
2023-12-26,0.6806008219718933,0.7547169327735901
2023-12-27,0.6823800802230835,0.7578513622283936
2023-12-28,0.6854700446128845,0.7574610114097595
2023-12-29,0.6826302409172058,0.7558807134628296
2024-01-01,0.6820491552352905,0.7553326487541199
2024-01-02,0.6810504198074341,0.7551729083061218
2024-01-03,0.6765698194503784,0.7506380081176758
2024-01-04,0.6736002564430237,0.7491927742958069
2024-01-05,0.6706593036651611,0.7487832307815552
2024-01-08,0.6716412901878357,0.7485141754150391
2024-01-09,0.6720001101493835,0.749119758605957
2024-01-10,0.6684702038764954,0.7468706369400024
2024-01-11,0.6703999042510986,0.7474679946899414
2024-01-12,0.6698498129844666,0.7473897337913513
2024-01-15,0.6689097881317139,0.7457455396652222
2024-01-16,0.6650399565696716,0.744280219078064
2024-01-17,0.6588900089263916,0.7412898540496826
2024-01-18,0.6551997661590576,0.7405871152877808
2024-01-19,0.6582845449447632,0.7414987087249756
2024-01-22,0.6595479249954224,0.7445129156112671
2024-01-23,0.6570599675178528,0.7419553399085999
2024-01-24,0.6586300730705261,0.7431628704071045
2024-01-25,0.6576697826385498,0.7393496632575989
2024-01-26,0.6585879921913147,0.7419663667678833
2024-01-29,0.6578601002693176,0.7432733774185181
2024-01-30,0.6614194512367249,0.7456343173980713
2024-01-31,0.659480094909668,0.7461739778518677
2024-02-01,0.656150758266449,0.7442968487739563
2024-02-02,0.6574898362159729,0.7472166419029236
2024-02-05,0.6505080461502075,0.7423849701881409
2024-02-06,0.6480293273925781,0.7383888363838196
2024-02-07,0.6529674530029297,0.7413282990455627
2024-02-08,0.6521880626678467,0.7427213191986084
2024-02-09,0.6497599482536316,0.7429420948028564
2024-02-12,0.6525583267211914,0.7430635094642639
2024-02-13,0.6528898477554321,0.7432015538215637
2024-02-14,0.6453399062156677,0.7371478080749512
2024-02-15,0.6498798131942749,0.738623321056366
2024-02-16,0.6525498628616333,0.7426496744155884
2024-02-19,0.6537913680076599,0.741960883140564
2024-02-20,0.6530783176422119,0.7408505082130432
2024-02-21,0.6553500890731812,0.7395410537719727
2024-02-22,0.6553199887275696,0.7409054040908813
2024-02-23,0.6559101939201355,0.7417626976966858
2024-02-26,0.6565384864807129,0.74034583568573
2024-02-27,0.6539598107337952,0.7406694293022156
2024-02-28,0.6543898582458496,0.739005446434021
2024-02-29,0.6494700312614441,0.7365126013755798
2024-03-01,0.6498401165008545,0.7367187738418579
2024-03-04,0.6527883410453796,0.7378767132759094
2024-03-05,0.6507620811462402,0.7368110418319702
2024-03-06,0.6503900289535522,0.7358351945877075
2024-03-07,0.6566298604011536,0.7400445938110352
2024-03-08,0.6621301770210266,0.7433839440345764
2024-03-11,0.6624314785003662,0.7415922284126282
2024-03-12,0.6615506410598755,0.7419773936271667
2024-03-13,0.6607297658920288,0.7411195039749146
2024-03-14,0.6627599000930786,0.7425944805145264
2024-03-15,0.6579297780990601,0.7386779189109802
2024-03-18,0.6557978987693787,0.7382198572158813
2024-03-19,0.655750572681427,0.7388361692428589
2024-03-20,0.6526401042938232,0.7367513179779053
2024-03-21,0.6597799062728882,0.7422857880592346
2024-03-22,0.657418966293335,0.7392622232437134
2024-03-25,0.6515804529190063,0.7346728444099426
2024-03-26,0.6538896560668945,0.7361276745796204
2024-03-27,0.6538982391357422,0.7363227605819702
2024-03-28,0.6521999835968018,0.7360517978668213
2024-03-29,0.6516780853271484,0.7387706637382507
2024-04-01,0.6533001661300659,0.7395410537719727
2024-04-02,0.6487903594970703,0.7367187738418579
2024-04-03,0.651439905166626,0.7372292876243591
2024-04-04,0.6568998694419861,0.7394371032714844
2024-04-05,0.6587702035903931,0.7383070588111877
2024-04-08,0.6570215821266174,0.7350725531578064
2024-04-09,0.6604998111724854,0.7368762493133545
2024-04-10,0.662850022315979,0.7367622256278992
2024-04-11,0.6507201194763184,0.730620265007019
2024-04-12,0.6540607213973999,0.7306256294250488
2024-04-15,0.6475803256034851,0.7268498539924622
2024-04-16,0.644250214099884,0.7253577709197998
2024-04-17,0.6412801146507263,0.7236518263816833
2024-04-18,0.6439813375473022,0.7261214852333069
2024-04-19,0.6424699425697327,0.72625333070755
2024-04-22,0.6425991654396057,0.7278549671173096
2024-04-23,0.6452862024307251,0.7299004197120667
2024-04-24,0.6488901376724243,0.7320322394371033
2024-04-25,0.6496999263763428,0.7297033071517944
2024-04-26,0.6523199677467346,0.7321715950965881
2024-04-29,0.6541398763656616,0.7322842478752136
2024-04-30,0.6561899185180664,0.7317055463790894
2024-05-01,0.6478001475334167,0.7258474230766296
2024-05-02,0.653190016746521,0.7287036180496216
2024-05-03,0.6571398973464966,0.7317323088645935
2024-05-06,0.6609079837799072,0.730380117893219
2024-05-07,0.6623920202255249,0.7314807176589966
2024-05-08,0.6589199900627136,0.728162407875061
2024-05-09,0.657680094242096,0.7284806966781616
2024-05-10,0.6620998978614807,0.7311117649078369
2024-05-13,0.6601008772850037,0.7311545014381409
2024-05-14,0.6612882018089294,0.7317590713500977
2024-05-15,0.6626027226448059,0.7324504852294922
2024-05-16,0.6701065301895142,0.7354563474655151
2024-05-17,0.6683151721954346,0.7345055937767029
2024-05-20,0.6700705885887146,0.7348672151565552
2024-05-21,0.6672093272209167,0.7341604828834534
2024-05-22,0.6667097806930542,0.7331216931343079
2024-05-23,0.6619185209274292,0.7305135726928711
2024-05-24,0.6601487994194031,0.7282207608222961
2024-05-27,0.6624007821083069,0.7317429780960083
2024-05-28,0.6655617952346802,0.7337349057197571
2024-05-29,0.6647999286651611,0.7328155040740967
2024-05-30,0.6613699793815613,0.7290223836898804
2024-05-31,0.6630301475524902,0.7308178544044495
2024-06-03,0.6656903028488159,0.7342737317085266
2024-06-04,0.669008195400238,0.7337456941604614
2024-06-05,0.6646201014518738,0.7311972379684448
2024-06-06,0.6657789945602417,0.7304602265357971
2024-06-07,0.6669601202011108,0.7316252589225769
2024-06-10,0.6582714915275574,0.7267969846725464
2024-06-11,0.6608948111534119,0.7266808152198792
2024-06-12,0.6607699394226074,0.7270136475563049
2024-06-13,0.6662899851799011,0.7287620306015015
2024-06-14,0.6633102893829346,0.7277491092681885
2024-06-17,0.6612882018089294,0.728173017501831
2024-06-18,0.6622077822685242,0.7292190790176392
2024-06-19,0.6661200523376465,0.7290648818016052
2024-06-20,0.6675300002098083,0.7296181321144104
2024-06-21,0.6660698652267456,0.7307431101799011
2024-06-24,0.6635000109672546,0.7298578023910522
2024-06-25,0.6654599905014038,0.7321769595146179
2024-06-26,0.6644800901412964,0.7320054769515991
2024-06-27,0.6644783020019531,0.7296873331069946
2024-06-28,0.6650599241256714,0.7299643158912659
2024-07-01,0.6674007773399353,0.7313844561576843
2024-07-02,0.6654599905014038,0.7279185652732849
2024-07-03,0.6668298244476318,0.7311652302742004
2024-07-04,0.6710900068283081,0.7334980964660645
2024-07-05,0.6725085377693176,0.7344732284545898
2024-07-08,0.6746591329574585,0.733245313167572
2024-07-09,0.6743202209472656,0.7337026596069336
2024-07-10,0.6741496920585632,0.7336757183074951
2024-07-11,0.6751797795295715,0.7343654036521912
2024-07-12,0.6768500804901123,0.7339772582054138
2024-07-15,0.6771998405456543,0.7328155040740967
2024-07-16,0.6763300895690918,0.7312079668045044
2024-07-17,0.6731998324394226,0.7315556406974792
2024-07-18,0.6730697751045227,0.7310636639595032
2024-07-19,0.6705500483512878,0.7298204302787781
2024-07-22,0.6696308851242065,0.7295542359352112
2024-07-23,0.6640105843544006,0.7266808152198792
2024-07-24,0.6612094640731812,0.7253841161727905
2024-07-25,0.6574798822402954,0.7240972518920898
2024-07-26,0.6542999744415283,0.723625659942627
2024-07-29,0.6554999947547913,0.7231703996658325
2024-07-30,0.6551405787467957,0.7217194437980652
2024-07-31,0.6541501879692078,0.7220425009727478
2024-08-01,0.6547001004219055,0.7242020964622498
2024-08-02,0.6494898200035095,0.7204299569129944
2024-08-05,0.6497219204902649,0.7203002572059631
2024-08-06,0.6515498757362366,0.7243595123291016
2024-08-07,0.6515001654624939,0.7253472805023193
2024-08-08,0.6515973806381226,0.7270241975784302
2024-08-09,0.659200131893158,0.7280457615852356
2024-08-12,0.6569784283638,0.7280192971229553
2024-08-13,0.6585316061973572,0.7276802062988281
2024-08-14,0.6638598442077637,0.7294424772262573
2024-08-15,0.6600006818771362,0.729091465473175
2024-08-16,0.6612488627433777,0.728141188621521
2024-08-19,0.6672983765602112,0.7310850024223328
2024-08-20,0.6735321879386902,0.7336757183074951
2024-08-21,0.6747274398803711,0.7343599796295166
2024-08-22,0.6749701499938965,0.7361981272697449
2024-08-23,0.6708199381828308,0.735110342502594
2024-08-26,0.6787806153297424,0.7403020262718201
2024-08-27,0.6772910952568054,0.7417242527008057
2024-08-28,0.6787898540496826,0.7436215877532959
2024-08-29,0.6783100962638855,0.7420048713684082
2024-08-30,0.67958003282547,0.7413393259048462
2024-09-02,0.6768001914024353,0.7413448095321655
2024-09-03,0.6787299513816833,0.7408888936042786
2024-09-04,0.6714000701904297,0.7383670210838318
2024-09-05,0.6716187596321106,0.7402965426445007
2024-09-06,0.6740502119064331,0.7407352328300476
2024-09-09,0.6670802235603333,0.7373489141464233
2024-09-10,0.6657878756523132,0.7372456192970276
2024-09-11,0.6653298139572144,0.7347754240036011
2024-09-12,0.6676998138427734,0.7364638447761536
2024-09-13,0.6726899147033691,0.7366048693656921
2024-09-16,0.6713797450065613,0.7365017533302307
2024-09-17,0.6751897931098938,0.7360355854034424
2024-09-18,0.6762696504592896,0.7357214689254761
2024-09-19,0.676369845867157,0.7347160577774048
2024-09-20,0.6809576749801636,0.7373163104057312
2024-09-23,0.6809993982315063,0.7372347712516785
2024-09-24,0.6834102272987366,0.7391256093978882
2024-09-25,0.6905400156974792,0.7451009750366211
2024-09-26,0.6821599006652832,0.7417187094688416
2024-09-27,0.689280092716217,0.7420765161514282
2024-09-30,0.6918787360191345,0.7402582168579102
2024-10-01,0.6915801763534546,0.7392512559890747
2024-10-02,0.6879992485046387,0.741037130355835
2024-10-03,0.6887099742889404,0.7404720187187195
2024-10-04,0.6850300431251526,0.7381054162979126
2024-10-07,0.6800592541694641,0.7364203929901123
2024-10-08,0.6755999326705933,0.7343222498893738
2024-10-09,0.6739597916603088,0.7324934005737305
2024-10-10,0.6717401146888733,0.7294318675994873
2024-10-11,0.6740997433662415,0.7275002002716064
2024-10-14,0.6731105446815491,0.7256262302398682
2024-10-15,0.6725999116897583,0.7244853973388672
2024-10-16,0.6682080030441284,0.7256314754486084
2024-10-17,0.6664889454841614,0.7270084023475647
2024-10-18,0.6699718832969666,0.7248635292053223
2024-10-21,0.6716818809509277,0.724658727645874
2024-10-22,0.6653094291687012,0.722882866859436
2024-10-23,0.6685997843742371,0.7237879633903503
2024-10-24,0.663599967956543,0.7227156758308411
2024-10-25,0.663702130317688,0.7218496799468994
2024-10-28,0.6603406071662903,0.7196522951126099
2024-10-29,0.6582671999931335,0.7199527621269226
2024-10-30,0.6563001871109009,0.7187625765800476
2024-10-31,0.6572798490524292,0.7190106511116028
2024-11-01,0.657680094242096,0.7176072001457214
2024-11-04,0.6591914296150208,0.7184527516365051
2024-11-05,0.6584101915359497,0.7193882465362549
2024-11-06,0.6641499996185303,0.7229090332984924
2024-11-07,0.6567001342773438,0.7169383764266968
2024-11-08,0.6676815152168274,0.7211209535598755
2024-11-11,0.65845787525177,0.7190210223197937
2024-11-12,0.6577605605125427,0.7183133959770203
2024-11-13,0.6529401540756226,0.7170771956443787
2024-11-14,0.6492705345153809,0.7146583199501038
2024-11-15,0.6455498337745667,0.7111616730690002
2024-11-18,0.6463413834571838,0.7099298238754272
2024-11-19,0.650590181350708,0.7131446599960327
2024-11-20,0.6541501879692078,0.716589093208313
2024-11-21,0.6513999700546265,0.7159220576286316
2024-11-22,0.6510289311408997,0.7153075933456421
2024-11-25,0.6539880037307739,0.7177308201789856
2024-11-26,0.646379828453064,0.7093003392219543
2024-11-27,0.6475173830986023,0.7115867733955383
2024-11-28,0.6497219204902649,0.7129464149475098
2024-11-29,0.6507400274276733,0.7139185667037964
2024-12-02,0.6502415537834167,0.7136434316635132
2024-12-03,0.6475300192832947,0.7120985388755798
2024-12-04,0.6485504508018494,0.7109392285346985
2024-12-05,0.6432936787605286,0.7105754613876343
2024-12-06,0.6449898481369019,0.7131904363632202
2024-12-09,0.639991819858551,0.7068236470222473
2024-12-10,0.643790602684021,0.7056167125701904
2024-12-11,0.6376001834869385,0.7054972052574158
2024-12-12,0.6383902430534363,0.7067686915397644
2024-12-13,0.6375001668930054,0.703373372554779
2024-12-16,0.6367115378379822,0.7029432058334351
2024-12-17,0.6376400589942932,0.7025086283683777
2024-12-18,0.6341153979301453,0.6988266706466675
2024-12-19,0.6206199526786804,0.6915150880813599
2024-12-20,0.6233997941017151,0.6942949891090393
2024-12-23,0.6252892017364502,0.6963157653808594
2024-12-24,0.6244925856590271,0.6956908702850342
2024-12-25,0.6239081621170044,0.6962818503379822
2024-12-26,0.6244574785232544,0.6966893672943115
2024-12-27,0.6223007440567017,0.6939432621002197
2024-12-30,0.6225099563598633,0.6942805051803589
2024-12-31,0.621999979019165,0.6968737840652466
2025-01-01,0.621999979019165,0.6968737840652466
2025-01-02,0.6194201707839966,0.695671558380127
2025-01-03,0.6200800538063049,0.6942998170852661
2025-01-06,0.6220104694366455,0.692520797252655
2025-01-07,0.623910129070282,0.697418212890625
2025-01-08,0.6234919428825378,0.6961801052093506
2025-01-09,0.6211604475975037,0.6955553889274597
2025-01-10,0.6189700961112976,0.6943672895431519
2025-01-13,0.6154982447624207,0.6937265992164612
2025-01-14,0.6192100048065186,0.6962430477142334
2025-01-15,0.619160532951355,0.6967912912368774
2025-01-16,0.6235401034355164,0.6980217695236206
2025-01-17,0.6210300922393799,0.6946470737457275
2025-01-20,0.6195403337478638,0.6908797025680542
2025-01-21,0.6281000375747681,0.699173629283905
2025-01-22,0.6262015104293823,0.6972187757492065
2025-01-23,0.6275002360343933,0.6947532296180725
2025-01-24,0.6283262372016907,0.6954876780509949
2025-01-27,0.6292909979820251,0.6951637864112854
2025-01-28,0.6263799667358398,0.6943962574005127
2025-01-29,0.6254573464393616,0.694449245929718
2025-01-30,0.6239782571792603,0.6944926381111145
2025-01-31,0.6215001940727234,0.6899882555007935
2025-02-03,0.614420473575592,0.6794863343238831
2025-02-04,0.6217397451400757,0.6935774683952332
2025-02-05,0.6251093745231628,0.6976419687271118
2025-02-06,0.6285473704338074,0.6985533237457275
2025-02-07,0.6281801462173462,0.6990025639533997
2025-02-10,0.6258898973464966,0.6977490782737732
2025-02-11,0.6271283030509949,0.6975154280662537
2025-02-12,0.629830002784729,0.7000301480293274
2025-02-13,0.6282985806465149,0.6992664337158203
2025-02-14,0.6316919922828674,0.7046173810958862
2025-02-17,0.6356511116027832,0.7050197124481201
2025-02-18,0.6356107592582703,0.7049700617790222
2025-02-19,0.6353119015693665,0.7047613263130188
2025-02-20,0.6341274976730347,0.7022274732589722
2025-02-21,0.6404098868370056,0.7054175734519958
2025-02-24,0.6370319724082947,0.7036505341529846
2025-02-25,0.6338099837303162,0.7004762887954712
2025-02-26,0.6352877020835876,0.6992664337158203
2025-02-27,0.6310780644416809,0.6975446939468384
2025-02-28,0.623219907283783,0.6923529505729675
2025-03-03,0.6220685243606567,0.6924728155136108
2025-03-04,0.6215812563896179,0.6901311278343201
2025-03-05,0.6269985437393188,0.694584310054779
2025-03-06,0.6338099837303162,0.697418212890625
2025-03-07,0.6332280039787292,0.6997361779212952
2025-03-10,0.6303898096084595,0.6958845853805542
2025-03-11,0.6279513835906982,0.6930534839630127
2025-03-12,0.6295286417007446,0.6928854584693909
2025-03-13,0.6327592134475708,0.6962963938713074
2025-03-14,0.6287410259246826,0.6932024359703064
2025-03-17,0.6326191425323486,0.695932924747467
2025-03-18,0.638198733329773,0.699540376663208
2025-03-19,0.6361202001571655,0.6993251442909241
2025-03-20,0.6364116668701172,0.6983727812767029
2025-03-21,0.6303898096084595,0.6981923580169678
2025-03-24,0.6288319230079651,0.6977052688598633
2025-03-25,0.6285908222198486,0.6985142827033997
2025-03-26,0.6309000849723816,0.7006235718727112
2025-03-27,0.6287015080451965,0.6995453238487244
2025-03-28,0.6301594376564026,0.6989341378211975
2025-03-31,0.6282907128334045,0.698855996131897
2025-04-01,0.6241885423660278,0.6948932409286499
2025-04-02,0.6289584636688232,0.6996872425079346
2025-04-03,0.6264698505401611,0.7034080028533936
2025-04-04,0.6323510408401489,0.7101768255233765
2025-04-07,0.5987701416015625,0.7021929025650024
2025-04-08,0.5997613072395325,0.7023557424545288
2025-04-09,0.595528781414032,0.7016066908836365
2025-04-10,0.6133614778518677,0.709154486656189
2025-04-11,0.6223394870758057,0.716794490814209
2025-04-14,0.6301316618919373,0.7207778692245483
2025-04-15,0.631991446018219,0.7194244861602783
2025-04-16,0.6337898373603821,0.7164863348007202
2025-04-17,0.6372998952865601,0.7215163111686707
2025-04-18,0.6372998952865601,0.7215163111686707
2025-04-21,0.6372998952865601,0.7215163111686707
2025-04-22,0.6421988606452942,0.7228410243988037
2025-04-23,0.6376200914382935,0.7221729159355164
2025-04-24,0.6365291476249695,0.7207674384117126
2025-04-25,0.6403483152389526,0.7216048240661621
2025-04-28,0.63840651512146,0.7209389805793762
2025-04-29,0.6428800821304321,0.7230605483055115
2025-04-30,0.6386919617652893,0.7232331037521362
2025-05-01,0.6413093209266663,0.7251842021942139
2025-05-02,0.6386797428131104,0.7222041487693787
2025-05-05,0.644558310508728,0.7234686017036438
2025-05-06,0.6461409330368042,0.72348952293396
2025-05-07,0.6506688594818115,0.726248025894165
2025-05-08,0.6434799432754517,0.722846269607544
2025-05-09,0.6392595171928406,0.7181586623191833
2025-05-12,0.642091691493988,0.7181844115257263
2025-05-13,0.6371780633926392,0.7156044244766235
2025-05-14,0.6472617387771606,0.7177720069885254
2025-05-15,0.6428800821304321,0.7153587341308594
2025-05-16,0.640578031539917,0.7166044116020203
2025-05-19,0.6410001516342163,0.7167122960090637
2025-05-20,0.6455819606781006,0.7164915204048157
2025-05-21,0.6425999999046326,0.7189434170722961
2025-05-22,0.6433101892471313,0.7214590907096863
2025-05-23,0.6409804821014404,0.7216048240661621
2025-05-26,0.6501189470291138,0.7279503345489502
2025-05-27,0.6481007933616638,0.7280246019363403
2025-05-28,0.6447120904922485,0.7241129279136658
2025-05-29,0.6425207257270813,0.7219642996788025
2025-05-30,0.6445998549461365,0.7243384718894958
2025-06-02,0.644321620464325,0.7285337448120117
2025-06-03,0.6498401165008545,0.7293573617935181
2025-06-04,0.646608829498291,0.7291286587715149
2025-06-05,0.6490682363510132,0.731042206287384
2025-06-06,0.6510501503944397,0.7317055463790894
2025-06-09,0.6500217914581299,0.730428159236908
2025-06-10,0.6518101692199707,0.7299856543540955
2025-06-11,0.6527202129364014,0.7316198945045471
2025-06-12,0.6509501338005066,0.7317590713500977
2025-06-13,0.6527999043464661,0.7354834079742432
2025-06-16,0.6499997973442078,0.7361602187156677
2025-06-17,0.6511001586914062,0.7366753816604614
2025-06-18,0.6479797959327698,0.7308018207550049
2025-06-19,0.6507408618927002,0.7301401495933533
2025-06-20,0.6488786935806274,0.7301668524742126
2025-06-23,0.6446704864501953,0.7278391122817993
2025-06-24,0.6477800011634827,0.7284064292907715
2025-06-25,0.6495999097824097,0.7285125255584717
2025-06-26,0.6523114442825317,0.7292882204055786
2025-06-27,0.654630184173584,0.7329712510108948
2025-06-30,0.6533215045928955,0.730919361114502
2025-07-01,0.6578081846237183,0.7350022792816162
2025-07-02,0.6583105325698853,0.7329068183898926
2025-07-03,0.6582901477813721,0.7359921932220459
2025-07-04,0.6577298641204834,0.7367568016052246
2025-07-07,0.6551792025566101,0.7351157665252686
2025-07-08,0.6506096124649048,0.7317805290222168
2025-07-09,0.6524518728256226,0.7316145300865173
2025-07-10,0.6535905003547668,0.7307804822921753
2025-07-11,0.6594000458717346,0.7322627305984497
2025-07-14,0.6578081846237183,0.7307804822921753
2025-07-15,0.6544716358184814,0.7296766638755798
2025-07-16,0.651898980140686,0.7290542721748352
2025-07-17,0.6525000333786011,0.7304975390434265
2025-07-18,0.649819016456604,0.7280192971229553
2025-07-21,0.6512112617492676,0.7286505103111267
2025-07-22,0.6528096795082092,0.7312186360359192
2025-07-23,0.6554712057113647,0.7350617051124573
2025-07-24,0.6603999137878418,0.735213041305542
2025-07-25,0.6597176194190979,0.7331055402755737
2025-07-28,0.6572980284690857,0.7298151254653931
2025-07-29,0.6524008512496948,0.7281040549278259
2025-07-30,0.651321530342102,0.726010799407959
2025-07-31,0.6447120904922485,0.7233168482780457
2025-08-01,0.6429089903831482,0.7216569185256958
2025-08-04,0.6469100117683411,0.7257789373397827
2025-08-05,0.6474796533584595,0.7263219356536865
2025-08-06,0.6472994685173035,0.7261795401573181
2025-08-07,0.6500217914581299,0.7278444170951843
2025-08-08,0.6525711417198181,0.7281995415687561
