Date,FTSEMIB.MI,^IBEX
2020-08-10,19652.0,7053.89990234375
2020-08-11,20209.0,7263.5
2020-08-12,20437.0,7296.0
2020-08-13,20257.0,7250.5
2020-08-14,20028.0,7154.2998046875
2020-08-17,19950.0,7090.10009765625
2020-08-18,19846.0,7043.5
2020-08-19,20055.0,7094.2998046875
2020-08-20,19767.0,6993.2998046875
2020-08-21,19695.0,6982.10009765625
2020-08-24,20113.0,7109.10009765625
2020-08-25,20030.0,7108.39990234375
2020-08-26,20137.0,7123.0
2020-08-27,19847.0,7090.7001953125
2020-08-28,19841.0,7133.0
2020-08-31,19634.0,6969.5
2020-09-01,19595.0,6956.89990234375
2020-09-02,19858.0,6996.89990234375
2020-09-03,19551.0,7006.0
2020-09-04,19391.0,6989.7001953125
2020-09-07,19738.0,7080.7001953125
2020-09-08,19380.0,6955.0
2020-09-09,19771.0,7020.89990234375
2020-09-10,19820.0,6999.2001953125
2020-09-11,19821.0,6943.2001953125
2020-09-14,19794.0,6951.10009765625
2020-09-15,19957.0,7036.0
2020-09-16,19964.0,7110.7998046875
2020-09-17,19740.0,7086.2001953125
2020-09-18,19525.0,6929.7998046875
2020-09-21,18793.0,6692.2998046875
2020-09-22,18896.0,6648.60009765625
2020-09-23,18930.0,6654.2001953125
2020-09-24,18907.0,6643.39990234375
2020-09-25,18698.0,6628.2998046875
2020-09-28,19160.0,6791.5
2020-09-29,19061.0,6713.60009765625
2020-09-30,19015.0,6716.60009765625
2020-10-01,19062.0,6730.7001953125
2020-10-02,19064.0,6754.5
2020-10-05,19266.0,6837.89990234375
2020-10-06,19430.0,6936.2001953125
2020-10-07,19435.0,6910.10009765625
2020-10-08,19582.0,6992.7998046875
2020-10-09,19595.0,6950.89990234375
2020-10-12,19719.0,6951.0
2020-10-13,19559.0,6875.2001953125
2020-10-14,19608.0,6916.60009765625
2020-10-15,19065.0,6816.7998046875
2020-10-16,19390.0,6849.7001953125
2020-10-19,19374.0,6860.2001953125
2020-10-20,19482.0,6927.2998046875
2020-10-21,19086.0,6811.5
2020-10-22,19077.0,6796.60009765625
2020-10-23,19285.0,6893.39990234375
2020-10-26,18945.0,6796.89990234375
2020-10-27,18655.0,6651.2998046875
2020-10-28,17898.0,6474.39990234375
2020-10-29,17872.0,6411.7998046875
2020-10-30,17943.0,6452.2001953125
2020-11-02,18400.0,6585.60009765625
2020-11-03,18986.0,6751.60009765625
2020-11-04,19358.0,6781.89990234375
2020-11-05,19731.0,6924.2001953125
2020-11-06,19682.0,6870.39990234375
2020-11-09,20750.0,7459.39990234375
2020-11-10,20852.0,7711.39990234375
2020-11-11,20993.0,7793.7001953125
2020-11-12,20818.0,7726.0
2020-11-13,20904.0,7783.7001953125
2020-11-16,21317.0,7986.2001953125
2020-11-17,21435.0,7934.2998046875
2020-11-18,21623.0,7981.5
2020-11-19,21536.0,7930.2001953125
2020-11-20,21707.0,7977.89990234375
2020-11-23,21702.0,7981.2001953125
2020-11-24,22145.0,8143.2001953125
2020-11-25,22304.0,8164.7001953125
2020-11-26,22201.0,8104.60009765625
2020-11-27,22352.0,8190.7001953125
2020-11-30,22061.0,8076.89990234375
2020-12-01,22100.0,8140.7998046875
2020-12-02,21972.0,8220.7998046875
2020-12-03,22007.0,8200.7001953125
2020-12-04,22179.0,8322.900390625
2020-12-07,22107.0,8275.599609375
2020-12-08,22053.0,8227.599609375
2020-12-09,21970.0,8235.2998046875
2020-12-10,21916.0,8182.2998046875
2020-12-11,21702.0,8063.10009765625
2020-12-14,21760.0,8140.7998046875
2020-12-15,21935.0,8152.39990234375
2020-12-16,21987.0,8139.5
2020-12-17,22012.0,8153.39990234375
2020-12-18,21976.0,8037.39990234375
2020-12-21,21411.0,7789.7998046875
2020-12-22,21844.0,7934.2001953125
2020-12-23,22130.0,8073.60009765625
2020-12-24,22130.0,8111.5
2020-12-25,22130.0,8111.5
2020-12-28,22289.0,8155.60009765625
2020-12-29,22259.0,8174.7998046875
2020-12-30,22233.0,8154.39990234375
2020-12-31,22233.0,8073.7001953125
2021-01-01,22233.0,8073.7001953125
2021-01-04,22316.0,8099.2001953125
2021-01-05,22201.0,8091.5
2021-01-06,22734.0,8350.2998046875
2021-01-07,22746.0,8385.7998046875
2021-01-08,22794.0,8407.7001953125
2021-01-11,22722.0,8357.5
2021-01-12,22646.0,8345.900390625
2021-01-13,22744.0,8361.099609375
2021-01-14,22638.0,8372.400390625
2021-01-15,22381.0,8230.7001953125
2021-01-18,22499.0,8254.5
2021-01-19,22442.0,8199.0
2021-01-20,22651.0,8204.099609375
2021-01-21,22429.0,8122.10009765625
2021-01-22,22088.0,8036.39990234375
2021-01-25,21736.0,7897.2998046875
2021-01-26,21987.0,7964.89990234375
2021-01-27,21663.0,7852.7001953125
2021-01-28,21917.0,7932.5
2021-01-29,21573.0,7757.5
2021-02-01,21826.0,7798.2001953125
2021-02-02,22067.0,7950.89990234375
2021-02-03,22528.0,8012.7998046875
2021-02-04,22901.0,8122.60009765625
2021-02-05,23083.0,8214.7001953125
2021-02-08,23426.0,8219.0
2021-02-09,23300.0,8101.0
2021-02-10,23265.0,8065.39990234375
2021-02-11,23307.0,8037.60009765625
2021-02-12,23411.0,8055.0
2021-02-15,23604.0,8203.5
2021-02-16,23441.0,8153.7001953125
2021-02-17,23179.0,8122.7001953125
2021-02-18,22922.0,8058.10009765625
2021-02-19,23136.0,8151.60009765625
2021-02-22,23009.0,8112.2001953125
2021-02-23,22939.0,8252.099609375
2021-02-24,23098.0,8269.599609375
2021-02-25,23064.0,8317.7998046875
2021-02-26,22849.0,8225.0
2021-03-01,23265.0,8378.099609375
2021-03-02,23084.0,8355.7998046875
2021-03-03,23047.0,8329.2998046875
2021-03-04,23093.0,8354.0
2021-03-05,22966.0,8286.7998046875
2021-03-08,23682.0,8444.2001953125
2021-03-09,23817.0,8496.400390625
2021-03-10,23926.0,8525.2001953125
2021-03-11,24121.0,8593.0
2021-03-12,24113.0,8644.5
2021-03-15,24139.0,8635.400390625
2021-03-16,24261.0,8657.7001953125
2021-03-17,24281.0,8599.5
2021-03-18,24360.0,8624.599609375
2021-03-19,24199.0,8493.0
2021-03-22,24263.0,8343.5
2021-03-23,24114.0,8390.2998046875
2021-03-24,24209.0,8443.7001953125
2021-03-25,24219.0,8409.5
2021-03-26,24393.0,8498.2001953125
2021-03-29,24421.0,8492.099609375
2021-03-30,24636.0,8595.2001953125
2021-03-31,24649.0,8580.0
2021-04-01,24710.0,8577.599609375
2021-04-02,24710.0,8577.599609375
2021-04-05,24710.0,8577.599609375
2021-04-06,24761.0,8634.599609375
2021-04-07,24741.0,8597.400390625
2021-04-08,24577.0,8637.7998046875
2021-04-09,24429.0,8565.7998046875
2021-04-12,24457.0,8532.599609375
2021-04-13,24600.0,8525.099609375
2021-04-14,24575.0,8588.400390625
2021-04-15,24529.0,8571.599609375
2021-04-16,24744.0,8613.5
2021-04-19,24691.0,8711.400390625
2021-04-20,24089.0,8459.400390625
2021-04-21,24161.0,8519.7998046875
2021-04-22,24398.0,8656.7998046875
2021-04-23,24386.0,8618.599609375
2021-04-26,24514.0,8701.900390625
2021-04-27,24473.0,8756.7001953125
2021-04-28,24460.0,8799.599609375
2021-04-29,24278.0,8823.2001953125
2021-04-30,24141.0,8815.0
2021-05-03,24420.0,8893.7001953125
2021-05-04,23978.0,8830.400390625
2021-05-05,24464.0,8967.7998046875
2021-05-06,24495.0,8982.2001953125
2021-05-07,24612.0,9059.2001953125
2021-05-10,24803.0,9144.2998046875
2021-05-11,24396.0,8987.2001953125
2021-05-12,24453.0,9007.7001953125
2021-05-13,24486.0,8966.2001953125
2021-05-14,24766.0,9145.599609375
2021-05-17,24863.0,9155.599609375
2021-05-18,24880.0,9183.900390625
2021-05-19,24487.0,9070.7001953125
2021-05-20,24702.0,9124.2998046875
2021-05-21,24975.0,9204.0
2021-05-24,24891.0,9205.5
2021-05-25,24893.0,9208.7001953125
2021-05-26,24778.0,9196.900390625
2021-05-27,25056.0,9186.099609375
2021-05-28,25169.0,9224.599609375
2021-05-31,25171.0,9148.900390625
2021-06-01,25322.0,9189.7001953125
2021-06-02,25380.0,9180.7001953125
2021-06-03,25452.0,9142.400390625
2021-06-04,25570.0,9088.2998046875
2021-06-07,25825.0,9163.599609375
2021-06-08,25809.0,9153.599609375
2021-06-09,25742.0,9156.099609375
2021-06-10,25638.0,9133.7998046875
2021-06-11,25717.0,9205.0
2021-06-14,25758.0,9281.099609375
2021-06-15,25737.0,9230.7001953125
2021-06-16,25768.0,9202.2001953125
2021-06-17,25714.0,9195.900390625
2021-06-18,25218.0,9030.599609375
2021-06-21,25398.0,9051.7001953125
2021-06-22,25316.0,9053.2998046875
2021-06-23,25077.0,8954.099609375
2021-06-24,25422.0,9074.099609375
2021-06-25,25511.0,9095.0
2021-06-28,25227.0,8913.7001953125
2021-06-29,25357.0,8915.099609375
2021-06-30,25102.0,8821.2001953125
2021-07-01,25286.0,8932.2998046875
2021-07-02,25282.0,8907.599609375
2021-07-05,25441.0,8946.400390625
2021-07-06,25228.0,8860.7998046875
2021-07-07,25285.0,8854.5
2021-07-08,24641.0,8650.099609375
2021-07-09,25052.0,8776.599609375
2021-07-12,25283.0,8816.7001953125
2021-07-13,25157.0,8694.7998046875
2021-07-14,25194.0,8658.2998046875
2021-07-15,24876.0,8527.0
2021-07-16,24793.0,8506.2001953125
2021-07-19,23966.0,8301.7001953125
2021-07-20,24107.0,8358.0
2021-07-21,24676.0,8567.0
2021-07-22,24805.0,8621.7998046875
2021-07-23,25125.0,8717.2001953125
2021-07-26,25296.0,8775.2001953125
2021-07-27,25087.0,8699.2001953125
2021-07-28,25262.0,8733.7001953125
2021-07-29,25516.0,8786.2998046875
2021-07-30,25363.0,8675.7001953125
2021-08-02,25352.0,8758.7001953125
2021-08-03,25356.0,8772.7998046875
2021-08-04,25490.0,8792.900390625
2021-08-05,25666.0,8836.5
2021-08-06,26000.0,8879.0
2021-08-09,26139.0,8865.900390625
2021-08-10,26201.0,8899.0
2021-08-11,26457.0,8975.7998046875
2021-08-12,26558.0,8979.400390625
2021-08-13,26653.0,8999.7998046875
2021-08-16,26449.0,8926.599609375
2021-08-17,26225.0,8865.7001953125
2021-08-18,26357.0,8970.2001953125
2021-08-19,25929.0,8902.2001953125
2021-08-20,25918.0,8915.2998046875
2021-08-23,26046.0,8968.099609375
2021-08-24,26028.0,8948.599609375
2021-08-25,26060.0,8977.400390625
2021-08-26,25862.0,8892.7001953125
2021-08-27,26007.0,8922.2001953125
2021-08-30,26024.0,8867.900390625
2021-08-31,26009.0,8846.599609375
2021-09-01,26182.0,8991.5
2021-09-02,26233.0,8981.400390625
2021-09-03,26065.0,8864.0
2021-09-06,26263.0,8882.2998046875
2021-09-07,26074.0,8894.5
2021-09-08,25877.0,8838.7001953125
2021-09-09,25910.0,8800.599609375
2021-09-10,25686.0,8695.2998046875
2021-09-13,25926.0,8816.099609375
2021-09-14,26027.0,8780.0
2021-09-15,25762.0,8635.400390625
2021-09-16,25964.0,8733.7001953125
2021-09-17,25710.0,8760.900390625
2021-09-20,25048.0,8655.400390625
2021-09-21,25353.0,8756.0
2021-09-22,25717.0,8808.400390625
2021-09-23,26081.0,8876.900390625
2021-09-24,25969.0,8873.099609375
2021-09-27,26132.0,9002.900390625
2021-09-28,25573.0,8769.400390625
2021-09-29,25737.0,8879.400390625
2021-09-30,25684.0,8796.2998046875
2021-10-01,25615.0,8799.5
2021-10-04,25461.0,8791.7001953125
2021-10-05,25956.0,8927.400390625
2021-10-06,25606.0,8775.0
2021-10-07,25992.0,8962.7998046875
2021-10-08,26051.0,8955.0
2021-10-11,25930.0,8899.0
2021-10-12,25990.0,8935.900390625
2021-10-13,25959.0,8881.400390625
2021-10-14,26278.0,8925.0
2021-10-15,26489.0,8997.0
2021-10-18,26269.0,8936.0
2021-10-19,26333.0,8996.2998046875
2021-10-20,26582.0,9017.900390625
2021-10-21,26525.0,8944.2998046875
2021-10-22,26572.0,8906.400390625
2021-10-25,26816.0,8920.900390625
2021-10-26,26971.0,9001.599609375
2021-10-27,26806.0,8972.2998046875
2021-10-28,26890.0,9025.7998046875
2021-10-29,26876.0,9057.7001953125
2021-11-01,27206.0,9182.599609375
2021-11-02,27190.0,9105.7001953125
2021-11-03,27378.0,9030.7998046875
2021-11-04,27522.0,9039.400390625
2021-11-05,27796.0,9130.599609375
2021-11-08,27711.0,9070.7998046875
2021-11-09,27441.0,9074.900390625
2021-11-10,27561.0,9141.7998046875
2021-11-11,27633.0,9092.2001953125
2021-11-12,27732.0,9080.7998046875
2021-11-15,27868.0,9095.7001953125
2021-11-16,27805.0,9040.2001953125
2021-11-17,27825.0,8993.400390625
2021-11-18,27662.0,8903.2001953125
2021-11-19,27337.0,8753.2001953125
2021-11-22,27383.0,8821.2998046875
2021-11-23,26939.0,8815.099609375
2021-11-24,27109.0,8792.0
2021-11-25,27099.0,8840.900390625
2021-11-26,25853.0,8402.7001953125
2021-11-29,26042.0,8455.2001953125
2021-11-30,25814.0,8305.099609375
2021-12-01,26372.0,8452.599609375
2021-12-02,26005.0,8300.7998046875
2021-12-03,25939.0,8241.7001953125
2021-12-06,26498.0,8439.7001953125
2021-12-07,27138.0,8559.5
2021-12-08,26752.0,8478.400390625
2021-12-09,26817.0,8399.599609375
2021-12-10,26722.0,8360.2001953125
2021-12-13,26551.0,8322.7001953125
2021-12-14,26557.0,8378.5
2021-12-15,26666.0,8275.0
2021-12-16,26782.0,8380.0
2021-12-17,26611.0,8311.599609375
2021-12-20,26178.0,8242.400390625
2021-12-21,26653.0,8387.5
2021-12-22,26828.0,8459.099609375
2021-12-23,27016.0,8563.7001953125
2021-12-24,27016.0,8563.7001953125
2021-12-27,27231.0,8622.099609375
2021-12-28,27445.0,8688.900390625
2021-12-29,27344.0,8673.7001953125
2021-12-30,27347.0,8713.7998046875
2021-12-31,27347.0,8713.7998046875
2022-01-03,27730.0,8761.2001953125
2022-01-04,27955.0,8795.7998046875
2022-01-05,28163.0,8790.7998046875
2022-01-06,27656.0,8789.900390625
2022-01-07,27618.0,8751.7998046875
2022-01-10,27354.0,8706.900390625
2022-01-11,27535.0,8755.900390625
2022-01-12,27714.0,8770.2998046875
2022-01-13,27844.0,8816.900390625
2022-01-14,27544.0,8806.599609375
2022-01-17,27689.0,8838.7001953125
2022-01-18,27483.0,8781.599609375
2022-01-19,27371.0,8774.900390625
2022-01-20,27570.0,8814.599609375
2022-01-21,27061.0,8694.7001953125
2022-01-24,25973.0,8417.7998046875
2022-01-25,26029.0,8479.5
2022-01-26,26619.0,8620.2001953125
2022-01-27,26882.0,8706.0
2022-01-28,26565.0,8609.7998046875
2022-01-31,26814.0,8612.7998046875
2022-02-01,27225.0,8726.7001953125
2022-02-02,27389.0,8713.2001953125
2022-02-03,27089.0,8689.400390625
2022-02-04,26604.0,8589.2998046875
2022-02-07,26329.0,8558.400390625
2022-02-08,26412.0,8674.599609375
2022-02-09,27129.0,8846.400390625
2022-02-10,27190.0,8886.2001953125
2022-02-11,26966.0,8798.099609375
2022-02-14,26415.0,8573.7998046875
2022-02-15,26968.0,8718.0
2022-02-16,26969.0,8737.2001953125
2022-02-17,26669.0,8671.099609375
2022-02-18,26507.0,8590.0
2022-02-21,26050.0,8488.900390625
2022-02-22,26044.0,8493.2001953125
2022-02-23,25955.0,8440.099609375
2022-02-24,24878.0,8198.5
2022-02-25,25773.0,8486.599609375
2022-02-28,25416.0,8479.2001953125
2022-03-01,24364.0,8188.2001953125
2022-03-02,24534.0,8321.0
2022-03-03,23959.0,8011.39990234375
2022-03-04,22465.0,7720.89990234375
2022-03-07,22160.0,7644.60009765625
2022-03-08,22336.0,7783.39990234375
2022-03-09,23889.0,8163.10009765625
2022-03-10,22887.0,8069.2998046875
2022-03-11,23041.0,8142.10009765625
2022-03-14,23427.0,8234.400390625
2022-03-15,23500.0,8236.099609375
2022-03-16,24285.0,8380.400390625
2022-03-17,24124.0,8412.0
2022-03-18,24222.0,8417.599609375
2022-03-21,24295.0,8389.2001953125
2022-03-22,24534.0,8487.2001953125
2022-03-23,24299.0,8328.400390625
2022-03-24,24401.0,8305.099609375
2022-03-25,24559.0,8330.599609375
2022-03-28,24713.0,8365.599609375
2022-03-29,25308.0,8614.599609375
2022-03-30,25300.0,8550.599609375
2022-03-31,25021.0,8445.099609375
2022-04-01,25163.0,8503.7001953125
2022-04-04,25176.0,8520.7998046875
2022-04-05,24960.0,8623.2998046875
2022-04-06,24447.0,8482.099609375
2022-04-07,24303.0,8467.400390625
2022-04-08,24819.0,8606.400390625
2022-04-11,24749.0,8585.0
2022-04-12,24667.0,8578.0
2022-04-13,24722.0,8617.7998046875
2022-04-14,24862.0,8699.0
2022-04-15,24862.0,8699.0
2022-04-18,24862.0,8699.0
2022-04-19,24624.0,8694.0
2022-04-20,24878.0,8769.5
2022-04-21,24806.0,8814.599609375
2022-04-22,24280.0,8652.2998046875
2022-04-25,23909.0,8574.599609375
2022-04-26,23682.0,8439.2998046875
2022-04-27,23830.0,8477.7001953125
2022-04-28,24056.0,8512.2001953125
2022-04-29,24252.0,8584.2001953125
2022-05-02,23857.0,8436.0
2022-05-03,24242.0,8590.2001953125
2022-05-04,23902.0,8500.5
2022-05-05,23760.0,8434.7001953125
2022-05-06,23476.0,8322.0
2022-05-09,22833.0,8139.2001953125
2022-05-10,23070.0,8139.2001953125
2022-05-11,23724.0,8312.599609375
2022-05-12,23566.0,8200.400390625
2022-05-13,24048.0,8338.099609375
2022-05-16,24033.0,8353.7001953125
2022-05-17,24302.0,8475.7001953125
2022-05-18,24086.0,8476.400390625
2022-05-19,24065.0,8406.0
2022-05-20,24095.0,8484.5
2022-05-23,24137.0,8625.7998046875
2022-05-24,23876.0,8631.2001953125
2022-05-25,24250.0,8760.2001953125
2022-05-26,24547.0,8888.7998046875
2022-05-27,24636.0,8933.599609375
2022-05-30,24809.0,8930.7998046875
2022-05-31,24505.0,8851.5
2022-06-01,24284.0,8747.2001953125
2022-06-02,24427.0,8744.099609375
2022-06-03,24167.0,8724.7998046875
2022-06-06,24566.0,8836.2998046875
2022-06-07,24366.0,8841.599609375
2022-06-08,24237.0,8842.7001953125
2022-06-09,23777.0,8711.2001953125
2022-06-10,22547.0,8390.599609375
2022-06-13,21918.0,8183.2998046875
2022-06-14,21847.0,8066.39990234375
2022-06-15,22474.0,8174.7001953125
2022-06-16,21727.0,8078.10009765625
2022-06-17,21789.0,8145.89990234375
2022-06-20,22004.0,8286.0
2022-06-21,22089.0,8235.599609375
2022-06-22,21789.0,8145.39990234375
2022-06-23,21615.0,8106.39990234375
2022-06-24,22119.0,8244.099609375
2022-06-27,21929.0,8242.599609375
2022-06-28,22101.0,8317.5
2022-06-29,21834.0,8188.0
2022-06-30,21294.0,8098.7001953125
2022-07-01,21355.0,8176.10009765625
2022-07-04,21344.0,8161.7998046875
2022-07-05,20705.0,7959.39990234375
2022-07-06,20921.0,7948.60009765625
2022-07-07,21558.0,8122.5
2022-07-08,21774.0,8100.2998046875
2022-07-11,21568.0,8065.2001953125
2022-07-12,21486.0,8014.7998046875
2022-07-13,21286.0,7944.89990234375
2022-07-14,20554.0,7804.2998046875
2022-07-15,20933.0,7945.89990234375
2022-07-18,21169.0,7963.10009765625
2022-07-19,21696.0,8125.10009765625
2022-07-20,21348.0,8028.89990234375
2022-07-21,21197.0,8012.7001953125
2022-07-22,21212.0,8051.60009765625
2022-07-25,21383.0,8085.60009765625
2022-07-26,21160.0,8069.60009765625
2022-07-27,21481.0,8124.39990234375
2022-07-28,21932.0,8084.89990234375
2022-07-29,22405.0,8156.2001953125
2022-08-01,22429.0,8085.10009765625
2022-08-02,22351.0,8096.89990234375
2022-08-03,22575.0,8142.10009765625
2022-08-04,22646.0,8161.10009765625
2022-08-05,22587.0,8168.0
2022-08-08,22728.0,8272.5
2022-08-09,22488.0,8311.900390625
2022-08-10,22702.0,8352.7998046875
2022-08-11,22858.0,8380.0
2022-08-12,22971.0,8400.400390625
2022-08-15,22971.0,8427.0
2022-08-16,22998.0,8511.900390625
2022-08-17,22758.0,8434.7998046875
2022-08-18,22986.0,8430.2998046875
2022-08-19,22535.0,8338.099609375
2022-08-22,22166.0,8284.7998046875
2022-08-23,22380.0,8226.2998046875
2022-08-24,22431.0,8199.400390625
2022-08-25,22454.0,8187.5
2022-08-26,21895.0,8063.89990234375
2022-08-29,21842.0,7989.60009765625
2022-08-30,21825.0,7979.7998046875
2022-08-31,21559.0,7886.10009765625
2022-09-01,21302.0,7806.0
2022-09-02,21921.0,7932.2001953125
2022-09-05,21480.0,7862.7001953125
2022-09-06,21481.0,7842.2001953125
2022-09-07,21489.0,7855.89990234375
2022-09-08,21678.0,7916.7998046875
2022-09-09,22095.0,8033.10009765625
2022-09-12,22610.0,8194.2998046875
2022-09-13,22304.0,8064.0
2022-09-14,22413.0,8055.60009765625
2022-09-15,22366.0,8085.5
2022-09-16,22111.0,7984.7001953125
2022-09-19,22141.0,7993.2001953125
2022-09-20,21774.0,7873.10009765625
2022-09-21,22036.0,7872.2001953125
2022-09-22,21799.0,7774.7001953125
2022-09-23,21067.0,7583.5
2022-09-26,21207.0,7508.5
2022-09-27,20961.0,7445.7001953125
2022-09-28,20853.0,7442.2001953125
2022-09-29,20353.0,7300.10009765625
2022-09-30,20649.0,7366.7998046875
2022-10-03,20973.0,7462.0
2022-10-04,21691.0,7696.60009765625
2022-10-05,21361.0,7579.89990234375
2022-10-06,21141.0,7511.10009765625
2022-10-07,20902.0,7436.89990234375
2022-10-10,20913.0,7413.5
2022-10-11,20731.0,7355.89990234375
2022-10-12,20467.0,7261.10009765625
2022-10-13,20786.0,7348.7998046875
2022-10-14,20931.0,7382.5
2022-10-17,21320.0,7557.10009765625
2022-10-18,21519.0,7611.2998046875
2022-10-19,21472.0,7583.60009765625
2022-10-20,21702.0,7644.39990234375
2022-10-21,21568.0,7545.60009765625
2022-10-24,21983.0,7680.5
2022-10-25,22290.0,7794.89990234375
2022-10-26,22390.0,7870.60009765625
2022-10-27,22590.0,7921.10009765625
2022-10-28,22529.0,7916.5
2022-10-31,22652.0,7956.5
2022-11-01,22796.0,7999.0
2022-11-02,22803.0,7968.60009765625
2022-11-03,22706.0,7868.89990234375
2022-11-04,23282.0,7942.7001953125
2022-11-07,23493.0,7962.2998046875
2022-11-08,23694.0,7998.89990234375
2022-11-09,23780.0,8040.39990234375
2022-11-10,24394.0,8133.2001953125
2022-11-11,24456.0,8133.2001953125
2022-11-14,24597.0,8166.5
2022-11-15,24700.0,8188.39990234375
2022-11-16,24531.0,8101.39990234375
2022-11-17,24340.0,8040.7001953125
2022-11-18,24675.0,8127.7998046875
2022-11-21,24356.0,8188.39990234375
2022-11-22,24591.0,8325.0
2022-11-23,24581.0,8331.2001953125
2022-11-24,24731.0,8388.099609375
2022-11-25,24719.0,8416.599609375
2022-11-28,24441.0,8323.2001953125
2022-11-29,24466.0,8322.099609375
2022-11-30,24610.0,8363.2001953125
2022-12-01,24686.0,8407.900390625
2022-12-02,24622.0,8382.599609375
2022-12-05,24548.0,8370.099609375
2022-12-06,24265.0,8331.900390625
2022-12-07,24241.0,8290.5
2022-12-08,24207.0,8225.2001953125
2022-12-09,24277.0,8289.2001953125
2022-12-12,24304.0,8258.900390625
2022-12-13,24637.0,8327.7001953125
2022-12-14,24574.0,8360.599609375
2022-12-15,23726.0,8218.7998046875
2022-12-16,23688.0,8112.5
2022-12-19,23684.0,8136.7998046875
2022-12-20,23718.0,8185.2001953125
2022-12-21,24112.0,8302.2998046875
2022-12-22,23813.0,8272.099609375
2022-12-23,23878.0,8269.099609375
2022-12-26,23878.0,8269.099609375
2022-12-27,23856.0,8270.099609375
2022-12-28,23770.0,8258.5
2022-12-29,24057.0,8318.2998046875
2022-12-30,23707.0,8229.099609375
2023-01-02,24158.0,8369.7001953125
2023-01-03,24436.0,8397.400390625
2023-01-04,24861.0,8559.7998046875
2023-01-05,24833.0,8607.599609375
2023-01-06,25180.0,8701.099609375
2023-01-09,25385.0,8694.900390625
2023-01-10,25365.0,8712.7001953125
2023-01-11,25547.0,8726.2998046875
2023-01-12,25734.0,8828.099609375
2023-01-13,25783.0,8881.7001953125
2023-01-16,25901.0,8871.099609375
2023-01-17,25981.0,8890.400390625
2023-01-18,26052.0,8933.2998046875
2023-01-19,25596.0,8793.099609375
2023-01-20,25776.0,8918.2001953125
2023-01-23,25821.0,8944.099609375
2023-01-24,25884.0,8967.099609375
2023-01-25,25875.0,8957.5
2023-01-26,26218.0,9035.599609375
2023-01-27,26436.0,9060.2001953125
2023-01-30,26336.0,9049.2998046875
2023-01-31,26600.0,9034.0
2023-02-01,26704.0,9098.099609375
2023-02-02,27101.0,9229.7001953125
2023-02-03,26951.0,9225.599609375
2023-02-06,27022.0,9159.2001953125
2023-02-07,27119.0,9172.400390625
2023-02-08,27161.0,9227.2998046875
2023-02-09,27504.0,9243.5
2023-02-10,27268.0,9117.400390625
2023-02-13,27439.0,9210.2998046875
2023-02-14,27498.0,9263.2001953125
2023-02-15,27534.0,9294.7998046875
2023-02-16,27854.0,9327.2998046875
2023-02-17,27751.0,9333.0
2023-02-20,27597.0,9281.2998046875
2023-02-21,27409.0,9252.099609375
2023-02-22,27102.0,9172.7001953125
2023-02-23,27278.0,9231.599609375
2023-02-24,26986.0,9201.5
2023-02-27,27444.0,9314.2998046875
2023-02-28,27478.0,9394.599609375
2023-03-01,27315.0,9322.900390625
2023-03-02,27398.0,9327.2998046875
2023-03-03,27825.0,9464.2001953125
2023-03-06,27949.0,9511.0
2023-03-07,27762.0,9411.099609375
2023-03-08,27912.0,9466.099609375
2023-03-09,27711.0,9423.2001953125
2023-03-10,27282.0,9285.0
2023-03-13,26184.0,8958.900390625
2023-03-14,26801.0,9159.0
2023-03-15,25566.0,8759.099609375
2023-03-16,25919.0,8890.2001953125
2023-03-17,25495.0,8719.2998046875
2023-03-20,25900.0,8833.099609375
2023-03-21,26554.0,9049.400390625
2023-03-22,26523.0,9009.2998046875
2023-03-23,26482.0,8970.0
2023-03-24,25892.0,8792.5
2023-03-27,26207.0,8906.099609375
2023-03-28,26329.0,8944.2998046875
2023-03-29,26739.0,9070.7001953125
2023-03-30,27021.0,9207.099609375
2023-03-31,27114.0,9232.5
2023-04-03,27179.0,9157.400390625
2023-04-04,27027.0,9183.2001953125
2023-04-05,26867.0,9254.599609375
2023-04-06,27214.0,9312.2998046875
2023-04-07,27214.0,9312.2998046875
2023-04-10,27214.0,9312.2998046875
2023-04-11,27526.0,9237.7001953125
2023-04-12,27629.0,9278.7001953125
2023-04-13,27627.0,9310.0
2023-04-14,27872.0,9362.900390625
2023-04-17,27700.0,9378.5
2023-04-18,27891.0,9421.900390625
2023-04-19,27934.0,9494.7998046875
2023-04-20,27627.0,9450.900390625
2023-04-21,27746.0,9415.599609375
2023-04-24,27537.0,9406.400390625
2023-04-25,27253.0,9290.2998046875
2023-04-26,27108.0,9293.7001953125
2023-04-27,27158.0,9314.599609375
2023-04-28,27077.0,9241.0
2023-05-01,27077.0,9241.0
2023-05-02,26630.0,9082.0
2023-05-03,26835.0,9076.7001953125
2023-05-04,26670.0,9043.599609375
2023-05-05,27349.0,9147.2998046875
2023-05-08,27426.0,9211.2998046875
2023-05-09,27384.0,9183.2001953125
2023-05-10,27265.0,9167.7001953125
2023-05-11,27099.0,9182.7998046875
2023-05-12,27347.0,9234.099609375
2023-05-15,27245.0,9201.5
2023-05-16,27199.0,9191.400390625
2023-05-17,27196.0,9211.599609375
2023-05-18,27236.0,9213.099609375
2023-05-19,27520.0,9251.5
2023-05-22,27311.0,9305.0
2023-05-23,27175.0,9267.0
2023-05-24,26525.0,9163.5
2023-05-25,26408.0,9116.099609375
2023-05-26,26713.0,9191.099609375
2023-05-29,26617.0,9180.099609375
2023-05-30,26576.0,9167.5
2023-05-31,26051.0,9050.2001953125
2023-06-01,26576.0,9167.5
2023-06-02,27068.0,9317.2998046875
2023-06-05,26857.0,9289.099609375
2023-06-06,27037.0,9310.7998046875
2023-06-07,27056.0,9359.7998046875
2023-06-08,27275.0,9338.2998046875
2023-06-09,27162.0,9309.7001953125
2023-06-12,27410.0,9344.400390625
2023-06-13,27566.0,9333.7001953125
2023-06-14,27809.0,9432.7998046875
2023-06-15,27732.0,9430.7998046875
2023-06-16,27862.0,9495.0
2023-06-19,27754.0,9431.900390625
2023-06-20,27576.0,9439.7998046875
2023-06-21,27609.0,9436.400390625
2023-06-22,27410.0,9364.7001953125
2023-06-23,27210.0,9265.7998046875
2023-06-26,27243.0,9274.0
2023-06-27,27401.0,9393.0
2023-06-28,27637.0,9481.2998046875
2023-06-29,27928.0,9510.599609375
2023-06-30,28231.0,9593.0
2023-07-03,28447.0,9644.7998046875
2023-07-04,28387.0,9588.400390625
2023-07-05,28220.0,9486.2998046875
2023-07-06,27507.0,9285.0
2023-07-07,27778.0,9248.7998046875
2023-07-10,27872.0,9252.900390625
2023-07-11,28062.0,9331.099609375
2023-07-12,28552.0,9453.7001953125
2023-07-13,28775.0,9478.7001953125
2023-07-14,28663.0,9438.2998046875
2023-07-17,28609.0,9438.0
2023-07-18,28707.0,9455.7001953125
2023-07-19,28712.0,9451.7998046875
2023-07-20,28816.0,9519.599609375
2023-07-21,28855.0,9571.5
2023-07-24,28908.0,9543.5
2023-07-25,28966.0,9519.2001953125
2023-07-26,28980.0,9600.5
2023-07-27,29598.0,9694.7001953125
2023-07-28,29500.0,9685.099609375
2023-07-31,29645.0,9641.5
2023-08-01,29356.0,9502.900390625
2023-08-02,28975.0,9328.7001953125
2023-08-03,28703.0,9307.099609375
2023-08-04,28586.0,9368.400390625
2023-08-07,28548.0,9358.599609375
2023-08-08,27942.0,9301.7998046875
2023-08-09,28308.0,9354.400390625
2023-08-10,28575.0,9502.2001953125
2023-08-11,28275.0,9434.2998046875
2023-08-14,28435.0,9429.599609375
2023-08-15,28435.0,9347.5
2023-08-16,28170.0,9350.5
2023-08-17,27879.0,9278.0
2023-08-18,27762.0,9267.7001953125
2023-08-21,27987.0,9262.7998046875
2023-08-22,28165.0,9314.0
2023-08-23,28234.0,9315.599609375
2023-08-24,28072.0,9324.7001953125
2023-08-25,28208.0,9338.900390625
2023-08-28,28545.0,9490.099609375
2023-08-29,28890.0,9581.2001953125
2023-08-30,28917.0,9551.099609375
2023-08-31,28832.0,9505.900390625
2023-09-01,28650.0,9449.599609375
2023-09-04,28647.0,9416.2998046875
2023-09-05,28652.0,9392.0
2023-09-06,28211.0,9314.400390625
2023-09-07,28156.0,9310.0
2023-09-08,28233.0,9364.599609375
2023-09-11,28525.0,9435.2001953125
2023-09-12,28585.0,9455.400390625
2023-09-13,28482.0,9424.099609375
2023-09-14,28873.0,9549.0
2023-09-15,28895.0,9549.7001953125
2023-09-18,28586.0,9482.099609375
2023-09-19,28758.0,9527.2001953125
2023-09-20,29229.0,9645.7998046875
2023-09-21,28709.0,9548.900390625
2023-09-22,28576.0,9502.0
2023-09-25,28382.0,9386.0
2023-09-26,28099.0,9366.900390625
2023-09-27,28012.0,9331.900390625
2023-09-28,28163.0,9426.7998046875
2023-09-29,28243.0,9428.0
2023-10-02,27850.0,9319.0
2023-10-03,27482.0,9165.5
2023-10-04,27436.0,9102.900390625
2023-10-05,27491.0,9157.7001953125
2023-10-06,27811.0,9235.7998046875
2023-10-09,27682.0,9151.2998046875
2023-10-10,28318.0,9352.099609375
2023-10-11,28419.0,9360.400390625
2023-10-12,28493.0,9336.0
2023-10-13,28237.0,9232.900390625
2023-10-16,28392.0,9287.099609375
2023-10-17,28367.0,9298.5
2023-10-18,28136.0,9212.7001953125
2023-10-19,27747.0,9146.7998046875
2023-10-20,27357.0,9029.099609375
2023-10-23,27559.0,8995.5
2023-10-24,27573.0,8975.7998046875
2023-10-25,27429.0,8984.7998046875
2023-10-26,27508.0,8962.7998046875
2023-10-27,27287.0,8918.2998046875
2023-10-30,27340.0,9013.900390625
2023-10-31,27742.0,9017.2998046875
2023-11-01,27985.0,9075.0
2023-11-02,28479.0,9260.400390625
2023-11-03,28675.0,9293.900390625
2023-11-06,28593.0,9241.5
2023-11-07,28396.0,9235.900390625
2023-11-08,28433.0,9283.7998046875
2023-11-09,28644.0,9405.2001953125
2023-11-10,28504.0,9371.7001953125
2023-11-13,28925.0,9461.7001953125
2023-11-14,29344.0,9623.2998046875
2023-11-15,29467.0,9640.7001953125
2023-11-16,29258.0,9667.400390625
2023-11-17,29498.0,9761.400390625
2023-11-20,29542.0,9839.0
2023-11-21,29153.0,9827.5
2023-11-22,29155.0,9887.400390625
2023-11-23,29236.0,9905.5
2023-11-24,29432.0,9939.0
2023-11-27,29342.0,9936.099609375
2023-11-28,29377.0,10003.400390625
2023-11-29,29688.0,10062.599609375
2023-11-30,29737.0,10058.2001953125
2023-12-01,29928.0,10140.7998046875
2023-12-04,29914.0,10178.2998046875
2023-12-05,30083.0,10238.400390625
2023-12-06,30326.0,10258.099609375
2023-12-07,30122.0,10146.0
2023-12-08,30404.0,10223.400390625
2023-12-11,30427.0,10198.0
2023-12-12,30342.0,10118.7001953125
2023-12-13,30296.0,10096.099609375
2023-12-14,30359.0,10171.7001953125
2023-12-15,30374.0,10095.599609375
2023-12-18,30241.0,10054.900390625
2023-12-19,30364.0,10106.7001953125
2023-12-20,30361.0,10101.0
2023-12-21,30274.0,10104.2998046875
2023-12-22,30353.0,10111.900390625
2023-12-25,30353.0,10111.900390625
2023-12-26,30353.0,10111.900390625
2023-12-27,30422.0,10121.7998046875
2023-12-28,30331.0,10086.2001953125
2023-12-29,30352.0,10102.099609375
2024-01-01,30352.0,10102.099609375
2024-01-02,30525.0,10182.099609375
2024-01-03,30101.0,10053.400390625
2024-01-04,30404.0,10182.400390625
2024-01-05,30441.0,10164.5
2024-01-08,30570.0,10209.0
2024-01-09,30409.0,10060.2998046875
2024-01-10,30451.0,10067.099609375
2024-01-11,30249.0,10004.900390625
2024-01-12,30471.0,10094.7998046875
2024-01-15,30328.0,10076.900390625
2024-01-16,30338.0,9994.099609375
2024-01-17,30099.0,9867.7998046875
2024-01-18,30351.0,9880.2998046875
2024-01-19,30284.0,9858.2998046875
2024-01-22,30182.0,9968.099609375
2024-01-23,30077.0,9859.2001953125
2024-01-24,30338.0,9974.0
2024-01-25,30158.0,9916.599609375
2024-01-26,30379.0,9936.599609375
2024-01-29,30234.0,9890.2998046875
2024-01-30,30623.0,10039.2998046875
2024-01-31,30744.0,10077.7001953125
2024-02-01,30689.0,10014.0
2024-02-02,30718.0,10062.5
2024-02-05,30953.0,9941.2998046875
2024-02-06,31117.0,10003.0
2024-02-07,30976.0,9920.2001953125
2024-02-08,31064.0,9905.400390625
2024-02-09,31156.0,9896.599609375
2024-02-12,31457.0,9984.7001953125
2024-02-13,31134.0,9925.400390625
2024-02-14,31329.0,9916.599609375
2024-02-15,31694.0,9927.2998046875
2024-02-16,31732.0,9886.400390625
2024-02-19,31676.0,9944.7998046875
2024-02-20,31701.0,10038.2001953125
2024-02-21,32018.0,10107.2001953125
2024-02-22,32356.0,10138.900390625
2024-02-23,32701.0,10130.599609375
2024-02-26,32558.0,10138.400390625
2024-02-27,32706.0,10113.7998046875
2024-02-28,32618.0,10068.599609375
2024-02-29,32581.0,10001.2998046875
2024-03-01,32934.0,10064.7001953125
2024-03-04,32912.0,10069.7998046875
2024-03-05,33146.0,10117.099609375
2024-03-06,33364.0,10197.2001953125
2024-03-07,33419.0,10319.599609375
2024-03-08,33404.0,10305.7001953125
2024-03-11,33315.0,10325.7001953125
2024-03-12,33753.0,10388.900390625
2024-03-13,33885.0,10560.5
2024-03-14,33786.0,10490.5
2024-03-15,33940.0,10597.900390625
2024-03-18,33941.0,10596.7001953125
2024-03-19,34262.0,10701.400390625
2024-03-20,34293.0,10752.5
2024-03-21,34328.0,10867.5
2024-03-22,34344.0,10943.2001953125
2024-03-25,34639.0,10952.2001953125
2024-03-26,34688.0,10991.5
2024-03-27,34760.0,11111.2998046875
2024-03-28,34750.0,11074.599609375
2024-03-29,34750.0,11074.599609375
2024-04-01,34750.0,11074.599609375
2024-04-02,34325.0,10975.599609375
2024-04-03,34481.0,11032.2998046875
2024-04-04,34455.0,11090.900390625
2024-04-05,34011.0,10916.0
2024-04-08,34316.0,10911.7998046875
2024-04-09,33946.0,10816.0
2024-04-10,34040.0,10775.0
2024-04-11,33714.0,10649.7998046875
2024-04-12,33764.0,10686.0
2024-04-15,33954.0,10687.2001953125
2024-04-16,33394.0,10526.900390625
2024-04-17,33633.0,10633.900390625
2024-04-18,33882.0,10765.0
2024-04-19,33922.0,10729.5
2024-04-22,33725.0,10890.2001953125
2024-04-23,34364.0,11075.400390625
2024-04-24,34271.0,11027.7998046875
2024-04-25,33940.0,10983.7001953125
2024-04-26,34250.0,11154.599609375
2024-04-29,34296.0,11100.7998046875
2024-04-30,33747.0,10854.400390625
2024-05-01,33747.0,10854.400390625
2024-05-02,33736.0,10872.0
2024-05-03,33629.0,10854.7001953125
2024-05-06,33987.0,10917.5
2024-05-07,34242.0,11080.900390625
2024-05-08,34151.0,11153.0
2024-05-09,34339.0,11050.099609375
2024-05-10,34657.0,11105.5
2024-05-13,34816.0,11152.0
2024-05-14,35151.0,11239.2998046875
2024-05-15,35366.0,11362.7998046875
2024-05-16,35410.0,11299.2998046875
2024-05-17,35399.0,11327.7001953125
2024-05-20,34825.0,11339.5
2024-05-21,34604.0,11334.900390625
2024-05-22,34461.0,11329.0
2024-05-23,34468.0,11311.099609375
2024-05-24,34491.0,11246.0
2024-05-27,34762.0,11325.5
2024-05-28,34660.0,11276.0
2024-05-29,34151.0,11145.099609375
2024-05-30,34448.0,11338.2001953125
2024-05-31,34492.0,11322.0
2024-06-03,34670.0,11397.2001953125
2024-06-04,34276.0,11286.400390625
2024-06-05,34508.0,11353.099609375
2024-06-06,34834.0,11444.0
2024-06-07,34660.0,11404.900390625
2024-06-10,34542.0,11357.2001953125
2024-06-11,33874.0,11175.5
2024-06-12,34359.0,11245.400390625
2024-06-13,33610.0,11066.099609375
2024-06-14,32665.0,10992.2998046875
2024-06-17,32908.0,10959.5
2024-06-18,33316.0,11067.7001953125
2024-06-19,33220.0,11056.400390625
2024-06-20,33675.0,11160.5
2024-06-21,33309.0,11032.2998046875
2024-06-24,33835.0,11172.099609375
2024-06-25,33707.0,11118.900390625
2024-06-26,33542.0,11030.5
2024-06-27,33187.0,10951.5
2024-06-28,33154.0,10943.7001953125
2024-07-01,33717.0,11057.0
2024-07-02,33481.0,10912.7998046875
2024-07-03,33845.0,11056.7998046875
2024-07-04,34106.0,11066.2998046875
2024-07-05,33988.0,11023.5
2024-07-08,34047.0,11022.099609375
2024-07-09,33864.0,10898.7998046875
2024-07-10,34306.0,11071.599609375
2024-07-11,34318.0,11170.0
2024-07-12,34581.0,11250.599609375
2024-07-15,34376.0,11143.0
2024-07-16,34369.0,11090.5
2024-07-17,34380.0,11105.2001953125
2024-07-18,34529.0,11147.5
2024-07-19,34216.0,11087.5
2024-07-22,34615.0,11143.7998046875
2024-07-23,34638.0,11212.7001953125
2024-07-24,34472.0,11210.099609375
2024-07-25,33771.0,11145.599609375
2024-07-26,33812.0,11165.900390625
2024-07-29,33641.0,11117.7998046875
2024-07-30,33908.0,11202.599609375
2024-07-31,33764.0,11065.0
2024-08-01,32857.0,10854.2998046875
2024-08-02,32019.0,10672.900390625
2024-08-05,31294.0,10423.400390625
2024-08-06,31107.0,10390.5
2024-08-07,31832.0,10599.0
2024-08-08,31742.0,10558.0
2024-08-09,31782.0,10638.5
2024-08-12,31928.0,10646.2001953125
2024-08-13,32006.0,10723.7998046875
2024-08-14,32328.0,10753.0
2024-08-15,32328.0,10885.599609375
2024-08-16,33041.0,10949.7001953125
2024-08-19,33266.0,11102.5
2024-08-20,33076.0,11087.7998046875
2024-08-21,33312.0,11114.900390625
2024-08-22,33311.0,11156.2998046875
2024-08-23,33650.0,11278.099609375
2024-08-26,33605.0,11265.5
2024-08-27,33779.0,11326.900390625
2024-08-28,33880.0,11332.0
2024-08-29,34192.0,11358.599609375
2024-08-30,34373.0,11401.900390625
2024-09-02,34321.0,11395.2998046875
2024-09-03,33863.0,11279.2001953125
2024-09-04,33682.0,11213.900390625
2024-09-05,33685.0,11273.5
2024-09-06,33291.0,11173.0
2024-09-09,33590.0,11272.7998046875
2024-09-10,33213.0,11203.5
2024-09-11,33174.0,11278.900390625
2024-09-12,33454.0,11400.2001953125
2024-09-13,33568.0,11540.2001953125
2024-09-16,33570.0,11581.0
2024-09-17,33780.0,11703.400390625
2024-09-18,33655.0,11684.7001953125
2024-09-19,34045.0,11778.099609375
2024-09-20,33762.0,11753.2998046875
2024-09-23,33680.0,11797.900390625
2024-09-24,33881.0,11837.0
2024-09-25,33841.0,11792.599609375
2024-09-26,34409.0,11953.2001953125
2024-09-27,34727.0,11967.900390625
2024-09-30,34125.0,11877.2998046875
2024-10-01,33771.0,11673.5
2024-10-02,33675.0,11609.7998046875
2024-10-03,33170.0,11618.0
2024-10-04,33594.0,11659.2001953125
2024-10-07,33815.0,11717.5
2024-10-08,33734.0,11734.7001953125
2024-10-09,33933.0,11741.5
2024-10-10,34077.0,11656.7001953125
2024-10-11,34308.0,11720.0
2024-10-14,34681.0,11850.900390625
2024-10-15,34578.0,11930.2001953125
2024-10-16,34660.0,11996.7001953125
2024-10-17,35039.0,11904.5
2024-10-18,35204.0,11925.2001953125
2024-10-21,34956.0,11841.099609375
2024-10-22,34734.0,11832.7001953125
2024-10-23,34697.0,11865.2001953125
2024-10-24,34699.0,11839.7998046875
2024-10-25,34776.0,11812.5
2024-10-28,35016.0,11904.0
2024-10-29,34926.0,11795.2998046875
2024-10-30,34503.0,11715.0
2024-10-31,34281.0,11672.599609375
2024-11-01,34676.0,11843.0
2024-11-04,34541.0,11805.099609375
2024-11-05,34472.0,11839.2001953125
2024-11-06,33941.0,11495.2998046875
2024-11-07,33981.0,11570.099609375
2024-11-08,33817.0,11551.599609375
2024-11-11,34344.0,11597.2998046875
2024-11-12,33607.0,11382.599609375
2024-11-13,33708.0,11377.099609375
2024-11-14,34358.0,11524.2998046875
2024-11-15,34192.0,11635.900390625
2024-11-18,33758.0,11674.7998046875
2024-11-19,33325.0,11588.400390625
2024-11-20,33228.0,11589.5
2024-11-21,33295.0,11611.7001953125
2024-11-22,33495.0,11656.599609375
2024-11-25,33428.0,11711.7998046875
2024-11-26,33168.0,11617.900390625
2024-11-27,33090.0,11579.5
2024-11-28,33260.0,11610.7998046875
2024-11-29,33415.0,11641.2998046875
2024-12-02,33483.0,11735.2998046875
2024-12-03,33829.0,11873.599609375
2024-12-04,34084.0,11931.599609375
2024-12-05,34626.0,12118.7001953125
2024-12-06,34750.0,12072.0
2024-12-09,34560.0,12011.5
2024-12-10,34525.0,11965.5
2024-12-11,34731.0,11789.2998046875
2024-12-12,34857.0,11764.7998046875
2024-12-13,34889.0,11752.099609375
2024-12-16,34740.0,11778.599609375
2024-12-17,34315.0,11588.099609375
2024-12-18,34401.0,11617.900390625
2024-12-19,33787.0,11439.900390625
2024-12-20,33766.0,11467.2998046875
2024-12-23,33740.0,11435.7001953125
2024-12-24,33740.0,11473.900390625
2024-12-25,33740.0,11473.900390625
2024-12-26,33740.0,11473.900390625
2024-12-27,34161.0,11531.599609375
2024-12-30,34186.0,11536.7998046875
2024-12-31,34186.0,11595.0
2025-01-01,34186.0,11595.0
2025-01-02,34375.0,11676.900390625
2025-01-03,34128.0,11651.599609375
2025-01-06,34781.0,11808.2001953125
2025-01-07,34939.0,11811.900390625
2025-01-08,35109.0,11798.099609375
2025-01-09,35316.0,11899.2998046875
2025-01-10,35090.0,11720.900390625
2025-01-13,34799.0,11688.2001953125
2025-01-14,35125.0,11752.099609375
2025-01-15,35647.0,11898.5
2025-01-16,35820.0,11840.599609375
2025-01-17,36268.0,11916.2998046875
2025-01-20,36144.0,11943.599609375
2025-01-21,36059.0,11927.400390625
2025-01-22,35854.0,11882.7001953125
2025-01-23,36113.0,11991.5
2025-01-24,36201.0,11982.599609375
2025-01-27,36191.0,11997.099609375
2025-01-28,36147.0,12154.2001953125
2025-01-29,36372.0,12286.5
2025-01-30,36430.0,12419.599609375
2025-01-31,36472.0,12368.900390625
2025-02-03,36219.0,12205.7998046875
2025-02-04,36719.0,12372.7998046875
2025-02-05,36581.0,12536.7001953125
2025-02-06,37122.0,12731.0
2025-02-07,37056.0,12688.900390625
2025-02-10,37242.0,12708.7998046875
2025-02-11,37582.0,12774.7998046875
2025-02-12,37531.0,12911.5
2025-02-13,37908.0,12936.2998046875
2025-02-14,37978.0,12956.0
2025-02-17,38328.0,13016.900390625
2025-02-18,38554.0,13143.900390625
2025-02-19,38348.0,12929.400390625
2025-02-20,38249.0,12967.099609375
2025-02-21,38421.0,12952.0
2025-02-24,38473.0,13012.900390625
2025-02-25,38715.0,13116.7998046875
2025-02-26,39225.0,13332.0
2025-02-27,38623.0,13270.599609375
2025-02-28,38655.0,13347.2998046875
2025-03-03,39069.0,13373.099609375
2025-03-04,37736.0,13031.7001953125
2025-03-05,38519.0,13214.0
2025-03-06,38780.0,13234.2001953125
2025-03-07,38593.0,13257.099609375
2025-03-10,38226.0,13082.7001953125
2025-03-11,37698.0,12877.2998046875
2025-03-12,38307.0,12804.0
2025-03-13,38000.0,12821.2998046875
2025-03-14,38655.0,13005.2001953125
2025-03-17,39022.0,13147.2001953125
2025-03-18,39534.0,13354.7001953125
2025-03-19,39713.0,13408.099609375
2025-03-20,39188.0,13306.2998046875
2025-03-21,39036.0,13350.2001953125
2025-03-24,38973.0,13323.2998046875
2025-03-25,39385.0,13484.2998046875
2025-03-26,39058.0,13432.2001953125
2025-03-27,39099.0,13422.599609375
2025-03-28,38739.0,13309.2998046875
2025-03-31,38052.0,13135.400390625
2025-04-01,38557.0,13297.0
2025-04-02,38454.0,13350.2001953125
2025-04-03,37071.0,13191.2001953125
2025-04-04,34649.0,12422.0
2025-04-07,32854.0,11785.7998046875
2025-04-08,33657.0,12065.599609375
2025-04-09,32731.0,11797.599609375
2025-04-10,34277.0,12307.599609375
2025-04-11,34028.0,12286.0
2025-04-14,35007.0,12609.7998046875
2025-04-15,35844.0,12879.2998046875
2025-04-16,36068.0,12942.099609375
2025-04-17,35980.0,12918.0
2025-04-18,35980.0,12918.0
2025-04-21,35980.0,12918.0
2025-04-22,35948.0,13010.599609375
2025-04-23,36458.0,13208.2998046875
2025-04-24,36809.0,13179.7001953125
2025-04-25,37348.0,13355.2998046875
2025-04-28,37466.0,13456.099609375
2025-04-29,37875.0,13366.900390625
2025-04-30,37605.0,13287.7998046875
2025-05-01,37605.0,13287.7998046875
2025-05-02,38328.0,13446.7001953125
2025-05-05,38476.0,13518.0
2025-05-06,38560.0,13530.2001953125
2025-05-07,38320.0,13480.400390625
2025-05-08,38974.0,13488.900390625
2025-05-09,39370.0,13554.099609375
2025-05-12,39922.0,13655.2998046875
2025-05-13,40077.0,13769.099609375
2025-05-14,40357.0,13840.2001953125
2025-05-15,40419.0,13930.2001953125
2025-05-16,40656.0,14064.5
2025-05-19,40167.0,14099.0
2025-05-20,40522.0,14323.400390625
2025-05-21,40551.0,14307.599609375
2025-05-22,40257.0,14272.5
2025-05-23,39475.0,14104.099609375
2025-05-26,39988.0,14221.599609375
2025-05-27,40125.0,14239.900390625
2025-05-28,40128.0,14100.599609375
2025-05-29,39983.0,14116.599609375
2025-05-30,40087.0,14152.2001953125
2025-06-02,39984.0,14202.7998046875
2025-06-03,40074.0,14128.400390625
2025-06-04,40081.0,14101.2998046875
2025-06-05,40379.0,14203.7001953125
2025-06-06,40602.0,14247.599609375
2025-06-09,40462.0,14251.2998046875
2025-06-10,40208.0,14221.099609375
2025-06-11,40180.0,14134.099609375
2025-06-12,39948.0,14088.900390625
2025-06-13,39439.0,13910.599609375
2025-06-16,39929.0,14110.7998046875
2025-06-17,39387.0,13911.7001953125
2025-06-18,39419.0,13923.2001953125
2025-06-19,38942.0,13744.900390625
2025-06-20,39231.0,13850.2998046875
2025-06-23,38841.0,13839.400390625
2025-06-24,39474.0,14035.099609375
2025-06-25,39319.0,13811.7998046875
2025-06-26,39351.0,13815.5
2025-06-27,39742.0,13969.0
2025-06-30,39792.0,13991.900390625
2025-07-01,39561.0,13987.400390625
2025-07-02,39785.0,14044.599609375
2025-07-03,39943.0,14182.900390625
2025-07-04,39622.0,13973.0
2025-07-07,39914.0,14074.7998046875
2025-07-08,40183.0,14079.5
2025-07-09,40821.0,14254.400390625
2025-07-10,40528.0,14141.599609375
2025-07-11,40078.0,14009.2001953125
2025-07-14,40186.0,14036.0
2025-07-15,39921.0,13874.7001953125
2025-07-16,39763.0,13885.7001953125
2025-07-17,40129.0,13994.5
2025-07-18,40312.0,13989.0
2025-07-21,40167.0,14031.5
2025-07-22,40165.0,14041.5
2025-07-23,40697.0,14067.900390625
2025-07-24,40600.0,14256.5
2025-07-25,40726.0,14237.2998046875
2025-07-28,40732.0,14220.2001953125
2025-07-29,41234.0,14347.7001953125
2025-07-30,41638.0,14380.599609375
2025-07-31,40988.0,14397.0
2025-08-01,39943.0,14126.7001953125
2025-08-04,40697.0,14386.099609375
2025-08-05,40744.0,14407.5
2025-08-06,41010.0,14536.599609375
2025-08-07,41393.0,14690.900390625
2025-08-08,41624.0,14824.900390625
