Date,HM-B.ST,ITX.MC
2020-08-10,118.20680236816406,20.152969360351562
2020-08-11,123.27513885498047,21.08556365966797
2020-08-12,120.98622131347656,21.36978530883789
2020-08-13,121.9671859741211,21.40531349182129
2020-08-14,117.55281066894531,21.03227424621582
2020-08-17,117.5119400024414,21.05004119873047
2020-08-18,114.77340698242188,20.685882568359375
2020-08-19,115.75437927246094,20.668115615844727
2020-08-20,113.22020721435547,20.38389778137207
2020-08-21,113.05671691894531,20.579299926757812
2020-08-24,117.30758666992188,21.041154861450195
2020-08-25,117.30758666992188,21.058921813964844
2020-08-26,116.7762222290039,21.28096580505371
2020-08-27,116.24486541748047,21.32537841796875
2020-08-28,114.85516357421875,21.360902786254883
2020-08-31,112.72972106933594,20.91680908203125
2020-09-01,110.60429382324219,20.650354385375977
2020-09-02,111.50349426269531,20.86351776123047
2020-09-03,113.50633239746094,21.03227424621582
2020-09-04,112.48448181152344,20.463834762573242
2020-09-07,116.24486541748047,20.543771743774414
2020-09-08,117.55281066894531,20.463834762573242
2020-09-09,115.42737579345703,20.277315139770508
2020-09-10,116.85796356201172,20.650354385375977
2020-09-11,116.89884185791016,20.650354385375977
2020-09-14,116.6944808959961,20.170732498168945
2020-09-15,129.28358459472656,21.209911346435547
2020-09-16,131.2455291748047,22.924110412597656
2020-09-17,131.2455291748047,22.613248825073242
2020-09-18,129.03834533691406,22.071455001831055
2020-09-21,121.9671859741211,21.591835021972656
2020-09-22,121.59931182861328,21.2720890045166
2020-09-23,122.45767974853516,21.5296573638916
2020-09-24,119.84174346923828,20.854637145996094
2020-09-25,120.33223724365234,20.801349639892578
2020-09-28,124.74661254882812,21.3076114654541
2020-09-29,125.93193817138672,21.263202667236328
2020-09-30,126.50415802001953,21.13885498046875
2020-10-01,134.18838500976562,21.58295249938965
2020-10-02,132.2673797607422,21.40531349182129
2020-10-05,131.2455291748047,21.591835021972656
2020-10-06,133.53445434570312,21.68065071105957
2020-10-07,134.2292938232422,21.520776748657227
2020-10-08,133.94317626953125,21.476367950439453
2020-10-09,132.30824279785156,21.54742431640625
2020-10-12,130.91854858398438,21.520776748657227
2020-10-13,128.58872985839844,21.43195915222168
2020-10-14,129.52880859375,21.35202407836914
2020-10-15,125.31884765625,20.845752716064453
2020-10-16,126.50415802001953,20.872400283813477
2020-10-19,128.42523193359375,21.209911346435547
2020-10-20,129.6923065185547,21.316495895385742
2020-10-21,126.83113861083984,21.289852142333984
2020-10-22,129.324462890625,21.218793869018555
2020-10-23,129.2018280029297,21.48525047302246
2020-10-26,125.48231506347656,20.8990478515625
2020-10-27,121.35406494140625,20.090797424316406
2020-10-28,116.57186126708984,19.389127731323242
2020-10-29,116.32661437988281,19.289836883544922
2020-10-30,118.20680236816406,19.127355575561523
2020-11-02,117.38933563232422,19.30788803100586
2020-11-03,122.13068389892578,20.04806900024414
2020-11-04,121.39494323730469,20.40010643005371
2020-11-05,125.93193817138672,20.96878433227539
2020-11-06,126.17717742919922,20.96878433227539
2020-11-09,138.64366149902344,23.91145133972168
2020-11-10,143.0580291748047,24.615528106689453
2020-11-11,140.52383422851562,24.21835708618164
2020-11-12,137.37655639648438,23.821184158325195
2020-11-13,137.7035675048828,24.073930740356445
2020-11-16,141.79092407226562,24.8502197265625
2020-11-17,140.23773193359375,24.53428840637207
2020-11-18,142.52667236328125,24.669689178466797
2020-11-19,141.42308044433594,24.344730377197266
2020-11-20,143.34414672851562,24.58844757080078
2020-11-23,144.0798797607422,24.543315887451172
2020-11-24,153.72605895996094,25.256418228149414
2020-11-25,152.05023193359375,25.364736557006836
2020-11-26,151.11013793945312,25.283496856689453
2020-11-27,149.31170654296875,25.52721405029297
2020-11-30,148.45335388183594,25.139068603515625
2020-12-01,151.84588623046875,25.121017456054688
2020-12-02,150.57879638671875,25.202255249023438
2020-12-03,152.1728515625,24.958538055419922
2020-12-04,153.56256103515625,25.039779663085938
2020-12-07,154.09393310546875,24.913406372070312
2020-12-08,152.8677215576172,24.263492584228516
2020-12-09,152.33636474609375,24.498178482055664
2020-12-10,152.1728515625,24.11906623840332
2020-12-11,148.7394561767578,23.830215454101562
2020-12-14,149.5978240966797,24.77800750732422
2020-12-15,145.2652130126953,24.16419792175293
2020-12-16,145.01995849609375,23.974639892578125
2020-12-17,145.38783264160156,23.965612411499023
2020-12-18,142.07705688476562,23.613576889038086
2020-12-21,138.15316772460938,22.85533905029297
2020-12-22,140.2786102294922,23.25251007080078
2020-12-23,141.0143280029297,23.351806640625
2020-12-24,141.0143280029297,23.42401695251465
2020-12-25,141.0143280029297,23.42401695251465
2020-12-28,141.0143280029297,23.76702880859375
2020-12-29,142.2814178466797,23.794109344482422
2020-12-30,140.60560607910156,23.821184158325195
2020-12-31,140.60560607910156,23.505258560180664
2021-01-01,140.60560607910156,23.505258560180664
2021-01-04,139.78811645507812,23.324722290039062
2021-01-05,139.62461853027344,23.243486404418945
2021-01-06,139.62461853027344,23.830215454101562
2021-01-07,145.01995849609375,23.6767635345459
2021-01-08,145.46957397460938,24.11906623840332
2021-01-11,143.67112731933594,23.667736053466797
2021-01-12,145.01995849609375,23.568443298339844
2021-01-13,143.67112731933594,23.270565032958984
2021-01-14,146.85928344726562,23.757999420166016
2021-01-15,147.186279296875,23.5233097076416
2021-01-18,150.8240203857422,23.649681091308594
2021-01-19,149.88392639160156,23.433046340942383
2021-01-20,150.41529846191406,23.622602462768555
2021-01-21,150.74229431152344,23.451095581054688
2021-01-22,149.31170654296875,23.09906005859375
2021-01-25,143.46676635742188,22.42206382751465
2021-01-26,145.46957397460938,22.620647430419922
2021-01-27,151.96847534179688,22.557466506958008
2021-01-28,154.09393310546875,22.656755447387695
2021-01-29,146.3279266357422,22.10613250732422
2021-02-01,144.69296264648438,22.214454650878906
2021-02-02,146.7775421142578,22.566490173339844
2021-02-03,147.390625,22.683834075927734
2021-02-04,148.16725158691406,23.180299758911133
2021-02-05,150.1700439453125,23.586496353149414
2021-02-08,148.94386291503906,23.44207000732422
2021-02-09,146.85928344726562,23.378881454467773
2021-02-10,144.97911071777344,23.15321922302246
2021-02-11,147.5541534423828,23.09906005859375
2021-02-12,147.0227813720703,23.207378387451172
2021-02-15,151.72325134277344,23.6767635345459
2021-02-16,151.4779815673828,23.405963897705078
2021-02-17,151.2736358642578,23.333749771118164
2021-02-18,153.72605895996094,23.505258560180664
2021-02-19,154.5026397705078,23.378881454467773
2021-02-22,155.32015991210938,23.496231079101562
2021-02-23,159.8162384033203,24.77800750732422
2021-02-24,161.20596313476562,24.362783432006836
2021-02-25,162.96351623535156,24.913406372070312
2021-02-26,162.67739868164062,24.651630401611328
2021-03-01,165.3750762939453,25.084909439086914
2021-03-02,164.31236267089844,25.373762130737305
2021-03-03,166.1107940673828,25.59040069580078
2021-03-04,167.90924072265625,24.88632583618164
2021-03-05,165.53855895996094,25.003671646118164
2021-03-08,170.68865966796875,25.671640396118164
2021-03-09,174.85775756835938,26.23128890991211
2021-03-10,175.43002319335938,26.547218322753906
2021-03-11,176.98321533203125,27.07978630065918
2021-03-12,179.8443603515625,27.133947372436523
2021-03-15,179.68089294433594,27.1790828704834
2021-03-16,182.62376403808594,26.691648483276367
2021-03-17,180.90708923339844,26.267398834228516
2021-03-18,178.37290954589844,25.861196517944336
2021-03-19,174.77603149414062,25.14809799194336
2021-03-22,172.8958282470703,24.696765899658203
2021-03-23,172.07835388183594,25.121017456054688
2021-03-24,168.8084716796875,25.24738883972168
2021-03-25,165.70204162597656,25.238361358642578
2021-03-26,167.90924072265625,25.482080459594727
2021-03-29,163.33140563964844,25.346681594848633
2021-03-30,166.2742919921875,25.59040069580078
2021-03-31,160.83807373046875,25.364736557006836
2021-04-01,159.7508544921875,25.54526710510254
2021-04-02,159.7508544921875,25.54526710510254
2021-04-05,159.7508544921875,25.54526710510254
2021-04-06,164.1897430419922,25.65358543395996
2021-04-07,164.761962890625,25.22933578491211
2021-04-08,162.90631103515625,25.19322967529297
2021-04-09,163.5357666015625,25.0217227935791
2021-04-12,161.8272247314453,24.81411361694336
2021-04-13,165.1707000732422,25.057832717895508
2021-04-14,166.47865295410156,25.102964401245117
2021-04-15,167.33700561523438,25.752878189086914
2021-04-16,170.56602478027344,25.65358543395996
2021-04-19,169.42156982421875,25.98756980895996
2021-04-20,163.9445037841797,25.15712547302246
2021-04-21,166.8465118408203,25.752878189086914
2021-04-22,169.50332641601562,26.565275192260742
2021-04-23,170.19815063476562,26.52916717529297
2021-04-26,172.28271484375,26.42085075378418
2021-04-27,170.19815063476562,26.429874420166016
2021-04-28,169.78944396972656,26.90828514099121
2021-04-29,172.07835388183594,27.117441177368164
2021-04-30,170.68865966796875,26.935564041137695
2021-05-03,170.77040100097656,27.281124114990234
2021-05-04,169.42156982421875,27.38115692138672
2021-05-05,173.1819610595703,27.799468994140625
2021-05-06,172.11923217773438,28.31780433654785
2021-05-07,173.1002197265625,27.990436553955078
2021-05-10,173.3863067626953,28.572431564331055
2021-05-11,168.84933471679688,28.03590202331543
2021-05-12,165.3750762939453,27.91768455505371
2021-05-13,165.3750762939453,27.881309509277344
2021-05-14,173.22280883789062,28.772493362426758
2021-05-17,173.30458068847656,29.381772994995117
2021-05-18,175.3482666015625,29.59092903137207
2021-05-19,173.6724395751953,29.172616958618164
2021-05-20,174.08119201660156,29.036212921142578
2021-05-21,174.85775756835938,29.47270965576172
2021-05-24,175.6752471923828,29.290834426879883
2021-05-25,174.53077697753906,29.108959197998047
2021-05-26,173.54981994628906,29.063491821289062
2021-05-27,173.8359375,28.308713912963867
2021-05-28,175.63438415527344,29.027118682861328
2021-05-31,173.1819610595703,28.817962646484375
2021-06-01,173.6315460205078,28.890710830688477
2021-06-02,174.69427490234375,28.908903121948242
2021-06-03,172.6914825439453,28.772493362426758
2021-06-04,171.097412109375,28.799776077270508
2021-06-07,170.56602478027344,29.4454288482666
2021-06-08,171.66964721679688,29.372676849365234
2021-06-09,172.11923217773438,28.73611831665039
2021-06-10,169.95294189453125,28.26324462890625
2021-06-11,172.28271484375,28.481496810913086
2021-06-14,171.50613403320312,28.908903121948242
2021-06-15,166.60130310058594,28.26324462890625
2021-06-16,167.25526428222656,28.24505615234375
2021-06-17,167.29612731933594,28.39965057373047
2021-06-18,162.8736114501953,27.717622756958008
2021-06-21,163.4622039794922,27.82674789428711
2021-06-22,163.33140563964844,27.89949607849121
2021-06-23,161.84359741210938,27.61759376525879
2021-06-24,164.8845977783203,28.06318473815918
2021-06-25,164.8845977783203,27.999528884887695
2021-06-28,161.81089782714844,27.262937545776367
2021-06-29,164.31236267089844,27.244749069213867
2021-06-30,165.9473114013672,27.017406463623047
2021-07-01,164.1488800048828,27.253841400146484
2021-07-02,165.45681762695312,27.044689178466797
2021-07-05,167.41876220703125,27.253841400146484
2021-07-06,165.86553955078125,27.00831413269043
2021-07-07,165.82470703125,27.00831413269043
2021-07-08,159.27670288085938,26.508159637451172
2021-07-09,162.1705780029297,27.035593032836914
2021-07-12,162.66104125976562,27.062877655029297
2021-07-13,164.23060607910156,26.66275405883789
2021-07-14,164.8845977783203,26.635473251342773
2021-07-15,156.513671875,25.189573287963867
2021-07-16,155.32015991210938,25.544227600097656
2021-07-19,149.99020385742188,25.0076961517334
2021-07-20,150.1373748779297,25.25322914123535
2021-07-21,153.5871124267578,25.83522605895996
2021-07-22,152.1646728515625,25.826133728027344
2021-07-23,153.26010131835938,26.226253509521484
2021-07-26,153.5053253173828,26.253536224365234
2021-07-27,151.5924530029297,25.807945251464844
2021-07-28,152.2301025390625,25.944351196289062
2021-07-29,151.5106964111328,26.035287857055664
2021-07-30,147.2434844970703,25.998910903930664
2021-08-02,148.1754150390625,26.462692260742188
2021-08-03,147.96286010742188,26.253536224365234
2021-08-04,147.71762084960938,26.05347442626953
2021-08-05,147.25985717773438,26.171695709228516
2021-08-06,147.47238159179688,26.062570571899414
2021-08-09,146.90016174316406,26.035287857055664
2021-08-10,146.5241241455078,26.180784225463867
2021-08-11,146.31155395507812,26.680940628051758
2021-08-12,147.2434844970703,27.053783416748047
2021-08-13,147.2761993408203,27.262937545776367
2021-08-16,142.51849365234375,26.79006576538086
2021-08-17,143.15611267089844,26.562725067138672
2021-08-18,142.95993041992188,26.91737937927246
2021-08-19,140.03338623046875,26.489973068237305
2021-08-20,142.9762725830078,27.090160369873047
2021-08-23,145.2488555908203,27.0992488861084
2021-08-24,144.84010314941406,27.017406463623047
2021-08-25,143.8264617919922,26.55362892150879
2021-08-26,140.73641967773438,26.217161178588867
2021-08-27,141.53753662109375,26.335378646850586
2021-08-30,141.42308044433594,26.2899112701416
2021-08-31,141.390380859375,26.2899112701416
2021-09-01,147.40699768066406,27.0992488861084
2021-09-02,146.00091552734375,27.0992488861084
2021-09-03,143.59756469726562,26.89009666442871
2021-09-06,144.49676513671875,27.053783416748047
2021-09-07,143.3196258544922,27.053783416748047
2021-09-08,142.2569122314453,27.044689178466797
2021-09-09,141.50482177734375,26.79006576538086
2021-09-10,140.7527618408203,26.75368881225586
2021-09-13,141.81544494628906,26.826438903808594
2021-09-14,142.9926300048828,27.444812774658203
2021-09-15,138.6109619140625,26.990129470825195
2021-09-16,140.99798583984375,28.4178409576416
2021-09-17,141.97894287109375,28.83614730834961
2021-09-20,142.53485107421875,28.890710830688477
2021-09-21,142.2895965576172,29.47270965576172
2021-09-22,146.90016174316406,29.272645950317383
2021-09-23,146.58950805664062,29.136241912841797
2021-09-24,145.18345642089844,28.790679931640625
2021-09-27,148.76397705078125,29.3363037109375
2021-09-28,149.00924682617188,28.40874481201172
2021-09-29,150.98753356933594,29.272645950317383
2021-09-30,145.8047332763672,28.936176300048828
2021-10-01,147.68492126464844,29.118053436279297
2021-10-04,146.00091552734375,28.78158950805664
2021-10-05,142.61659240722656,29.272645950317383
2021-10-06,135.7007598876953,27.935871124267578
2021-10-07,138.15316772460938,28.645183563232422
2021-10-08,136.82887268066406,28.481496810913086
2021-10-11,133.95135498046875,28.017715454101562
2021-10-12,134.9323272705078,27.599407196044922
2021-10-13,136.63265991210938,27.644872665405273
2021-10-14,134.4254913330078,27.626686096191406
2021-10-15,137.77711486816406,28.326900482177734
2021-10-18,138.1695098876953,28.3814640045166
2021-10-19,140.21322631835938,28.86343002319336
2021-10-20,137.40110778808594,28.626996994018555
2021-10-21,138.0223846435547,28.463306427001953
2021-10-22,136.51824951171875,27.972248077392578
2021-10-25,135.7007598876953,27.92677879333496
2021-10-26,139.29762268066406,28.090465545654297
2021-10-27,138.05508422851562,28.026811599731445
2021-10-28,136.79617309570312,28.235965728759766
2021-10-29,136.94927978515625,28.40874481201172
2021-11-01,140.41934204101562,29.136241912841797
2021-11-02,139.89202880859375,28.85433578491211
2021-11-03,140.40234375,28.636085510253906
2021-11-04,143.32809448242188,29.272645950317383
2021-11-05,146.4579620361328,29.34539794921875
2021-11-08,138.85438537597656,28.61789894104004
2021-11-09,140.9636688232422,28.999834060668945
2021-11-10,143.58328247070312,29.3544864654541
2021-11-11,141.6270751953125,28.890710830688477
2021-11-12,142.05233764648438,28.917991638183594
2021-11-15,145.43734741210938,28.94527244567871
2021-11-16,146.62808227539062,28.85433578491211
2021-11-17,142.8858184814453,28.690649032592773
2021-11-18,141.1337890625,28.927085876464844
2021-11-19,137.28945922851562,27.708528518676758
2021-11-22,138.1739959716797,28.22687339782715
2021-11-23,145.6074676513672,28.99074363708496
2021-11-24,143.1069793701172,28.29052734375
2021-11-25,143.0899658203125,27.972248077392578
2021-11-26,135.5373992919922,26.590002059936523
2021-11-29,138.31007385253906,26.981033325195312
2021-11-30,136.0817413330078,25.335071563720703
2021-12-01,142.23944091796875,26.471784591674805
2021-12-02,140.3853302001953,25.826133728027344
2021-12-03,136.2688446044922,25.325977325439453
2021-12-06,142.13739013671875,26.02619743347168
2021-12-07,145.40333557128906,26.97193717956543
2021-12-08,142.10336303710938,26.189878463745117
2021-12-09,141.08274841308594,25.71700668334961
2021-12-10,140.75955200195312,25.826133728027344
2021-12-13,139.90904235839844,25.680633544921875
2021-12-14,142.8858184814453,26.317190170288086
2021-12-15,138.88844299316406,24.944040298461914
2021-12-16,139.89202880859375,25.307790756225586
2021-12-17,143.05592346191406,25.289600372314453
2021-12-20,141.388916015625,25.116823196411133
2021-12-21,146.67910766601562,25.307790756225586
2021-12-22,147.71673583984375,25.49875831604004
2021-12-23,151.4929962158203,25.59878921508789
2021-12-24,151.4929962158203,25.59878921508789
2021-12-27,152.20742797851562,25.662445068359375
2021-12-28,151.39093017578125,25.644258499145508
2021-12-29,151.27186584472656,25.63516616821289
2021-12-30,151.45896911621094,25.944351196289062
2021-12-31,151.45896911621094,25.944351196289062
2022-01-03,152.51361083984375,26.062570571899414
2022-01-04,151.0167236328125,25.92616081237793
2022-01-05,151.40794372558594,25.880693435668945
2022-01-06,151.40794372558594,25.707916259765625
2022-01-07,149.48577880859375,25.1531982421875
2022-01-10,150.50640869140625,25.17138671875
2022-01-11,149.77496337890625,25.40782356262207
2022-01-12,150.93167114257812,25.362350463867188
2022-01-13,153.1259765625,25.353256225585938
2022-01-14,149.67291259765625,25.25322914123535
2022-01-17,148.6012725830078,25.38054084777832
2022-01-18,147.71673583984375,25.325977325439453
2022-01-19,148.63528442382812,25.998910903930664
2022-01-20,148.94146728515625,25.917068481445312
2022-01-21,146.83221435546875,25.553321838378906
2022-01-24,142.8177947998047,24.689416885375977
2022-01-25,146.7811737060547,24.88038444519043
2022-01-26,150.2342529296875,25.0622615814209
2022-01-27,151.9522705078125,24.853107452392578
2022-01-28,159.62388610839844,24.580293655395508
2022-01-31,155.93264770507812,24.316577911376953
2022-02-01,153.7893829345703,24.580293655395508
2022-02-02,150.60845947265625,24.0164852142334
2022-02-03,148.95848083496094,23.479955673217773
2022-02-04,145.2162322998047,22.770647048950195
2022-02-07,146.3048858642578,22.55239486694336
2022-02-08,148.4141387939453,23.17986297607422
2022-02-09,151.28887939453125,23.589082717895508
2022-02-10,155.62648010253906,23.85279655456543
2022-02-11,156.34091186523438,23.416301727294922
2022-02-14,151.35691833496094,23.03436279296875
2022-02-15,153.51722717285156,22.916147232055664
2022-02-16,152.49661254882812,23.125301361083984
2022-02-17,150.18321228027344,23.15258026123047
2022-02-18,147.90386962890625,23.05255126953125
2022-02-21,146.16879272460938,22.843395233154297
2022-02-22,144.31468200683594,22.415990829467773
2022-02-23,142.20541381835938,22.379619598388672
2022-02-24,137.6296844482422,21.51571273803711
2022-02-25,141.1678009033203,22.043148040771484
2022-02-28,136.47299194335938,21.46115493774414
2022-03-01,129.82200622558594,20.72456169128418
2022-03-02,128.64828491210938,20.67909049987793
2022-03-03,121.31686401367188,19.242286682128906
2022-03-04,118.85039520263672,18.51479148864746
2022-03-07,114.73390197753906,18.078290939331055
2022-03-08,119.53077697753906,19.278663635253906
2022-03-09,125.07613372802734,20.58815574645996
2022-03-10,121.62303924560547,19.615127563476562
2022-03-11,123.32408905029297,19.78791046142578
2022-03-14,124.8039779663086,20.215312957763672
2022-03-15,120.87460327148438,19.92431640625
2022-03-16,121.89522552490234,19.433256149291992
2022-03-17,118.2550277709961,19.142257690429688
2022-03-18,120.70450592041016,18.987661361694336
2022-03-21,118.51017761230469,19.10588264465332
2022-03-22,118.85039520263672,19.06041145324707
2022-03-23,117.72772216796875,19.08769416809082
2022-03-24,117.16639709472656,18.778507232666016
2022-03-25,119.8199691772461,18.914913177490234
2022-03-28,119.68388366699219,18.66029167175293
2022-03-29,125.96065521240234,19.351411819458008
2022-03-30,123.2220230102539,18.933101654052734
2022-03-31,107.31746673583984,17.987356185913086
2022-04-01,111.0597152709961,18.287445068359375
2022-04-04,112.23343658447266,18.078290939331055
2022-04-05,111.65508270263672,18.214698791503906
2022-04-06,111.63805389404297,17.95098114013672
2022-04-07,110.66847229003906,18.187416076660156
2022-04-08,112.2674331665039,18.332916259765625
2022-04-11,112.2674331665039,18.305633544921875
2022-04-12,111.72310638427734,18.278356552124023
2022-04-13,110.36228942871094,18.42385482788086
2022-04-14,109.71590423583984,18.678478240966797
2022-04-15,109.71590423583984,18.678478240966797
2022-04-18,109.71590423583984,18.678478240966797
2022-04-19,111.55300903320312,18.887632369995117
2022-04-20,110.56641387939453,18.96947479248047
2022-04-21,110.95765686035156,19.178630828857422
2022-04-22,108.18497467041016,18.47841453552246
2022-04-25,106.84117889404297,18.414756774902344
2022-04-26,106.33087158203125,18.42385482788086
2022-04-27,106.21179962158203,18.469324111938477
2022-04-28,106.27983856201172,18.743871688842773
2022-04-29,106.46695709228516,18.706645965576172
2022-05-02,108.09993743896484,18.743871688842773
2022-05-03,108.04890441894531,19.050994873046875
2022-05-04,104.88500213623047,18.930007934570312
2022-05-05,103.86296844482422,19.432575225830078
2022-05-06,106.5534439086914,18.84624481201172
2022-05-09,103.67079162597656,18.678726196289062
2022-05-10,105.47026062011719,18.343679428100586
2022-05-11,105.80221557617188,18.567045211791992
2022-05-12,109.17404174804688,18.697338104248047
2022-05-13,112.94771575927734,19.11614418029785
2022-05-16,114.01342010498047,19.28366470336914
2022-05-17,116.17977142333984,19.451187133789062
2022-05-18,113.9260482788086,19.358118057250977
2022-05-19,110.48434448242188,18.90208625793457
2022-05-20,109.62828826904297,19.00446128845215
2022-05-23,111.2181167602539,19.227821350097656
2022-05-24,106.32633209228516,18.967233657836914
2022-05-25,106.50104522705078,19.162677764892578
2022-05-26,106.50104522705078,20.149198532104492
2022-05-27,115.74299621582031,20.74483299255371
2022-05-30,117.42018127441406,20.930967330932617
2022-05-31,117.59487915039062,20.83789825439453
2022-06-01,118.08406829833984,20.688987731933594
2022-06-02,118.92266845703125,20.651763916015625
2022-06-03,118.62565612792969,20.540082931518555
2022-06-06,118.62565612792969,20.474933624267578
2022-06-07,120.23296356201172,20.679683685302734
2022-06-08,123.6921615600586,21.991939544677734
2022-06-09,122.1023178100586,22.103622436523438
2022-06-10,118.7130126953125,21.2194766998291
2022-06-13,116.04000854492188,21.005420684814453
2022-06-14,116.38941955566406,20.949581146240234
2022-06-15,108.82463073730469,20.986806869506836
2022-06-16,105.94197845458984,20.577308654785156
2022-06-17,108.84210205078125,20.23295783996582
2022-06-20,108.31798553466797,20.465625762939453
2022-06-21,107.91616821289062,20.540082931518555
2022-06-22,107.06009674072266,20.242265701293945
2022-06-23,106.11668395996094,19.981672286987305
2022-06-24,106.11668395996094,20.409786224365234
2022-06-27,107.95110321044922,20.307411193847656
2022-06-28,106.34379577636719,20.344640731811523
2022-06-29,108.68486785888672,20.391172409057617
2022-06-30,106.710693359375,20.093355178833008
2022-07-01,108.45774841308594,20.44701385498047
2022-07-04,110.46688079833984,20.53077507019043
2022-07-05,108.6324462890625,20.26087760925293
2022-07-06,111.8121109008789,21.051959991455078
2022-07-07,113.55917358398438,21.54521369934082
2022-07-08,114.78211212158203,21.71273422241211
2022-07-11,114.01342010498047,21.498680114746094
2022-07-12,117.03584289550781,22.178077697753906
2022-07-13,114.85200500488281,21.805803298950195
2022-07-14,112.423583984375,21.787189483642578
2022-07-15,113.8561782836914,22.55034828186035
2022-07-18,114.62489318847656,22.6899471282959
2022-07-19,116.948486328125,23.27627944946289
2022-07-20,116.73882293701172,23.0343017578125
2022-07-21,117.35028839111328,23.0343017578125
2022-07-22,117.45513153076172,22.857473373413086
2022-07-25,117.83946228027344,22.810937881469727
2022-07-26,110.90364074707031,22.196687698364258
2022-07-27,111.23558044433594,22.085004806518555
2022-07-28,111.42774963378906,21.964021682739258
2022-07-29,112.9651870727539,22.047780990600586
2022-08-01,111.34040069580078,22.21530532836914
2022-08-02,109.62828826904297,22.00124740600586
2022-08-03,112.45853424072266,22.299062728881836
2022-08-04,115.37612915039062,22.57826805114746
2022-08-05,112.8428726196289,22.420053482055664
2022-08-08,116.89608001708984,23.406570434570312
2022-08-09,113.48928833007812,22.931926727294922
2022-08-10,116.56412506103516,23.471717834472656
2022-08-11,116.17977142333984,23.61132049560547
2022-08-12,116.35447692871094,23.61132049560547
2022-08-15,115.69060516357422,23.77884292602539
2022-08-16,116.77377319335938,24.076662063598633
2022-08-17,114.81706237792969,23.583402633666992
2022-08-18,113.64653015136719,23.30419921875
2022-08-19,111.35786437988281,23.06222152709961
2022-08-22,107.63663482666016,22.475894927978516
2022-08-23,108.56256103515625,22.038475036621094
2022-08-24,107.09503936767578,21.964021682739258
2022-08-25,101.66166687011719,21.535907745361328
2022-08-26,97.11930084228516,20.72621726989746
2022-08-29,98.49948120117188,20.493547439575195
2022-08-30,97.32894134521484,20.605228424072266
2022-08-31,97.01448059082031,20.056129455566406
2022-09-01,96.21082305908203,19.77692413330078
2022-09-02,98.58684539794922,20.19573211669922
2022-09-05,97.8355941772461,19.77692413330078
2022-09-06,99.16336822509766,20.000286102294922
2022-09-07,96.85724639892578,19.95375633239746
2022-09-08,95.44213104248047,19.721084594726562
2022-09-09,97.94042205810547,19.981672286987305
2022-09-12,102.48279571533203,20.82859230041504
2022-09-13,98.48200225830078,20.428401947021484
2022-09-14,98.97119140625,21.200862884521484
2022-09-15,94.28905487060547,20.865819931030273
2022-09-16,94.88306427001953,20.893741607666016
2022-09-19,96.01866149902344,20.930967330932617
2022-09-20,93.2757568359375,20.344640731811523
2022-09-21,94.21916961669922,20.53077507019043
2022-09-22,93.50288391113281,20.363250732421875
2022-09-23,90.95216369628906,19.581483840942383
2022-09-26,91.14434051513672,19.54425811767578
2022-09-27,92.89139556884766,19.711776733398438
2022-09-28,92.47211456298828,19.90721893310547
2022-09-29,87.06494140625,19.54425811767578
2022-09-30,90.3756332397461,19.804845809936523
2022-10-03,93.852294921875,19.823457717895508
2022-10-04,99.18084716796875,20.549386978149414
2022-10-05,93.46794891357422,20.35394859313965
2022-10-06,92.12269592285156,20.23295783996582
2022-10-07,91.14434051513672,20.046823501586914
2022-10-10,93.66011810302734,20.25157356262207
2022-10-11,94.20170593261719,20.549386978149414
2022-10-12,96.03612518310547,20.51215934753418
2022-10-13,98.3946533203125,20.493547439575195
2022-10-14,98.1325912475586,20.35394859313965
2022-10-17,100.45618438720703,20.82859230041504
2022-10-18,102.57015228271484,21.172943115234375
2022-10-19,99.407958984375,21.15433120727539
2022-10-20,99.79229736328125,21.396305084228516
2022-10-21,96.87471771240234,20.74483299255371
2022-10-24,99.00613403320312,21.312543869018555
2022-10-25,101.92372131347656,21.97332763671875
2022-10-26,101.64420318603516,22.122236251831055
2022-10-27,100.4212417602539,22.094314575195312
2022-10-28,96.71748352050781,21.843032836914062
2022-10-31,97.13677978515625,21.50092887878418
2022-11-01,99.51277160644531,21.96956443786621
2022-11-02,99.60012817382812,21.800853729248047
2022-11-03,96.78736877441406,21.35096549987793
2022-11-04,101.34719848632812,22.072662353515625
2022-11-07,101.57431030273438,22.11952781677246
2022-11-08,103.44366455078125,22.428823471069336
2022-11-09,103.30390930175781,22.79435920715332
2022-11-10,108.25308227539062,22.92557716369629
2022-11-11,111.21720123291016,22.681888580322266
2022-11-14,111.66629791259766,22.82247543334961
2022-11-15,112.1513442993164,22.897457122802734
2022-11-16,105.88178253173828,22.363216400146484
2022-11-17,103.63624572753906,22.13827133178711
2022-11-18,105.72010803222656,22.606904983520508
2022-11-21,105.09135437011719,22.897457122802734
2022-11-22,104.91171264648438,23.09428596496582
2022-11-23,106.24107360839844,23.394210815429688
2022-11-24,106.11532592773438,23.48793601989746
2022-11-25,107.15725708007812,23.394210815429688
2022-11-28,104.69613647460938,23.206756591796875
2022-11-29,105.64825439453125,23.356719970703125
2022-11-30,104.78597259521484,23.30048370361328
2022-12-01,105.63028717041016,23.59103775024414
2022-12-02,108.41475677490234,23.703508377075195
2022-12-05,108.1273193359375,23.4504451751709
2022-12-06,102.8458251953125,23.21613121032715
2022-12-07,104.82189178466797,23.234874725341797
2022-12-08,104.62428283691406,22.878713607788086
2022-12-09,105.63028717041016,22.944318771362305
2022-12-12,103.74403381347656,22.719375610351562
2022-12-13,108.37883758544922,23.206756591796875
2022-12-14,107.2650375366211,23.91908073425293
2022-12-15,99.91763305664062,23.281740188598633
2022-12-16,100.09727478027344,22.79435920715332
2022-12-19,100.56434631347656,22.97243881225586
2022-12-20,98.1571273803711,23.000560760498047
2022-12-21,101.46255493164062,23.525426864624023
2022-12-22,100.67212677001953,23.544172286987305
2022-12-23,101.04938507080078,23.37546730041504
2022-12-26,101.04938507080078,23.37546730041504
2022-12-27,101.91167449951172,23.53480339050293
2022-12-28,101.55238342285156,23.394210815429688
2022-12-29,102.68413543701172,23.619155883789062
2022-12-30,100.81584167480469,23.29111099243164
2023-01-02,104.35482788085938,23.994062423706055
2023-01-03,104.714111328125,23.787860870361328
2023-01-04,108.88182830810547,24.509559631347656
2023-01-05,114.32502746582031,24.668893814086914
2023-01-06,114.32502746582031,25.128156661987305
2023-01-09,115.9058837890625,25.212509155273438
2023-01-10,114.64838409423828,25.06254768371582
2023-01-11,116.98374938964844,25.55929946899414
2023-01-12,118.15142822265625,25.802988052368164
2023-01-13,116.64242553710938,25.765499114990234
2023-01-16,117.73824310302734,25.756126403808594
2023-01-17,115.13341522216797,25.69989013671875
2023-01-18,115.72624206542969,25.821735382080078
2023-01-19,112.58248138427734,25.212509155273438
2023-01-20,112.99567413330078,25.465572357177734
2023-01-23,113.98370361328125,25.568674087524414
2023-01-24,115.5645751953125,25.774869918823242
2023-01-25,114.66635131835938,25.990442276000977
2023-01-26,117.84603118896484,26.52468490600586
2023-01-27,112.99567413330078,26.618412017822266
2023-01-30,115.86995697021484,26.768375396728516
2023-01-31,115.07952117919922,26.824613571166992
2023-02-01,117.07357025146484,27.021438598632812
2023-02-02,123.1634750366211,27.180774688720703
2023-02-03,123.50479125976562,27.311988830566406
2023-02-06,120.98978424072266,26.98394775390625
2023-02-07,120.30715942382812,26.908964157104492
2023-02-08,122.0676498413086,27.049556732177734
2023-02-09,120.55864715576172,27.208892822265625
2023-02-10,116.3370361328125,25.962324142456055
2023-02-13,115.07952117919922,26.3653507232666
2023-02-14,114.73820495605469,26.51531410217285
2023-02-15,114.28910064697266,26.777748107910156
2023-02-16,116.06757354736328,26.684019088745117
2023-02-17,117.21727752685547,26.99332046508789
2023-02-20,115.67234802246094,26.796493530273438
2023-02-21,114.37892150878906,26.655900955200195
2023-02-22,113.53459167480469,26.70276641845703
2023-02-23,112.92381286621094,26.721511840820312
2023-02-24,112.70823669433594,26.45907974243164
2023-02-27,117.4508056640625,27.180774688720703
2023-02-28,118.60053253173828,27.26512908935547
2023-03-01,117.5765609741211,27.180774688720703
2023-03-02,118.56460571289062,27.1339111328125
2023-03-03,119.64246368408203,27.518190383911133
2023-03-06,121.79818725585938,27.74313735961914
2023-03-07,120.03767395019531,27.283870697021484
2023-03-08,120.98978424072266,27.311988830566406
2023-03-09,121.9239501953125,27.48069953918457
2023-03-10,118.81611633300781,27.433837890625
2023-03-13,119.35504913330078,26.843355178833008
2023-03-14,120.64847564697266,27.340110778808594
2023-03-15,110.4267578125,25.94358253479004
2023-03-16,112.618408203125,26.96520233154297
2023-03-17,110.22915649414062,26.833984375
2023-03-20,109.9776611328125,26.721511840820312
2023-03-21,111.845947265625,27.29324722290039
2023-03-22,112.1513442993164,27.433837890625
2023-03-23,111.32498168945312,27.799367904663086
2023-03-24,108.8638687133789,27.330738067626953
2023-03-27,109.60040283203125,27.82748794555664
2023-03-28,109.49262237548828,27.555683135986328
2023-03-29,110.35490417480469,27.883724212646484
2023-03-30,128.3551788330078,28.43671417236328
2023-03-31,132.77439880371094,28.961584091186523
2023-04-03,131.73248291015625,28.48357582092285
2023-04-04,134.46302795410156,28.652286529541016
2023-04-05,133.0079345703125,28.839738845825195
2023-04-06,135.63072204589844,28.539813995361328
2023-04-07,135.63072204589844,28.539813995361328
2023-04-10,135.63072204589844,28.539813995361328
2023-04-11,136.45709228515625,28.577302932739258
2023-04-12,135.0378875732422,28.502321243286133
2023-04-13,136.74452209472656,29.027191162109375
2023-04-14,139.02598571777344,29.139663696289062
2023-04-17,140.6068572998047,29.495824813842773
2023-04-18,139.5469512939453,29.477081298828125
2023-04-19,139.259521484375,29.523944854736328
2023-04-20,139.0798797607422,29.317745208740234
2023-04-21,139.49305725097656,29.44896125793457
2023-04-24,139.1876678466797,29.355236053466797
2023-04-25,137.37327575683594,29.411470413208008
2023-04-26,135.95408630371094,29.542688369750977
2023-04-27,134.73251342773438,29.609567642211914
2023-04-28,134.62474060058594,29.771997451782227
2023-05-01,134.62474060058594,29.771997451782227
2023-05-02,131.24742126464844,29.456695556640625
2023-05-03,132.16360473632812,29.647789001464844
2023-05-04,131.5168914794922,30.029972076416016
2023-05-05,132.94073486328125,30.259279251098633
2023-05-08,133.142822265625,30.63191032409668
2023-05-09,131.63632202148438,30.029972076416016
2023-05-10,129.59701538085938,29.83888053894043
2023-05-11,131.69142150878906,29.90576171875
2023-05-12,131.3607177734375,30.087295532226562
2023-05-15,131.2137451171875,29.857990264892578
2023-05-16,132.2793426513672,29.542688369750977
2023-05-17,134.6125946044922,29.886653900146484
2023-05-18,134.6125946044922,29.92487144470215
2023-05-19,132.40794372558594,29.99175262451172
2023-05-22,133.27142333984375,30.240171432495117
2023-05-23,132.09559631347656,29.686006546020508
2023-05-24,128.3844451904297,29.399370193481445
2023-05-25,126.34512329101562,29.42803192138672
2023-05-26,127.28211975097656,29.74333381652832
2023-05-29,126.1613998413086,29.848434448242188
2023-05-30,126.2900161743164,30.049081802368164
2023-05-31,124.41606903076172,29.896209716796875
2023-06-01,127.74142456054688,30.049081802368164
2023-06-02,130.75445556640625,30.71790313720703
2023-06-05,129.22955322265625,30.603242874145508
2023-06-06,129.22955322265625,30.402597427368164
2023-06-07,132.3528289794922,32.1319694519043
2023-06-08,131.65467834472656,31.883554458618164
2023-06-09,131.5628204345703,31.76889991760254
2023-06-12,133.17958068847656,32.25618362426758
2023-06-13,133.65724182128906,32.59059143066406
2023-06-14,133.74911499023438,32.68613815307617
2023-06-15,138.6544647216797,33.10654067993164
2023-06-16,140.8958740234375,32.858116149902344
2023-06-19,139.73841857910156,32.38994598388672
2023-06-20,141.63072204589844,32.59059143066406
2023-06-21,140.38143920898438,32.8294563293457
2023-06-22,142.73309326171875,32.48549270629883
2023-06-23,142.73309326171875,32.38994598388672
2023-06-26,143.8721466064453,32.41861343383789
2023-06-27,144.16610717773438,32.90589141845703
2023-06-28,144.6254119873047,32.9345588684082
2023-06-29,170.91592407226562,33.431396484375
2023-06-30,170.10752868652344,33.88045883178711
2023-07-03,169.51962280273438,33.63203811645508
2023-07-04,170.21778869628906,33.7180290222168
2023-07-05,170.21778869628906,33.87089920043945
2023-07-06,166.21267700195312,32.552371978759766
2023-07-07,164.57754516601562,32.56193161010742
2023-07-10,163.42010498046875,32.78168487548828
2023-07-11,164.83474731445312,32.90589141845703
2023-07-12,167.71917724609375,33.37406921386719
2023-07-13,165.51451110839844,33.27851867675781
2023-07-14,164.9817352294922,33.47916793823242
2023-07-17,163.9712677001953,33.584266662597656
2023-07-18,166.4882354736328,33.354957580566406
2023-07-19,164.1549835205078,32.6956901550293
2023-07-20,163.58543395996094,32.848567962646484
2023-07-21,162.50148010253906,33.24985885620117
2023-07-24,162.26266479492188,32.953670501708984
2023-07-25,160.7928924560547,32.48549270629883
2023-07-26,161.27053833007812,32.609703063964844
2023-07-27,162.96078491210938,33.202083587646484
2023-07-28,162.50148010253906,33.16386795043945
2023-07-31,162.4096221923828,33.2594108581543
2023-08-01,159.13938903808594,32.81034469604492
2023-08-02,153.90333557128906,31.9886531829834
2023-08-03,151.2209930419922,31.912220001220703
2023-08-04,152.0661163330078,32.14152526855469
2023-08-07,153.0398406982422,31.70201873779297
2023-08-08,152.3968048095703,31.721128463745117
2023-08-09,152.98472595214844,31.979103088378906
2023-08-10,155.6854248046875,32.31351089477539
2023-08-11,153.57261657714844,31.816673278808594
2023-08-14,154.0686798095703,32.06509017944336
2023-08-15,153.51751708984375,32.055538177490234
2023-08-16,155.70379638671875,32.38039016723633
2023-08-17,153.99520874023438,32.48549270629883
2023-08-18,151.44146728515625,32.4759407043457
2023-08-21,149.8430938720703,32.59059143066406
2023-08-22,150.4493865966797,32.953670501708984
2023-08-23,147.7670440673828,32.628814697265625
2023-08-24,144.38656616210938,32.4759407043457
2023-08-25,146.8851776123047,32.68613815307617
2023-08-28,148.1344757080078,33.04921340942383
2023-08-29,148.8142547607422,33.670257568359375
2023-08-30,149.08982849121094,33.74669647216797
2023-08-31,153.8482208251953,33.784912109375
2023-09-01,154.3626251220703,33.44094467163086
2023-09-04,153.8482208251953,33.3931770324707
2023-09-05,153.2970733642578,33.84223937988281
2023-09-06,151.5884552001953,33.70846939086914
2023-09-07,153.13169860839844,33.50782775878906
2023-09-08,153.16845703125,33.7180290222168
2023-09-11,155.57521057128906,34.20531463623047
2023-09-12,158.45960998535156,34.19575881958008
2023-09-13,156.69590759277344,34.033329010009766
2023-09-14,158.14730834960938,34.358184814453125
2023-09-15,146.46261596679688,34.577938079833984
2023-09-18,145.8379669189453,34.00466537475586
2023-09-19,146.22378540039062,33.64159393310547
2023-09-20,146.9219207763672,34.19575881958008
2023-09-21,145.76446533203125,33.89957046508789
2023-09-22,144.71725463867188,33.737144470214844
2023-09-25,144.60702514648438,33.62248611450195
2023-09-26,142.38401794433594,33.41228485107422
2023-09-27,147.21588134765625,33.44094467163086
2023-09-28,140.03237915039062,33.985557556152344
2023-09-29,142.8065643310547,33.7180290222168
2023-10-02,143.4495849609375,33.83268356323242
2023-10-03,139.6465606689453,33.41228485107422
2023-10-04,138.1584014892578,32.81034469604492
2023-10-05,136.5416717529297,32.96321487426758
2023-10-06,139.40773010253906,33.62248611450195
2023-10-09,136.02725219726562,33.335845947265625
2023-10-10,139.84866333007812,33.90912628173828
2023-10-11,138.966796875,33.07787322998047
2023-10-12,140.2161102294922,33.03010177612305
2023-10-13,139.334228515625,32.609703063964844
2023-10-16,144.60702514648438,32.99188232421875
2023-10-17,143.46795654296875,33.421836853027344
2023-10-18,141.9798126220703,33.354957580566406
2023-10-19,140.47329711914062,32.44727325439453
2023-10-20,138.04818725585938,31.950439453125
2023-10-23,138.61770629882812,32.51415252685547
2023-10-24,139.79351806640625,32.762577056884766
2023-10-25,136.8723602294922,32.58103561401367
2023-10-26,135.25563049316406,31.912220001220703
2023-10-27,133.32655334472656,31.19563102722168
2023-10-30,134.6125946044922,31.5969181060791
2023-10-31,137.14794921875,31.285505294799805
2023-11-01,140.58352661132812,31.689191818237305
2023-11-02,145.231689453125,32.38121795654297
2023-11-03,147.06890869140625,32.22743606567383
2023-11-06,144.22122192382812,31.89103126525879
2023-11-07,148.0609893798828,32.11209487915039
2023-11-08,149.3654327392578,32.688785552978516
2023-11-09,148.53118896484375,33.15974807739258
2023-11-10,145.43797302246094,32.938690185546875
2023-11-13,144.6505889892578,33.06364059448242
2023-11-14,148.34371948242188,33.57305145263672
2023-11-15,153.53659057617188,33.96712112426758
2023-11-16,150.04969787597656,33.746055603027344
2023-11-17,157.3234405517578,34.274688720703125
2023-11-20,157.3234405517578,34.918663024902344
2023-11-21,157.96084594726562,35.447296142578125
2023-11-22,160.69789123535156,35.43768310546875
2023-11-23,162.42257690429688,35.50495910644531
2023-11-24,162.7225341796875,35.812530517578125
2023-11-27,163.58489990234375,35.69719696044922
2023-11-28,163.28494262695312,35.77408981323242
2023-11-29,164.0723114013672,36.081661224365234
2023-11-30,157.3796844482422,36.360389709472656
2023-12-01,161.22279357910156,36.821746826171875
2023-12-04,164.6721954345703,36.87941360473633
2023-12-05,161.84144592285156,37.03319549560547
2023-12-06,158.89817810058594,36.52378463745117
2023-12-07,158.6357421875,36.03359603881836
2023-12-08,161.72894287109375,36.408447265625
2023-12-11,165.59080505371094,36.67757034301758
2023-12-12,163.71612548828125,36.812129974365234
2023-12-13,163.67861938476562,36.725624084472656
2023-12-14,165.6470489501953,37.11008834838867
2023-12-15,166.43441772460938,36.91786193847656
2023-12-18,169.8838348388672,36.91786193847656
2023-12-19,170.59620666503906,37.427268981933594
2023-12-20,170.18377685546875,37.57144546508789
2023-12-21,169.2651824951172,37.62910842895508
2023-12-22,165.40333557128906,37.53299331665039
2023-12-25,165.40333557128906,37.53299331665039
2023-12-26,165.40333557128906,37.53299331665039
2023-12-27,166.32192993164062,37.72522735595703
2023-12-28,165.2533721923828,37.85017395019531
2023-12-29,165.5532989501953,37.89823532104492
2024-01-01,165.5532989501953,37.89823532104492
2024-01-02,165.19712829589844,37.62910842895508
2024-01-03,158.72946166992188,36.47572708129883
2024-01-04,158.44825744628906,36.53339767456055
2024-01-05,155.13006591796875,36.158546447753906
2024-01-08,158.2233123779297,36.591068267822266
2024-01-09,156.94851684570312,36.34116744995117
2024-01-10,157.22972106933594,36.773685455322266
2024-01-11,157.22972106933594,36.70640182495117
2024-01-12,158.35452270507812,37.52338409423828
2024-01-15,158.5607452392578,37.379207611083984
2024-01-16,156.7235565185547,37.2542610168457
2024-01-17,150.81829833984375,36.927467346191406
2024-01-18,151.2494659423828,37.12931442260742
2024-01-19,149.037353515625,37.359989166259766
2024-01-22,148.26873779296875,37.600276947021484
2024-01-23,151.2682342529297,36.8505744934082
2024-01-24,152.99293518066406,37.49454879760742
2024-01-25,155.373779296875,37.61949920654297
2024-01-26,156.32986450195312,37.359989166259766
2024-01-29,156.74229431152344,37.40804672241211
2024-01-30,157.754638671875,38.44608688354492
2024-01-31,138.23916625976562,38.167354583740234
2024-02-01,134.92098999023438,38.01356887817383
2024-02-02,134.28358459472656,38.0904655456543
2024-02-05,130.9279022216797,37.30231857299805
2024-02-06,132.7650909423828,37.55221939086914
2024-02-07,131.04039001464844,37.00436019897461
2024-02-08,131.0591278076172,37.36960220336914
2024-02-09,131.65904235839844,37.542606353759766
2024-02-12,132.3714141845703,37.88862228393555
2024-02-13,130.79666137695312,37.590667724609375
2024-02-14,132.25894165039062,37.68677520751953
2024-02-15,132.74635314941406,37.85978698730469
2024-02-16,133.45872497558594,38.06162643432617
2024-02-19,133.1587677001953,38.128910064697266
2024-02-20,133.53370666503906,38.54220199584961
2024-02-21,134.65853881835938,39.22462844848633
2024-02-22,131.077880859375,39.44568634033203
2024-02-23,132.3526611328125,39.41685104370117
2024-02-26,132.0152130126953,39.98393249511719
2024-02-27,133.4399871826172,39.44568634033203
2024-02-28,131.865234375,39.41685104370117
2024-02-29,131.65904235839844,39.41685104370117
2024-03-01,132.24017333984375,39.503353118896484
2024-03-04,129.6531219482422,39.503353118896484
2024-03-05,130.38426208496094,39.070838928222656
2024-03-06,132.31517028808594,39.35918426513672
2024-03-07,130.75918579101562,39.55141830444336
2024-03-08,131.69651794433594,39.09006118774414
2024-03-11,133.8336639404297,38.80171585083008
2024-03-12,135.03346252441406,39.48413848876953
2024-03-13,137.4330596923828,42.54059600830078
2024-03-14,137.84548950195312,43.021175384521484
2024-03-15,136.7581787109375,43.3287467956543
2024-03-18,136.62693786621094,43.232627868652344
2024-03-19,138.63284301757812,44.03999328613281
2024-03-20,140.30133056640625,44.347564697265625
2024-03-21,143.13209533691406,44.47251510620117
2024-03-22,142.607177734375,44.4340705871582
2024-03-25,142.30723571777344,43.98232650756836
2024-03-26,144.6318359375,43.9534912109375
2024-03-27,166.60313415527344,44.84736251831055
2024-03-28,163.64112854003906,44.856971740722656
2024-03-29,163.64112854003906,44.856971740722656
2024-04-01,163.64112854003906,44.856971740722656
2024-04-02,156.06741333007812,44.09766387939453
2024-04-03,157.47341918945312,44.6839714050293
2024-04-04,157.707763671875,44.22261428833008
2024-04-05,155.27066040039062,43.4440803527832
2024-04-08,156.11428833007812,43.26145935058594
2024-04-09,154.89573669433594,42.48292922973633
2024-04-10,155.08319091796875,41.92546081542969
2024-04-11,154.4739532470703,41.75244903564453
2024-04-12,154.0521240234375,41.96390914916992
2024-04-15,155.41127014160156,42.569435119628906
2024-04-16,157.0047607421875,41.810123443603516
2024-04-17,158.4576416015625,41.887020111083984
2024-04-18,159.7698974609375,42.04080581665039
2024-04-19,160.3791961669922,42.04080581665039
2024-04-22,163.519287109375,42.91544723510742
2024-04-23,170.36187744140625,44.2418327331543
2024-04-24,166.84683227539062,43.43446731567383
2024-04-25,167.0343017578125,42.963504791259766
2024-04-26,168.67466735839844,43.578643798828125
2024-04-29,168.0653839111328,42.89421081542969
2024-04-30,165.6751708984375,41.89690017700195
2024-05-01,165.6751708984375,41.89690017700195
2024-05-02,161.26966857910156,41.554683685302734
2024-05-03,160.8009796142578,41.8675651550293
2024-05-06,161.13539123535156,41.74045944213867
2024-05-07,161.80421447753906,42.102230072021484
2024-05-08,160.13218688964844,42.64977264404297
2024-05-09,160.13218688964844,41.80889892578125
2024-05-10,162.95074462890625,41.92623519897461
2024-05-13,165.19601440429688,42.454219818115234
2024-05-14,168.20567321777344,42.51288604736328
2024-05-15,166.5814208984375,42.82577133178711
2024-05-16,167.536865234375,42.336891174316406
2024-05-17,173.2217559814453,42.19022750854492
2024-05-20,176.99574279785156,42.4640007019043
2024-05-21,179.71876525878906,42.3466682434082
2024-05-22,179.6709747314453,42.65955352783203
2024-05-23,177.6167755126953,43.3439826965332
2024-05-24,178.9066162109375,43.31465148925781
2024-05-27,179.0977020263672,43.754638671875
2024-05-28,179.575439453125,42.82577133178711
2024-05-29,174.7504425048828,42.61066818237305
2024-05-30,176.5180206298828,43.373313903808594
2024-05-31,177.3301544189453,42.59111022949219
2024-06-03,175.8014373779297,43.02132034301758
2024-06-04,175.46702575683594,42.952877044677734
2024-06-05,176.08807373046875,44.556400299072266
2024-06-06,176.08807373046875,44.96706008911133
2024-06-07,178.85885620117188,44.6541748046875
2024-06-10,176.23138427734375,44.69328689575195
2024-06-11,174.98931884765625,44.45862579345703
2024-06-12,177.90341186523438,45.43638229370117
2024-06-13,175.9447479248047,45.11371994018555
2024-06-14,180.19647216796875,44.93772506713867
2024-06-17,179.95761108398438,45.407047271728516
2024-06-18,183.34942626953125,45.81770706176758
2024-06-19,182.5373077392578,45.83726501464844
2024-06-20,185.5469512939453,46.375030517578125
2024-06-21,185.5469512939453,45.78837585449219
2024-06-24,184.40042114257812,46.15991973876953
2024-06-25,182.15512084960938,45.778594970703125
2024-06-26,185.9768829345703,45.57326889038086
2024-06-27,161.8519744873047,45.44615936279297
2024-06-28,160.17994689941406,45.328826904296875
2024-07-01,159.98886108398438,44.87906265258789
2024-07-02,157.4569549560547,44.24351501464844
2024-07-03,161.6131134033203,44.673728942871094
2024-07-04,162.37747192382812,44.673728942871094
2024-07-05,162.5207977294922,44.409732818603516
2024-07-08,163.28514099121094,44.59551239013672
2024-07-09,161.23092651367188,44.36084747314453
2024-07-10,162.1385955810547,44.781280517578125
2024-07-11,162.66409301757812,45.44615936279297
2024-07-12,166.5336456298828,46.23814392089844
2024-07-15,164.90940856933594,45.38749313354492
2024-07-16,164.00172424316406,44.90839385986328
2024-07-17,161.4698028564453,44.282630920410156
2024-07-18,162.90296936035156,44.24351501464844
2024-07-19,161.42201232910156,44.22396469116211
2024-07-22,159.7022247314453,44.253292083740234
2024-07-23,158.6990203857422,44.71284103393555
2024-07-24,157.31362915039062,44.06752395629883
2024-07-25,158.22129821777344,43.80352783203125
2024-07-26,158.55569458007812,43.95996856689453
2024-07-29,159.03341674804688,43.54930877685547
2024-07-30,159.98886108398438,44.155521392822266
2024-07-31,158.8423309326172,43.86219024658203
2024-08-01,158.0301971435547,43.88174819946289
2024-08-02,153.30076599121094,42.80621337890625
2024-08-05,151.34210205078125,42.3466682434082
2024-08-06,150.14779663085938,41.98489761352539
2024-08-07,150.9121551513672,42.50311279296875
2024-08-08,150.5299835205078,42.4444465637207
2024-08-09,151.10324096679688,43.23643112182617
2024-08-12,150.7688446044922,43.2657585144043
2024-08-13,149.5267791748047,43.422203063964844
2024-08-14,150.81661987304688,43.90130615234375
2024-08-15,152.4408721923828,44.351070404052734
2024-08-16,153.87403869628906,45.5537109375
2024-08-19,155.3072052001953,46.44347381591797
2024-08-20,154.5906219482422,47.069236755371094
2024-08-21,155.40272521972656,47.431007385253906
2024-08-22,155.498291015625,47.76344299316406
2024-08-23,158.7467803955078,48.301212310791016
2024-08-26,159.606689453125,48.09587860107422
2024-08-27,159.51113891601562,48.144771575927734
2024-08-28,154.54283142089844,47.57767105102539
2024-08-29,154.20843505859375,48.2523193359375
2024-08-30,155.25941467285156,47.89055252075195
2024-09-02,155.06832885742188,47.57767105102539
2024-09-03,155.54605102539062,47.40167236328125
2024-09-04,155.40272521972656,46.805240631103516
2024-09-05,153.01412963867188,45.88615036010742
2024-09-06,150.81661987304688,45.5634880065918
2024-09-09,149.908935546875,45.51460266113281
2024-09-10,148.18914794921875,45.250606536865234
2024-09-11,149.908935546875,47.30390167236328
2024-09-12,154.017333984375,48.71186828613281
2024-09-13,158.0301971435547,49.25941467285156
2024-09-16,162.99850463867188,49.25941467285156
2024-09-17,167.68017578125,49.90473556518555
2024-09-18,167.536865234375,49.80695724487305
2024-09-19,170.40318298339844,50.90204620361328
2024-09-20,171.69302368164062,50.86293411254883
2024-09-23,175.753662109375,51.1367073059082
2024-09-24,174.41604614257812,52.07535171508789
2024-09-25,173.26951599121094,51.21493148803711
2024-09-26,165.29156494140625,52.03624725341797
2024-09-27,163.76284790039062,52.1340217590332
2024-09-30,165.10047912597656,51.95802307128906
2024-10-01,163.18959045410156,51.17581558227539
2024-10-02,163.81063842773438,50.82382583618164
2024-10-03,162.4252471923828,50.76515579223633
2024-10-04,162.4252471923828,50.70649337768555
2024-10-07,166.10369873046875,51.25403594970703
2024-10-08,162.5207977294922,51.78202438354492
2024-10-09,162.5207977294922,51.60602569580078
2024-10-10,162.71188354492188,51.48870086669922
2024-10-11,164.09725952148438,52.03624725341797
2024-10-14,165.53042602539062,52.83800506591797
2024-10-15,167.01136779785156,52.896671295166016
2024-10-16,168.6833953857422,53.73754119873047
2024-10-17,168.92225646972656,53.365997314453125
2024-10-18,167.8712615966797,52.50556945800781
2024-10-21,167.05914306640625,52.740230560302734
2024-10-22,166.00814819335938,53.0335578918457
2024-10-23,164.6705322265625,53.28777313232422
2024-10-24,164.6705322265625,53.776649475097656
2024-10-25,164.6705322265625,53.346439361572266
2024-10-28,162.4252471923828,53.48332595825195
2024-10-29,159.32005310058594,53.248661041259766
2024-10-30,158.26905822753906,52.50556945800781
2024-10-31,151.19879150390625,51.395118713378906
2024-11-01,152.39308166503906,51.7685432434082
2024-11-04,154.78170776367188,51.139617919921875
2024-11-05,154.78170776367188,51.63096618652344
2024-11-06,153.5396270751953,50.74653625488281
2024-11-07,154.31976318359375,50.78584671020508
2024-11-08,154.85610961914062,51.100311279296875
2024-11-11,153.8809356689453,50.117610931396484
2024-11-12,153.14956665039062,49.41006851196289
2024-11-13,151.15048217773438,49.88176345825195
2024-11-14,151.15048217773438,50.137264251708984
2024-11-15,151.8330841064453,50.137264251708984
2024-11-18,149.68772888183594,50.373111724853516
2024-11-19,149.0538787841797,50.19622802734375
2024-11-20,149.2001495361328,50.392765045166016
2024-11-21,149.7364959716797,50.903770446777344
2024-11-22,151.54052734375,52.043697357177734
2024-11-25,150.3215789794922,52.1026611328125
2024-11-26,148.85882568359375,51.7488899230957
2024-11-27,148.37124633789062,50.943077087402344
2024-11-28,148.0299530029297,50.923423767089844
2024-11-29,147.4936065673828,51.27719497680664
2024-12-02,149.78524780273438,52.751243591308594
2024-12-03,154.5635528564453,53.91082763671875
2024-12-04,159.29310607910156,55.01144790649414
2024-12-05,158.85426330566406,54.81490707397461
2024-12-06,158.85426330566406,54.854217529296875
2024-12-09,159.39060974121094,54.28425216674805
2024-12-10,159.82943725585938,53.753597259521484
2024-12-11,156.66014099121094,50.23553466796875
2024-12-12,152.90577697753906,48.81061935424805
2024-12-13,152.5157012939453,49.33145523071289
2024-12-16,150.2728271484375,49.508338928222656
2024-12-17,148.37124633789062,49.33145523071289
2024-12-18,148.322509765625,49.42972183227539
2024-12-19,144.81190490722656,48.55512237548828
2024-12-20,147.1522979736328,49.193878173828125
2024-12-23,145.2994842529297,48.58460235595703
2024-12-24,145.2994842529297,48.65338897705078
2024-12-25,145.2994842529297,48.65338897705078
2024-12-26,145.2994842529297,48.65338897705078
2024-12-27,145.34825134277344,48.967857360839844
2024-12-30,145.3970184326172,48.7811393737793
2024-12-31,145.3970184326172,48.7811393737793
2025-01-01,145.3970184326172,48.7811393737793
2025-01-02,145.05569458007812,49.44937515258789
2025-01-03,143.10536193847656,49.115257263183594
2025-01-06,143.10536193847656,50.03899383544922
2025-01-07,145.592041015625,49.96038055419922
2025-01-08,143.10536193847656,49.80314636230469
2025-01-09,142.61778259277344,50.21588134765625
2025-01-10,140.9600067138672,49.272491455078125
2025-01-13,140.17987060546875,48.06377029418945
2025-01-14,140.76498413085938,48.505985260009766
2025-01-15,144.42184448242188,49.41006851196289
2025-01-16,144.51934814453125,48.16204071044922
2025-01-17,147.2010498046875,48.52564239501953
2025-01-20,145.3970184326172,48.10308074951172
2025-01-21,145.49452209472656,47.641212463378906
2025-01-22,145.73831176757812,47.82792282104492
2025-01-23,144.71438598632812,47.85740661621094
2025-01-24,146.76223754882812,48.06377029418945
2025-01-27,145.64080810546875,47.759132385253906
2025-01-28,148.81008911132812,49.23318099975586
2025-01-29,150.17530822753906,50.58930587768555
2025-01-30,145.00694274902344,51.82750701904297
2025-01-31,144.51934814453125,51.80785369873047
2025-02-03,141.9839324951172,50.844810485839844
2025-02-04,144.61688232421875,51.434425354003906
2025-02-05,144.32432556152344,51.25754165649414
2025-02-06,147.05479431152344,51.82750701904297
2025-02-07,147.05479431152344,51.7488899230957
2025-02-10,145.05569458007812,52.33850860595703
2025-02-11,146.4696807861328,52.59401321411133
2025-02-12,146.56719970703125,53.242591857910156
2025-02-13,148.37124633789062,53.321205139160156
2025-02-14,147.54237365722656,53.39982223510742
2025-02-17,146.71347045898438,54.12702178955078
2025-02-18,141.35006713867188,54.618370056152344
2025-02-19,138.61961364746094,52.770896911621094
2025-02-20,138.1807861328125,52.90847396850586
2025-02-21,137.93699645996094,51.53269577026367
2025-02-24,139.25347900390625,50.923423767089844
2025-02-25,140.5211944580078,51.06100082397461
2025-02-26,142.56903076171875,51.90612030029297
2025-02-27,141.05751037597656,50.76619338989258
2025-02-28,140.56993103027344,51.100311279296875
2025-03-03,138.9121551513672,50.27484130859375
2025-03-04,135.88916015625,49.66556930541992
2025-03-05,136.4742431640625,49.76383972167969
2025-03-06,139.69229125976562,49.292144775390625
2025-03-07,141.1062774658203,49.547645568847656
2025-03-10,145.34825134277344,49.33145523071289
2025-03-11,136.57177734375,47.80827331542969
2025-03-12,131.54966735839844,44.22142028808594
2025-03-13,130.0869140625,43.83816909790039
2025-03-14,130.7207794189453,44.07401657104492
2025-03-17,131.45216369628906,44.38847732543945
2025-03-18,132.32980346679688,44.457271575927734
2025-03-19,134.28013610839844,45.587371826171875
2025-03-20,133.5487518310547,46.03941345214844
2025-03-21,131.89097595214844,45.92148971557617
2025-03-24,131.54966735839844,46.18681716918945
2025-03-25,131.9397430419922,45.62668228149414
2025-03-26,129.5018310546875,46.00010681152344
2025-03-27,130.03817749023438,45.764259338378906
2025-03-28,129.5505828857422,45.43014144897461
2025-03-31,128.57542419433594,45.05671310424805
2025-04-01,131.45216369628906,45.390830993652344
2025-04-02,131.54966735839844,45.59720230102539
2025-04-03,126.57633972167969,44.634151458740234
2025-04-04,124.9673080444336,43.86764907836914
2025-04-07,119.84770202636719,41.74502182006836
2025-04-08,121.94430541992188,43.23872375488281
2025-04-09,121.06665802001953,43.1699333190918
2025-04-10,125.69867706298828,44.506404876708984
2025-04-11,127.8927993774414,44.60467529296875
2025-04-14,132.28103637695312,45.30238723754883
2025-04-15,133.79254150390625,46.14751052856445
2025-04-16,135.20652770996094,45.862525939941406
2025-04-17,135.5478515625,46.06889724731445
2025-04-18,135.5478515625,46.06889724731445
2025-04-21,135.5478515625,46.06889724731445
2025-04-22,138.22955322265625,46.69782257080078
2025-04-23,139.44850158691406,47.57242202758789
2025-04-24,138.22955322265625,47.32674789428711
2025-04-25,137.8882293701172,47.85740661621094
2025-04-28,137.1568603515625,47.709999084472656
2025-04-29,135.5966033935547,46.900001525878906
2025-04-30,136.57177734375,47.2400016784668
2025-05-01,136.57177734375,47.2400016784668
2025-05-02,137.20562744140625,47.90999984741211
2025-05-05,136.03543090820312,47.77000045776367
2025-05-06,135.88916015625,47.369998931884766
2025-05-07,133.5,46.0099983215332
2025-05-08,136.85000610351562,46.2400016784668
2025-05-09,138.89999389648438,46.47999954223633
2025-05-12,144.25,47.54999923706055
2025-05-13,146.8000030517578,48.43000030517578
2025-05-14,144.89999389648438,47.7599983215332
2025-05-15,144.75,48.20000076293945
2025-05-16,145.85000610351562,49.029998779296875
2025-05-19,144.0500030517578,48.5
2025-05-20,142.10000610351562,48.45000076293945
2025-05-21,140.9499969482422,48.56999969482422
2025-05-22,139.35000610351562,48.22999954223633
2025-05-23,138.85000610351562,47.06999969482422
2025-05-26,139.6999969482422,46.880001068115234
2025-05-27,139.14999389648438,46.849998474121094
2025-05-28,138.0,46.619998931884766
2025-05-29,138.0,47.33000183105469
2025-05-30,137.3000030517578,47.720001220703125
2025-06-02,137.1999969482422,47.439998626708984
2025-06-03,136.39999389648438,47.20000076293945
2025-06-04,137.0,47.41999816894531
2025-06-05,137.39999389648438,47.529998779296875
2025-06-06,137.39999389648438,48.130001068115234
2025-06-09,138.85000610351562,48.66999816894531
2025-06-10,138.89999389648438,49.209999084472656
2025-06-11,135.39999389648438,47.060001373291016
2025-06-12,132.6999969482422,46.2400016784668
2025-06-13,131.10000610351562,45.720001220703125
2025-06-16,134.1999969482422,45.7599983215332
2025-06-17,130.75,44.90999984741211
2025-06-18,130.75,44.43000030517578
2025-06-19,128.5500030517578,43.84000015258789
2025-06-20,128.5500030517578,44.220001220703125
2025-06-23,125.19999694824219,44.31999969482422
2025-06-24,129.0,44.349998474121094
2025-06-25,129.75,43.59000015258789
2025-06-26,134.60000610351562,43.22999954223633
2025-06-27,133.14999389648438,44.06999969482422
2025-06-30,132.89999389648438,44.18000030517578
2025-07-01,135.89999389648438,44.369998931884766
2025-07-02,137.25,43.9900016784668
2025-07-03,137.8000030517578,44.5
2025-07-04,138.10000610351562,43.529998779296875
2025-07-07,137.0500030517578,43.9900016784668
2025-07-08,135.25,43.22999954223633
2025-07-09,136.14999389648438,43.529998779296875
2025-07-10,138.5500030517578,44.0
2025-07-11,135.5,43.40999984741211
2025-07-14,134.0,42.72999954223633
2025-07-15,135.25,41.959999084472656
2025-07-16,135.5,41.86000061035156
2025-07-17,136.14999389648438,42.31999969482422
2025-07-18,139.10000610351562,42.06999969482422
2025-07-21,140.8000030517578,42.040000915527344
2025-07-22,141.0,42.040000915527344
2025-07-23,144.9499969482422,42.900001525878906
2025-07-24,143.64999389648438,43.040000915527344
2025-07-25,144.25,43.38999938964844
2025-07-28,140.8000030517578,43.220001220703125
2025-07-29,132.5500030517578,43.33000183105469
2025-07-30,135.85000610351562,42.84000015258789
2025-07-31,132.35000610351562,41.90999984741211
2025-08-01,128.35000610351562,41.130001068115234
2025-08-04,128.89999389648438,41.36000061035156
2025-08-05,130.3000030517578,41.279998779296875
2025-08-06,131.8000030517578,41.529998779296875
2025-08-07,134.25,42.33000183105469
2025-08-08,138.6999969482422,42.790000915527344
