Date,BNP.PA,GLE.PA
2020-08-10,26.18129539489746,11.008868217468262
2020-08-11,27.40574836730957,11.415294647216797
2020-08-12,27.650636672973633,11.497221946716309
2020-08-13,27.040241241455078,11.405654907226562
2020-08-14,26.79900550842285,11.298025131225586
2020-08-17,26.532184600830078,11.241800308227539
2020-08-18,26.23612403869629,11.036176681518555
2020-08-19,26.926931381225586,11.175934791564941
2020-08-20,26.283641815185547,10.883566856384277
2020-08-21,25.84868621826172,10.668304443359375
2020-08-24,26.524871826171875,11.11489200592041
2020-08-25,26.579700469970703,11.081155776977539
2020-08-26,26.97444725036621,11.164690971374512
2020-08-27,26.674732208251953,11.028144836425781
2020-08-28,27.636018753051758,11.368708610534668
2020-08-31,26.729557037353516,10.909269332885742
2020-09-01,26.378671646118164,10.62653636932373
2020-09-02,26.22881317138672,10.377540588378906
2020-09-03,26.426191329956055,10.401637077331543
2020-09-04,27.212026596069336,10.983163833618164
2020-09-07,27.33995819091797,10.864288330078125
2020-09-08,26.627216339111328,10.456254005432129
2020-09-09,26.894039154052734,10.587983131408691
2020-09-10,27.05120849609375,10.645814895629883
2020-09-11,26.396947860717773,10.314889907836914
2020-09-14,26.733213424682617,10.604046821594238
2020-09-15,26.195919036865234,10.438584327697754
2020-09-16,26.10453987121582,10.417701721191406
2020-09-17,25.896202087402344,10.464287757873535
2020-09-18,25.289459228515625,10.144608497619629
2020-09-21,23.67757225036621,9.367094993591309
2020-09-22,23.553298950195312,9.35745620727539
2020-09-23,22.994075775146484,9.246613502502441
2020-09-24,22.778423309326172,9.005648612976074
2020-09-25,22.11319923400879,8.758258819580078
2020-09-28,23.260892868041992,9.198420524597168
2020-09-29,22.657806396484375,8.857857704162598
2020-09-30,22.643186569213867,9.090789794921875
2020-10-01,22.40926170349121,8.873921394348145
2020-10-02,22.288644790649414,8.865890502929688
2020-10-05,22.994075775146484,9.147014617919922
2020-10-06,24.149076461791992,9.760672569274902
2020-10-07,24.200244903564453,9.908463478088379
2020-10-08,24.649822235107422,10.115691184997559
2020-10-09,24.43051528930664,9.9727201461792
2020-10-12,24.518239974975586,10.210471153259277
2020-10-13,23.520402908325195,9.807257652282715
2020-10-14,23.79453468322754,9.897217750549316
2020-10-15,23.147584915161133,9.498823165893555
2020-10-16,23.542333602905273,9.685168266296387
2020-10-19,23.831083297729492,9.874728202819824
2020-10-20,24.207557678222656,10.126936912536621
2020-10-21,23.856670379638672,9.953442573547363
2020-10-22,23.820119857788086,10.046615600585938
2020-10-23,24.488998413085938,10.240994453430176
2020-10-26,24.08694076538086,10.107659339904785
2020-10-27,22.935592651367188,9.593602180480957
2020-10-28,21.74769401550293,9.142194747924805
2020-10-29,21.422391891479492,9.116491317749023
2020-10-30,21.82444953918457,9.349424362182617
2020-11-02,22.752838134765625,9.738181114196777
2020-11-03,24.14542007446289,10.268302917480469
2020-11-04,24.211210250854492,10.242599487304688
2020-11-05,24.766786575317383,10.624930381774902
2020-11-06,24.2916259765625,10.506054878234863
2020-11-09,28.659439086914062,12.440196990966797
2020-11-10,30.848831176757812,13.013691902160645
2020-11-11,30.037399291992188,12.533370018005371
2020-11-12,28.907981872558594,12.269914627075195
2020-11-13,29.1784610748291,12.552647590637207
2020-11-16,29.6792049407959,13.081161499023438
2020-11-17,29.916784286499023,13.253050804138184
2020-11-18,30.0666446685791,13.187187194824219
2020-11-19,29.82906150817871,13.000842094421387
2020-11-20,29.935060501098633,12.983169555664062
2020-11-23,30.32981300354004,13.296424865722656
2020-11-24,31.970937728881836,13.847429275512695
2020-11-25,31.985557556152344,13.975943565368652
2020-11-26,31.700458526611328,13.807269096374512
2020-11-27,32.03672790527344,13.918111801147461
2020-11-30,31.408056259155273,13.402448654174805
2020-12-01,32.314517974853516,14.093212127685547
2020-12-02,32.8591194152832,14.388795852661133
2020-12-03,32.804290771484375,14.493215560913086
2020-12-04,33.43662643432617,14.694019317626953
2020-12-07,32.5338134765625,14.292410850524902
2020-12-08,32.37299346923828,14.073936462402344
2020-12-09,32.563053131103516,14.194418907165527
2020-12-10,31.769906997680664,13.733372688293457
2020-12-11,31.517709732055664,13.39602279663086
2020-12-14,32.27430725097656,13.648232460021973
2020-12-15,33.06745910644531,13.908473014831543
2020-12-16,32.29258346557617,13.858675003051758
2020-12-17,32.197547912597656,13.823332786560059
2020-12-18,31.84666633605957,13.686788558959961
2020-12-21,30.49428367614746,12.976744651794434
2020-12-22,31.057167053222656,13.307670593261719
2020-12-23,32.044036865234375,13.863494873046875
2020-12-24,32.014793395996094,13.874739646911621
2020-12-25,32.014793395996094,13.874739646911621
2020-12-28,31.894174575805664,13.792811393737793
2020-12-29,31.9051456451416,13.718915939331055
2020-12-30,31.65660285949707,13.6402006149292
2020-12-31,31.510395050048828,13.67232894897461
2021-01-01,31.510395050048828,13.67232894897461
2021-01-04,31.440946578979492,13.415299415588379
2021-01-05,31.375152587890625,13.50044059753418
2021-01-06,33.107666015625,14.422529220581055
2021-01-07,33.85329818725586,14.571930885314941
2021-01-08,33.104007720947266,14.279560089111328
2021-01-11,32.881046295166016,14.086788177490234
2021-01-12,33.14421463012695,14.167110443115234
2021-01-13,32.9139404296875,14.176748275756836
2021-01-14,32.99070358276367,14.266706466674805
2021-01-15,32.48264694213867,13.922932624816895
2021-01-18,32.75312042236328,13.975943565368652
2021-01-19,32.24506759643555,13.641807556152344
2021-01-20,32.471675872802734,13.722127914428711
2021-01-21,32.4131965637207,13.57273006439209
2021-01-22,31.495771408081055,13.124536514282227
2021-01-25,30.139745712280273,12.543008804321289
2021-01-26,30.6953125,12.840198516845703
2021-01-27,29.624378204345703,12.501240730285645
2021-01-28,30.121469497680664,12.666703224182129
2021-01-29,29.079769134521484,12.400035858154297
2021-02-01,29.372177124023438,12.517305374145508
2021-02-02,30.413877487182617,12.960680961608887
2021-02-03,30.629526138305664,13.057066917419434
2021-02-04,31.057167053222656,13.38156509399414
2021-02-05,31.86859703063965,13.791205406188965
2021-02-08,32.252376556396484,13.882772445678711
2021-02-09,32.10617446899414,13.979157447814941
2021-02-10,32.99435806274414,14.377551078796387
2021-02-11,33.40372085571289,14.422529220581055
2021-02-12,33.97757339477539,14.274741172790527
2021-02-15,34.75975799560547,15.196832656860352
2021-02-16,34.803619384765625,15.201650619506836
2021-02-17,34.832862854003906,15.309281349182129
2021-02-18,34.41252899169922,15.328557968139648
2021-02-19,35.3262939453125,15.908478736877441
2021-02-22,36.039031982421875,16.18478775024414
2021-02-23,36.14868927001953,16.160690307617188
2021-02-24,36.67501449584961,16.369524002075195
2021-02-25,36.77735900878906,16.803264617919922
2021-02-26,36.020755767822266,16.494022369384766
2021-03-01,35.91841125488281,16.690813064575195
2021-03-02,36.879703521728516,16.650651931762695
2021-03-03,37.8080940246582,17.253061294555664
2021-03-04,37.75691604614258,17.040210723876953
2021-03-05,37.71305465698242,17.1365966796875
2021-03-08,38.92654037475586,17.93981170654297
2021-03-09,38.44407272338867,17.51410484313965
2021-03-10,38.56834411621094,17.5743465423584
2021-03-11,38.25400924682617,17.176755905151367
2021-03-12,38.80227279663086,17.481977462768555
2021-03-15,37.88850021362305,17.570331573486328
2021-03-16,37.420650482177734,17.405672073364258
2021-03-17,37.778846740722656,17.63860511779785
2021-03-18,38.66337585449219,18.321338653564453
2021-03-19,37.391414642333984,17.807281494140625
2021-03-22,37.06976318359375,17.79924964904785
2021-03-23,36.81391143798828,17.690814971923828
2021-03-24,37.369476318359375,17.75908851623535
2021-03-25,37.15748596191406,17.546236038208008
2021-03-26,37.77153396606445,17.86350440979004
2021-03-29,37.04051971435547,17.433788299560547
2021-03-30,38.465999603271484,18.124549865722656
2021-03-31,37.92505645751953,17.923748016357422
2021-04-01,38.1224250793457,18.216920852661133
2021-04-02,38.1224250793457,18.216920852661133
2021-04-05,38.1224250793457,18.216920852661133
2021-04-06,37.976219177246094,18.192825317382812
2021-04-07,38.22476577758789,18.20487403869629
2021-04-08,38.01277160644531,17.871536254882812
2021-04-09,37.61802673339844,17.586397171020508
2021-04-12,37.588783264160156,17.73900604248047
2021-04-13,37.74960708618164,17.73097801208496
2021-04-14,37.99814987182617,17.923748016357422
2021-04-15,37.83732986450195,17.75908851623535
2021-04-16,38.670692443847656,17.98398780822754
2021-04-19,38.98502731323242,18.10848617553711
2021-04-20,37.15748596191406,17.28117561340332
2021-04-21,36.81391143798828,17.124547958374023
2021-04-22,37.04783248901367,17.188804626464844
2021-04-23,36.923561096191406,17.228967666625977
2021-04-26,37.946983337402344,17.923748016357422
2021-04-27,37.910430908203125,18.309289932250977
2021-04-28,39.09467315673828,18.967926025390625
2021-04-29,39.350528717041016,19.13660430908203
2021-04-30,39.02888488769531,19.012104034423828
2021-05-03,39.080055236816406,19.0602970123291
2021-05-04,38.780338287353516,18.634593963623047
2021-05-05,40.132713317871094,18.983989715576172
2021-05-06,40.14002227783203,20.020139694213867
2021-05-07,40.04499435424805,20.008089065551758
2021-05-10,40.80524826049805,20.590421676635742
2021-05-11,40.79063034057617,20.28118324279785
2021-05-12,41.37544250488281,20.702871322631836
2021-05-13,40.98069763183594,20.642629623413086
2021-05-14,41.69709014892578,20.963916778564453
2021-05-17,41.653228759765625,21.04022216796875
2021-05-18,41.719017028808594,21.012109756469727
2021-05-19,40.89297103881836,20.87556266784668
2021-05-20,41.0903434753418,20.975963592529297
2021-05-21,41.11227798461914,21.076366424560547
2021-05-24,41.4627685546875,21.044239044189453
2021-05-25,41.313629150390625,21.290369033813477
2021-05-26,40.75432586669922,20.839126586914062
2021-05-27,42.05189895629883,21.458559036254883
2021-05-28,42.1190185546875,21.536500930786133
2021-05-31,41.649200439453125,21.49958038330078
2021-06-01,42.290531158447266,21.766223907470703
2021-06-02,42.50679397583008,21.84006118774414
2021-06-03,42.83491897583008,21.946720123291016
2021-06-04,42.588829040527344,21.758020401000977
2021-06-07,42.93186569213867,21.934412002563477
2021-06-08,42.268165588378906,21.585725784301758
2021-06-09,41.93258285522461,21.474966049194336
2021-06-10,41.82817840576172,21.65956687927246
2021-06-11,41.999698638916016,21.643157958984375
2021-06-14,42.09664535522461,21.643157958984375
2021-06-15,42.1115608215332,21.54880714416504
2021-06-16,41.56717300415039,21.031932830810547
2021-06-17,41.992244720458984,21.24114227294922
2021-06-18,40.075706481933594,20.51915740966797
2021-06-21,40.16519546508789,20.375581741333008
2021-06-22,40.25468444824219,20.158164978027344
2021-06-23,39.881813049316406,20.232006072998047
2021-06-24,40.34416961669922,20.867843627929688
2021-06-25,40.612632751464844,20.839126586914062
2021-06-28,39.67301559448242,20.32635498046875
2021-06-29,39.94893264770508,20.58479118347168
2021-06-30,39.42692184448242,20.39609146118164
2021-07-01,39.881813049316406,21.085262298583984
2021-07-02,39.12862777709961,20.568382263183594
2021-07-05,39.993675231933594,21.072954177856445
2021-07-06,38.718467712402344,20.424806594848633
2021-07-07,38.166629791259766,20.252513885498047
2021-07-08,37.07413101196289,19.620779037475586
2021-07-09,37.980194091796875,20.32635498046875
2021-07-12,38.062225341796875,20.346864700317383
2021-07-13,37.90562438964844,20.149959564208984
2021-07-14,38.13679885864258,20.240209579467773
2021-07-15,37.8235969543457,20.309946060180664
2021-07-16,37.19717788696289,19.809478759765625
2021-07-19,35.63859176635742,18.902894973754883
2021-07-20,36.313480377197266,19.17363929748535
2021-07-21,37.45818328857422,19.805376052856445
2021-07-22,37.271751403808594,19.715129852294922
2021-07-23,37.71173095703125,20.07611846923828
2021-07-26,38.56186294555664,20.433013916015625
2021-07-27,38.21137619018555,20.232006072998047
2021-07-28,38.15171432495117,20.149959564208984
2021-07-29,38.8303337097168,20.461727142333984
2021-07-30,38.36798095703125,20.28533363342285
2021-08-02,37.995113372802734,20.40019416809082
2021-08-03,38.3306884765625,21.70058822631836
2021-08-04,38.78558349609375,22.320018768310547
2021-08-05,39.08388137817383,22.262588500976562
2021-08-06,40.269596099853516,22.590763092041016
2021-08-09,40.42620086669922,22.63588523864746
2021-08-10,40.284507751464844,22.4923095703125
2021-08-11,40.843814849853516,22.668703079223633
2021-08-12,40.50823211669922,22.53333282470703
2021-08-13,40.552974700927734,22.525127410888672
2021-08-16,40.157737731933594,22.139522552490234
2021-08-17,39.41946029663086,21.65956687927246
2021-08-18,39.77741241455078,21.786733627319336
2021-08-19,38.71101760864258,21.12628173828125
2021-08-20,38.85270309448242,21.130382537841797
2021-08-23,39.30760192871094,21.376516342163086
2021-08-24,39.57606506347656,21.50368309020996
2021-08-25,40.38146209716797,22.028762817382812
2021-08-26,40.023502349853516,21.819551467895508
2021-08-27,39.86690139770508,21.8892879486084
2021-08-30,39.523860931396484,21.54060173034668
2021-08-31,40.0682487487793,21.864675521850586
2021-09-01,40.866188049316406,22.1600341796875
2021-09-02,40.866188049316406,22.135419845581055
2021-09-03,40.17265319824219,21.794937133789062
2021-09-06,40.35908508300781,21.881084442138672
2021-09-07,40.515689849853516,22.016454696655273
2021-09-08,39.896732330322266,21.552907943725586
2021-09-09,40.075706481933594,21.67597770690918
2021-09-10,39.38962936401367,21.692384719848633
2021-09-13,40.284507751464844,21.946720123291016
2021-09-14,39.814701080322266,21.54470443725586
2021-09-15,39.993675231933594,21.50778579711914
2021-09-16,40.388916015625,21.614442825317383
2021-09-17,39.92655944824219,21.372411727905273
2021-09-20,38.14426040649414,20.154062271118164
2021-09-21,38.30086135864258,20.088428497314453
2021-09-22,39.643184661865234,20.830923080444336
2021-09-23,40.538063049316406,21.368310928344727
2021-09-24,40.866188049316406,21.606237411499023
2021-09-27,42.13393020629883,22.291303634643555
2021-09-28,42.049583435058594,21.770326614379883
2021-09-29,42.37163162231445,22.246179580688477
2021-09-30,42.509647369384766,22.31181526184082
2021-10-01,42.08792495727539,22.11901092529297
2021-10-04,41.689208984375,21.938514709472656
2021-10-05,43.613792419433594,22.890222549438477
2021-10-06,43.09238815307617,22.701520919799805
2021-10-07,43.774818420410156,23.156864166259766
2021-10-08,43.70580291748047,23.18147850036621
2021-10-11,43.95884323120117,23.251216888427734
2021-10-12,43.85149383544922,23.210193634033203
2021-10-13,43.21507263183594,22.935346603393555
2021-10-14,43.42210006713867,23.210193634033203
2021-10-15,44.2808837890625,23.62041473388672
2021-10-18,44.48023986816406,23.521961212158203
2021-10-19,44.549251556396484,23.54657554626465
2021-10-20,44.610595703125,23.476837158203125
2021-10-21,44.158203125,23.25531768798828
2021-10-22,44.25020980834961,23.38248634338379
2021-10-25,44.63359451293945,23.554777145385742
2021-10-26,44.610595703125,23.5629825592041
2021-10-27,44.334556579589844,23.431711196899414
2021-10-28,44.05852127075195,23.247112274169922
2021-10-29,44.395896911621094,23.657331466674805
2021-11-01,45.753074645996094,24.145492553710938
2021-11-02,45.569053649902344,24.083959579467773
2021-11-03,45.914100646972656,24.133188247680664
2021-11-04,45.30068588256836,24.37932014465332
2021-11-05,45.630393981933594,24.609041213989258
2021-11-08,45.53837966918945,24.453157424926758
2021-11-09,45.13966369628906,24.21523094177246
2021-11-10,45.392696380615234,24.120880126953125
2021-11-11,45.607391357421875,24.17831039428711
2021-11-12,45.446372985839844,24.014223098754883
2021-11-15,46.94157028198242,24.4449520111084
2021-11-16,46.18246841430664,24.412134170532227
2021-11-17,46.144134521484375,24.37111473083496
2021-11-18,45.638065338134766,24.276765823364258
2021-11-19,44.257877349853516,23.661436080932617
2021-11-22,44.96330642700195,23.997814178466797
2021-11-23,45.154998779296875,23.98550796508789
2021-11-24,44.88663101196289,24.010120391845703
2021-11-25,45.03231430053711,24.06755256652832
2021-11-26,42.394630432128906,22.369245529174805
2021-11-29,42.46364212036133,22.549741744995117
2021-11-30,42.233612060546875,22.598968505859375
2021-12-01,43.39142990112305,23.34146499633789
2021-12-02,43.28408432006836,23.394792556762695
2021-12-03,43.06938552856445,23.271726608276367
2021-12-06,43.96650695800781,23.509653091430664
2021-12-07,44.67193603515625,23.77219581604004
2021-12-08,44.57225799560547,23.952688217163086
2021-12-09,44.02784729003906,23.981407165527344
2021-12-10,43.48344039916992,23.86244010925293
2021-12-13,42.93904113769531,23.501449584960938
2021-12-14,43.0080451965332,23.735275268554688
2021-12-15,42.85469436645508,23.591697692871094
2021-12-16,43.67513656616211,24.06344985961914
2021-12-17,43.06938552856445,23.521961212158203
2021-12-20,43.261077880859375,23.271726608276367
2021-12-21,45.13199996948242,23.891157150268555
2021-12-22,45.507713317871094,24.153697967529297
2021-12-23,46.00611114501953,24.473669052124023
2021-12-24,45.814422607421875,24.55571174621582
2021-12-27,46.2974853515625,24.604938507080078
2021-12-28,46.63486099243164,24.732105255126953
2021-12-29,46.55051803588867,24.838764190673828
2021-12-30,46.51984786987305,24.810047149658203
2021-12-31,46.596519470214844,24.781333923339844
2022-01-03,46.926231384277344,24.98644256591797
2022-01-04,48.49810791015625,26.192485809326172
2022-01-05,48.559452056884766,26.459129333496094
2022-01-06,49.218875885009766,26.951393127441406
2022-01-07,49.456573486328125,27.23854637145996
2022-01-10,49.073184967041016,27.086763381958008
2022-01-11,49.349220275878906,27.140094757080078
2022-01-12,50.09299087524414,27.49698257446289
2022-01-13,51.34281921386719,28.095905303955078
2022-01-14,50.836753845214844,28.08769989013672
2022-01-17,50.64506530761719,28.18614959716797
2022-01-18,50.6143913269043,28.16153907775879
2022-01-19,50.14665985107422,27.628253936767578
2022-01-20,49.15753173828125,27.673377990722656
2022-01-21,47.87702941894531,27.041637420654297
2022-01-24,46.08279037475586,25.527931213378906
2022-01-25,47.585655212402344,26.28683853149414
2022-01-26,49.03485107421875,27.140094757080078
2022-01-27,49.456573486328125,27.226240158081055
2022-01-28,48.137725830078125,26.94729232788086
2022-01-31,48.306419372558594,26.816020965576172
2022-02-01,49.24187469482422,27.345203399658203
2022-02-02,48.66680145263672,27.624149322509766
2022-02-03,48.797149658203125,28.104108810424805
2022-02-04,49.303218841552734,27.92361068725586
2022-02-07,50.369022369384766,28.296911239624023
2022-02-08,50.60672378540039,28.793275833129883
2022-02-09,51.151126861572266,29.228107452392578
2022-02-10,51.03611373901367,30.17571258544922
2022-02-11,49.76327896118164,29.511157989501953
2022-02-14,47.347957611083984,27.726703643798828
2022-02-15,48.712806701660156,28.30511474609375
2022-02-16,48.11472702026367,27.804645538330078
2022-02-17,47.55498504638672,27.066253662109375
2022-02-18,47.478302001953125,26.557579040527344
2022-02-21,46.818885803222656,26.048908233642578
2022-02-22,46.51984786987305,25.78226661682129
2022-02-23,45.66106414794922,25.495115280151367
2022-02-24,42.24127960205078,22.397960662841797
2022-02-25,43.51411437988281,23.345565795898438
2022-02-28,40.26301193237305,21.036033630371094
2022-03-01,37.521820068359375,19.06698226928711
2022-03-02,38.311588287353516,19.116209030151367
2022-03-03,38.92116928100586,18.972631454467773
2022-03-04,36.18763732910156,17.069215774536133
2022-03-07,34.734615325927734,16.35133171081543
2022-03-08,35.85792922973633,17.28662872314453
2022-03-09,39.4272346496582,19.28029441833496
2022-03-10,37.8361930847168,18.18501091003418
2022-03-11,37.594661712646484,18.21782875061035
2022-03-14,39.112857818603516,18.931610107421875
2022-03-15,39.32756042480469,18.91109848022461
2022-03-16,41.67387008666992,20.638120651245117
2022-03-17,40.67707061767578,20.44121742248535
2022-03-18,40.90709686279297,20.100732803344727
2022-03-21,40.41636657714844,20.084325790405273
2022-03-22,41.09878921508789,20.36737823486328
2022-03-23,40.04832077026367,19.994077682495117
2022-03-24,39.18186950683594,19.764354705810547
2022-03-25,38.33842468261719,19.497711181640625
2022-03-28,39.15886688232422,19.698719024658203
2022-03-29,41.666202545166016,21.3395938873291
2022-03-30,40.7000732421875,20.810413360595703
2022-03-31,39.81829071044922,20.067914962768555
2022-04-01,39.6342658996582,20.01869010925293
2022-04-04,39.36589431762695,19.690515518188477
2022-04-05,37.571659088134766,18.59112548828125
2022-04-06,36.26431655883789,17.975799560546875
2022-04-07,35.70074462890625,17.61890983581543
2022-04-08,36.68604278564453,17.93887710571289
2022-04-11,37.37613296508789,18.829055786132812
2022-04-12,37.34929656982422,18.480369567871094
2022-04-13,37.5141487121582,18.64035415649414
2022-04-14,37.95887756347656,18.75521469116211
2022-04-15,37.95887756347656,18.75521469116211
2022-04-18,37.95887756347656,18.75521469116211
2022-04-19,38.14289855957031,19.009552001953125
2022-04-20,39.281551361083984,19.63308334350586
2022-04-21,40.178672790527344,19.94074821472168
2022-04-22,39.66493225097656,19.727434158325195
2022-04-25,38.99018096923828,19.25157928466797
2022-04-26,38.675804138183594,19.025959014892578
2022-04-27,38.14289855957031,18.886484146118164
2022-04-28,37.92436981201172,18.845462799072266
2022-04-29,38.11222839355469,19.009552001953125
2022-05-02,37.42213821411133,18.615739822387695
2022-05-03,39.350563049316406,19.20235252380371
2022-05-04,39.112857818603516,18.886484146118164
2022-05-05,38.87516403198242,18.402427673339844
2022-05-06,38.79082107543945,18.513187408447266
2022-05-09,38.223411560058594,18.049638748168945
2022-05-10,39.043853759765625,18.053739547729492
2022-05-11,39.98698043823242,18.56241226196289
2022-05-12,39.4195671081543,18.83315658569336
2022-05-13,40.16333770751953,19.14902687072754
2022-05-16,40.109657287597656,19.042367935180664
2022-05-17,41.022117614746094,19.731536865234375
2022-05-18,40.89943313598633,19.67410659790039
2022-05-19,40.78441619873047,20.080223083496094
2022-05-20,41.18313980102539,20.09663200378418
2022-05-23,42.89498519897461,20.949886322021484
2022-05-24,42.532867431640625,20.8924560546875
2022-05-25,42.68923568725586,21.817989349365234
2022-05-26,43.37232971191406,21.848695755004883
2022-05-27,44.07188415527344,21.82676124572754
2022-05-30,44.68913650512695,22.20399284362793
2022-05-31,43.70975875854492,21.93642234802246
2022-06-01,43.487552642822266,21.98028564453125
2022-06-02,43.37232971191406,21.901330947875977
2022-06-03,43.257110595703125,21.91448974609375
2022-06-06,43.849674224853516,22.493494033813477
2022-06-07,43.16657638549805,22.107492446899414
2022-06-08,42.86206817626953,21.958354949951172
2022-06-09,42.12959289550781,21.82676124572754
2022-06-10,39.99801254272461,20.484521865844727
2022-06-13,38.409610748291016,19.523897171020508
2022-06-14,38.9569091796875,19.664262771606445
2022-06-15,39.738765716552734,20.225723266601562
2022-06-16,39.109169006347656,19.813400268554688
2022-06-17,39.29022979736328,20.11606216430664
2022-06-20,39.78814697265625,20.59418296813965
2022-06-21,40.61937713623047,20.809114456176758
2022-06-22,40.36013412475586,20.69945526123047
2022-06-23,38.46722412109375,19.558990478515625
2022-06-24,39.450714111328125,20.00201416015625
2022-06-27,39.34372329711914,19.870424270629883
2022-06-28,39.43014144897461,20.028335571289062
2022-06-29,38.747047424316406,19.554603576660156
2022-06-30,37.335594177246094,18.326406478881836
2022-07-01,37.29032897949219,18.251840591430664
2022-07-04,37.2656364440918,18.085155487060547
2022-07-05,36.13400650024414,17.28244400024414
2022-07-06,35.747196197509766,17.171905517578125
2022-07-07,36.66484069824219,17.843904495239258
2022-07-08,37.41377639770508,18.269386291503906
2022-07-11,36.19161605834961,17.795652389526367
2022-07-12,36.059932708740234,17.85706329345703
2022-07-13,35.16697311401367,17.461408615112305
2022-07-14,33.829593658447266,16.82450294494629
2022-07-15,34.21640396118164,17.110496520996094
2022-07-18,34.9365348815918,17.694765090942383
2022-07-19,36.1298942565918,18.396591186523438
2022-07-20,36.64427185058594,18.37027359008789
2022-07-21,36.64838409423828,18.207975387573242
2022-07-22,36.059932708740234,17.93163299560547
2022-07-25,36.80886459350586,18.28254508972168
2022-07-26,36.471439361572266,18.137792587280273
2022-07-27,36.51258850097656,18.405363082885742
2022-07-28,36.78829574584961,18.532569885253906
2022-07-29,37.85820007324219,19.155439376831055
2022-08-01,37.74298095703125,18.979982376098633
2022-08-02,38.18740463256836,18.9843692779541
2022-08-03,38.89518356323242,19.56776237487793
2022-08-04,39.77580261230469,19.971311569213867
2022-08-05,40.195533752441406,19.975698471069336
2022-08-08,39.91982650756836,20.067811965942383
2022-08-09,39.91982650756836,20.01078987121582
2022-08-10,40.52062225341797,20.418724060058594
2022-08-11,40.78398132324219,20.484521865844727
2022-08-12,41.50410842895508,20.800342559814453
2022-08-15,41.216060638427734,20.695068359375
2022-08-16,41.25720977783203,20.730159759521484
2022-08-17,40.7181396484375,20.431884765625
2022-08-18,40.351905822753906,20.34415626525879
2022-08-19,39.224388122558594,19.76076316833496
2022-08-22,38.25324249267578,19.16421127319336
2022-08-23,38.37257766723633,19.25193977355957
2022-08-24,38.40138626098633,19.243167877197266
2022-08-25,38.38080596923828,19.155439376831055
2022-08-26,37.73474884033203,18.94489097595215
2022-08-29,37.660675048828125,19.098417282104492
2022-08-30,38.17917251586914,19.357215881347656
2022-08-31,38.25735855102539,19.37037467956543
2022-09-01,37.841739654541016,19.34844207763672
2022-09-02,39.07624816894531,20.256427764892578
2022-09-05,38.23678207397461,19.773923873901367
2022-09-06,38.31908416748047,19.879196166992188
2022-09-07,38.282047271728516,19.72128677368164
2022-09-08,39.04332733154297,20.238882064819336
2022-09-09,40.06385040283203,20.822275161743164
2022-09-12,41.61109924316406,21.331098556518555
2022-09-13,41.38888931274414,21.265300750732422
2022-09-14,41.35596466064453,21.25214195251465
2022-09-15,41.446502685546875,21.502166748046875
2022-09-16,40.59469223022461,21.05036735534668
2022-09-19,40.61937713623047,21.01089096069336
2022-09-20,39.866329193115234,20.56786346435547
2022-09-21,39.475406646728516,20.300291061401367
2022-09-22,39.685272216796875,20.624887466430664
2022-09-23,38.60301971435547,19.813400268554688
2022-09-26,38.031028747558594,19.392305374145508
2022-09-27,37.125728607177734,19.256328582763672
2022-09-28,35.67723846435547,18.41852378845215
2022-09-29,35.006492614746094,17.655288696289062
2022-09-30,35.88710403442383,17.909700393676758
2022-10-03,36.11343002319336,18.21236228942871
2022-10-04,37.42612075805664,18.940505981445312
2022-10-05,36.30683898925781,18.54572868347168
2022-10-06,35.91179275512695,18.5237979888916
2022-10-07,35.89533615112305,18.690481185913086
2022-10-10,36.035247802734375,18.909801483154297
2022-10-11,35.19578170776367,18.743118286132812
2022-10-12,34.85012435913086,18.624683380126953
2022-10-13,35.751312255859375,19.34844207763672
2022-10-14,36.261573791503906,19.488807678222656
2022-10-17,37.34794235229492,19.738832473754883
2022-10-18,37.998111724853516,19.953767776489258
2022-10-19,37.788246154785156,19.769535064697266
2022-10-20,38.18328857421875,19.936220169067383
2022-10-21,38.17094039916992,19.848491668701172
2022-10-24,38.652400970458984,20.186246871948242
2022-10-25,38.9569091796875,20.414339065551758
2022-10-26,38.8704948425293,20.40995216369629
2022-10-27,39.010406494140625,20.418724060058594
2022-10-28,38.9157600402832,20.111677169799805
2022-10-31,39.088592529296875,20.374860763549805
2022-11-01,39.372528076171875,20.58102035522461
2022-11-02,39.40544891357422,20.488906860351562
2022-11-03,40.64406967163086,20.616113662719727
2022-11-04,41.6687126159668,21.14248275756836
2022-11-07,41.71809005737305,20.695068359375
2022-11-08,41.71809005737305,20.8924560546875
2022-11-09,41.36419677734375,20.528385162353516
2022-11-10,41.84977340698242,20.681909561157227
2022-11-11,42.59870529174805,20.98895835876465
2022-11-14,42.94437026977539,21.195119857788086
2022-11-15,43.183040618896484,21.410051345825195
2022-11-16,42.870296478271484,20.949480056762695
2022-11-17,43.21595764160156,21.124937057495117
2022-11-18,43.87436294555664,21.081073760986328
2022-11-21,43.306488037109375,20.98457145690918
2022-11-22,43.158348083496094,20.8924560546875
2022-11-23,43.405250549316406,21.12055015563965
2022-11-24,43.80852127075195,21.374961853027344
2022-11-25,43.89082717895508,21.313552856445312
2022-11-28,43.454627990722656,21.063528060913086
2022-11-29,44.08834457397461,21.12055015563965
2022-11-30,43.97312545776367,21.04598045349121
2022-12-01,43.314720153808594,20.497678756713867
2022-12-02,43.41347885131836,20.515226364135742
2022-12-05,43.05958557128906,20.287132263183594
2022-12-06,43.174808502197266,19.95815086364746
2022-12-07,42.796226501464844,19.734445571899414
2022-12-08,42.796226501464844,19.5721492767334
2022-12-09,43.52870178222656,19.852876663208008
2022-12-12,43.355865478515625,19.686193466186523
2022-12-13,44.137725830078125,20.25204086303711
2022-12-14,44.038963317871094,19.927446365356445
2022-12-15,42.52463150024414,19.40985107421875
2022-12-16,43.24065399169922,19.65549087524414
2022-12-19,42.9608268737793,19.642330169677734
2022-12-20,43.56985092163086,20.085359573364258
2022-12-21,44.45869827270508,20.659976959228516
2022-12-22,44.285865783691406,20.506452560424805
2022-12-23,44.27763366699219,20.677522659301758
2022-12-26,44.27763366699219,20.677522659301758
2022-12-27,44.442237854003906,20.730159759521484
2022-12-28,44.080116271972656,20.63365936279297
2022-12-29,44.3681640625,20.72138786315918
2022-12-30,43.824981689453125,20.598567962646484
2023-01-02,45.2076301574707,21.217050552368164
2023-01-03,46.096473693847656,21.554805755615234
2023-01-04,47.98938751220703,22.344358444213867
2023-01-05,48.236289978027344,22.31804084777832
2023-01-06,48.647789001464844,22.37944793701172
2023-01-09,48.57371520996094,21.993446350097656
2023-01-10,48.02230453491211,21.53725814819336
2023-01-11,48.22805404663086,21.278459548950195
2023-01-12,49.11690139770508,21.791669845581055
2023-01-13,49.26504135131836,21.668851852416992
2023-01-16,49.01814270019531,21.747806549072266
2023-01-17,48.96052932739258,21.550418853759766
2023-01-18,49.083980560302734,21.699556350708008
2023-01-19,48.47496032714844,21.24336814880371
2023-01-20,49.09221267700195,21.475849151611328
2023-01-23,49.544864654541016,21.664464950561523
2023-01-24,49.99751663208008,22.015377044677734
2023-01-25,50.195037841796875,21.91887664794922
2023-01-26,50.80405807495117,22.335582733154297
2023-01-27,51.050960540771484,23.3356876373291
2023-01-30,51.11680221557617,23.348844528198242
2023-01-31,51.76697540283203,23.93223762512207
2023-02-01,52.00564193725586,24.015579223632812
2023-02-02,50.69707107543945,24.1252384185791
2023-02-03,50.795833587646484,24.419126510620117
2023-02-06,49.99751663208008,24.173490524291992
2023-02-07,51.30609130859375,24.585811614990234
2023-02-08,52.548824310302734,23.348844528198242
2023-02-09,53.00971221923828,23.28743553161621
2023-02-10,52.33484649658203,23.02863883972168
2023-02-13,52.112632751464844,23.20409393310547
2023-02-14,52.98501968383789,23.256731033325195
2023-02-15,52.83687973022461,23.51114273071289
2023-02-16,54.153690338134766,24.563880920410156
2023-02-17,53.84917449951172,24.44106101989746
2023-02-20,53.90678405761719,24.322628021240234
2023-02-21,53.824485778808594,23.93223762512207
2023-02-22,52.63935852050781,23.46727752685547
2023-02-23,53.322452545166016,23.519914627075195
2023-02-24,52.581748962402344,23.15145492553711
2023-02-27,53.873863220214844,23.497982025146484
2023-02-28,54.441741943359375,23.967327117919922
2023-03-01,52.1784782409668,23.300594329833984
2023-03-02,52.153785705566406,23.23479652404785
2023-03-03,52.88626480102539,23.62080192565918
2023-03-06,53.44590377807617,24.06821632385254
2023-03-07,52.60643768310547,23.809417724609375
2023-03-08,52.672279357910156,23.813804626464844
2023-03-09,51.5529899597168,23.44534683227539
2023-03-10,49.58601379394531,22.392608642578125
2023-03-13,46.21169662475586,20.997730255126953
2023-03-14,47.635494232177734,21.471464157104492
2023-03-15,42.82091522216797,18.85716438293457
2023-03-16,43.380558013916016,18.629070281982422
2023-03-17,42.532867431640625,18.598365783691406
2023-03-20,43.257110595703125,18.444843292236328
2023-03-21,45.05126190185547,19.238780975341797
2023-03-22,44.82904815673828,19.04139518737793
2023-03-23,43.849674224853516,18.598365783691406
2023-03-24,41.53703308105469,17.457901000976562
2023-03-27,42.62339782714844,17.512292861938477
2023-03-28,42.77153778076172,17.324552536010742
2023-03-29,43.92374038696289,17.6596736907959
2023-03-30,44.87842559814453,18.225521087646484
2023-03-31,45.43806838989258,18.23429298400879
2023-04-03,45.923641204833984,18.686094284057617
2023-04-04,46.368064880371094,18.563274383544922
2023-04-05,45.948333740234375,18.466773986816406
2023-04-06,47.10054016113281,18.765047073364258
2023-04-07,47.10054016113281,18.765047073364258
2023-04-10,47.10054016113281,18.765047073364258
2023-04-11,46.84540557861328,18.909801483154297
2023-04-12,46.9688606262207,18.99314308166504
2023-04-13,47.35567092895508,18.962438583374023
2023-04-14,48.87822723388672,19.651103973388672
2023-04-17,47.890625,19.243167877197266
2023-04-18,48.89468765258789,19.651103973388672
2023-04-19,49.05105972290039,19.8353328704834
2023-04-20,48.43380355834961,19.58969497680664
2023-04-21,48.277435302734375,19.5063533782959
2023-04-24,48.67247772216797,19.576534271240234
2023-04-25,47.51204299926758,18.940505981445312
2023-04-26,47.41328048706055,19.050167083740234
2023-04-27,48.34328079223633,19.265100479125977
2023-04-28,48.219825744628906,19.32212257385254
2023-05-01,48.219825744628906,19.32212257385254
2023-05-02,46.878326416015625,18.975597381591797
2023-05-03,46.3269157409668,18.804527282714844
2023-05-04,46.03886413574219,18.41852378845215
2023-05-05,47.64372634887695,18.966825485229492
2023-05-08,47.972923278808594,18.966825485229492
2023-05-09,48.07991409301758,19.001914978027344
2023-05-10,47.66841125488281,19.21685028076172
2023-05-11,47.19929885864258,19.12473487854004
2023-05-12,48.13752746582031,19.352827072143555
2023-05-15,48.2609748840332,19.54144287109375
2023-05-16,48.0881462097168,19.37037467956543
2023-05-17,48.25274658203125,19.756378173828125
2023-05-18,49.083980560302734,20.155540466308594
2023-05-19,49.25680923461914,20.339767456054688
2023-05-22,50.45411682128906,20.488906860351562
2023-05-23,50.25163269042969,21.2872314453125
2023-05-24,49.33604431152344,20.84859275817871
2023-05-25,49.45929718017578,20.91438865661621
2023-05-26,49.57374572753906,20.91438865661621
2023-05-29,49.38886642456055,20.79157066345215
2023-05-30,48.67576599121094,21.08454132080078
2023-05-31,47.54888916015625,20.441892623901367
2023-06-01,47.953861236572266,20.493871688842773
2023-06-02,49.72340774536133,21.36806297302246
2023-06-05,49.23039627075195,21.240478515625
2023-06-06,49.714603424072266,21.363338470458984
2023-06-07,49.96990966796875,21.36806297302246
2023-06-08,50.19000244140625,21.618507385253906
2023-06-09,49.362457275390625,22.043790817260742
2023-06-12,49.67938995361328,22.024887084960938
2023-06-13,49.89948272705078,21.98236083984375
2023-06-14,50.63899612426758,22.223352432250977
2023-06-15,49.55613708496094,21.821697235107422
2023-06-16,49.80263900756836,21.95400619506836
2023-06-19,50.01393127441406,22.057964324951172
2023-06-20,49.94350051879883,21.98236083984375
2023-06-21,50.2164192199707,21.920930862426758
2023-06-22,49.054325103759766,21.42949104309082
2023-06-23,48.28840255737305,21.4531192779541
2023-06-26,48.62294006347656,21.533451080322266
2023-06-27,49.01030349731445,21.783893585205078
2023-06-28,49.17757797241211,21.854774475097656
2023-06-29,49.9963264465332,22.25642967224121
2023-06-30,50.815067291259766,22.492698669433594
2023-07-03,51.44013595581055,22.738414764404297
2023-07-04,50.9647331237793,22.676986694335938
2023-07-05,50.48052978515625,22.620281219482422
2023-07-06,48.20916748046875,21.798070907592773
2023-07-07,48.526100158691406,22.024887084960938
2023-07-10,48.72858428955078,21.968185424804688
2023-07-11,49.441688537597656,22.24225425720215
2023-07-12,49.917091369628906,22.417091369628906
2023-07-13,50.19000244140625,22.870725631713867
2023-07-14,49.87307357788086,22.601383209228516
2023-07-17,49.9258918762207,22.511598587036133
2023-07-18,50.71822738647461,22.554128646850586
2023-07-19,51.0263557434082,22.58720588684082
2023-07-20,51.1055908203125,22.78094482421875
2023-07-21,51.070377349853516,22.676986694335938
2023-07-24,51.38731002807617,23.163698196411133
2023-07-25,51.58099365234375,23.30545997619629
2023-07-26,51.16721725463867,23.06446647644043
2023-07-27,52.69025802612305,23.19677734375
2023-07-28,52.98078536987305,23.36688995361328
2023-07-31,52.839927673339844,23.357437133789062
2023-08-01,51.85390853881836,22.93215560913086
2023-08-02,50.71822738647461,22.676986694335938
2023-08-03,51.3168830871582,23.466121673583984
2023-08-04,52.1972541809082,24.000085830688477
2023-08-07,52.4261474609375,24.14657211303711
2023-08-08,50.850284576416016,23.73546600341797
2023-08-09,51.5457763671875,24.047338485717773
2023-08-10,53.086429595947266,24.174924850463867
2023-08-11,52.4261474609375,24.132396697998047
2023-08-14,52.54059600830078,24.203277587890625
2023-08-15,51.748260498046875,24.099319458007812
2023-08-16,51.48414993286133,24.014263153076172
2023-08-17,51.60740280151367,24.08041763305664
2023-08-18,51.25525665283203,23.915029525756836
2023-08-21,51.36090087890625,24.047338485717773
2023-08-22,51.5457763671875,24.19382667541504
2023-08-23,51.51055908203125,24.42536735534668
2023-08-24,51.448936462402344,24.515151977539062
2023-08-25,51.33449172973633,24.491525650024414
2023-08-28,52.38212966918945,24.808122634887695
2023-08-29,52.73427963256836,24.93098258972168
2023-08-30,52.7166748046875,24.921531677246094
2023-08-31,52.56700897216797,24.775047302246094
2023-09-01,52.46136474609375,24.831748962402344
2023-09-04,52.329307556152344,24.415916442871094
2023-09-05,52.2852897644043,24.269432067871094
2023-09-06,51.58979415893555,24.12767219543457
2023-09-07,51.563385009765625,24.01898956298828
2023-09-08,51.44013595581055,23.891403198242188
2023-09-11,52.390933990478516,24.302509307861328
2023-09-12,52.70786666870117,24.524600982666016
2023-09-13,52.7254753112793,24.75614356994629
2023-09-14,53.966796875,25.10109519958496
2023-09-15,54.10765838623047,25.01603889465332
2023-09-18,52.919158935546875,22.00126075744629
2023-09-19,53.79953384399414,21.864225387573242
2023-09-20,54.64468765258789,22.52104949951172
2023-09-21,54.274932861328125,22.199726104736328
2023-09-22,53.47379684448242,21.850051879882812
2023-09-25,53.19207000732422,21.703563690185547
2023-09-26,53.024803161621094,21.37278938293457
2023-09-27,52.919158935546875,21.632680892944336
2023-09-28,53.23609161376953,21.665760040283203
2023-09-29,53.20087814331055,21.7791690826416
2023-10-02,52.549400329589844,21.599605560302734
2023-10-03,51.765872955322266,21.19795036315918
2023-10-04,51.6250114440918,21.19795036315918
2023-10-05,52.118019104003906,21.183774948120117
2023-10-06,52.804710388183594,21.448394775390625
2023-10-09,51.96835708618164,21.13179588317871
2023-10-10,52.67265701293945,21.363338470458984
2023-10-11,53.033607482910156,21.358612060546875
2023-10-12,52.329307556152344,21.23575210571289
2023-10-13,50.7446403503418,20.607280731201172
2023-10-16,50.91191482543945,20.74431800842285
2023-10-17,50.77985382080078,20.597829818725586
2023-10-18,50.45411682128906,20.441892623901367
2023-10-19,49.9258918762207,20.219802856445312
2023-10-20,48.91346740722656,19.82759666442871
2023-10-23,49.415279388427734,19.889026641845703
2023-10-24,49.221595764160156,19.718914031982422
2023-10-25,49.45929718017578,19.756717681884766
2023-10-26,48.173954010009766,19.600780487060547
2023-10-27,48.12993240356445,19.58660316467285
2023-10-30,47.293582916259766,19.66221046447754
2023-10-31,47.79539489746094,19.98353385925293
2023-11-01,47.892234802246094,20.054414749145508
2023-11-02,48.91346740722656,20.427717208862305
2023-11-03,49.86426544189453,20.602554321289062
2023-11-06,50.01393127441406,20.479694366455078
2023-11-07,49.256813049316406,20.30013084411621
2023-11-08,49.38886642456055,20.24342918395996
2023-11-09,49.380062103271484,20.21507453918457
2023-11-10,48.95748519897461,20.09221649169922
2023-11-13,49.11595153808594,20.470245361328125
2023-11-14,49.30963134765625,20.815196990966797
2023-11-15,49.62656784057617,21.0278377532959
2023-11-16,49.380062103271484,21.056190490722656
2023-11-17,49.94350051879883,21.363338470458984
2023-11-20,50.005126953125,21.37278938293457
2023-11-21,49.7057991027832,21.17432403564453
2023-11-22,49.81144714355469,21.183774948120117
2023-11-23,50.09316635131836,21.334985733032227
2023-11-24,50.207611083984375,21.438941955566406
2023-11-27,49.67058563232422,21.254655838012695
2023-11-28,49.72340774536133,21.278282165527344
2023-11-29,50.11077117919922,21.490921020507812
2023-11-30,50.85908889770508,21.80752182006836
2023-12-01,50.885498046875,21.642133712768555
2023-12-04,51.47534942626953,21.80752182006836
2023-12-05,52.611026763916016,22.034337997436523
2023-12-06,53.40336227416992,22.27532958984375
2023-12-07,53.79953384399414,22.393465042114258
2023-12-08,54.45100402832031,22.71951675415039
2023-12-11,53.86115646362305,22.511598587036133
2023-12-12,53.544219970703125,22.407642364501953
2023-12-13,53.09523391723633,22.360387802124023
2023-12-14,55.3577880859375,23.144798278808594
2023-12-15,55.542667388916016,23.08336639404297
2023-12-18,54.92640686035156,22.861276626586914
2023-12-19,54.8383674621582,22.648635864257812
2023-12-20,55.34018325805664,22.724239349365234
2023-12-21,55.3577880859375,22.71951675415039
2023-12-22,55.472232818603516,22.752593994140625
2023-12-25,55.472232818603516,22.752593994140625
2023-12-26,55.472232818603516,22.752593994140625
2023-12-27,55.45463180541992,22.969959259033203
2023-12-28,54.97922897338867,22.71478843688965
2023-12-29,55.10247802734375,22.705339431762695
2024-01-01,55.10247802734375,22.705339431762695
2024-01-02,55.78036880493164,23.262929916381836
2024-01-03,54.29253387451172,22.625009536743164
2024-01-04,55.38420104980469,23.012487411499023
2024-01-05,55.46343231201172,23.11172103881836
2024-01-08,55.58668518066406,23.329086303710938
2024-01-09,55.137699127197266,23.39051628112793
2024-01-10,54.96162033081055,23.08336639404297
2024-01-11,53.526615142822266,22.24225425720215
2024-01-12,53.55302810668945,22.15247344970703
2024-01-15,53.80833053588867,22.06269073486328
2024-01-16,53.48259735107422,21.925655364990234
2024-01-17,53.033607482910156,21.661035537719727
2024-01-18,53.40336227416992,21.902027130126953
2024-01-19,53.359344482421875,21.86894989013672
2024-01-22,54.16928482055664,22.086318969726562
2024-01-23,53.852352142333984,22.161924362182617
2024-01-24,54.574256896972656,22.379289627075195
2024-01-25,54.310142517089844,22.27532958984375
2024-01-26,55.067264556884766,22.445444107055664
2024-01-29,54.6182746887207,22.360387802124023
2024-01-30,54.75913619995117,22.487972259521484
2024-01-31,55.067264556884766,22.64390754699707
2024-02-01,49.9963264465332,21.73664093017578
2024-02-02,49.35365295410156,21.835872650146484
2024-02-05,49.38886642456055,21.51454734802246
2024-02-06,48.49089050292969,21.292457580566406
2024-02-07,48.244384765625,21.018386840820312
2024-02-08,48.01548767089844,20.815196990966797
2024-02-09,47.04707717895508,20.56475257873535
2024-02-12,47.68974685668945,20.52222442626953
2024-02-13,47.39042282104492,20.41826629638672
2024-02-14,47.46965408325195,20.441892623901367
2024-02-15,47.54888916015625,20.640357971191406
2024-02-16,47.87462615966797,20.796293258666992
2024-02-19,48.21797180175781,20.72068977355957
2024-02-20,48.86064147949219,20.933330535888672
2024-02-21,49.212791442871094,21.0278377532959
2024-02-22,49.494510650634766,21.23575210571289
2024-02-23,49.64417266845703,21.259380340576172
2024-02-26,48.719783782958984,21.032562255859375
2024-02-27,48.94867706298828,21.103443145751953
2024-02-28,48.816627502441406,21.28300666809082
2024-02-29,48.755001068115234,21.19795036315918
2024-03-01,49.432884216308594,21.490921020507812
2024-03-04,50.41890335083008,21.495649337768555
2024-03-05,50.39249038696289,21.538175582885742
2024-03-06,50.41890335083008,21.52872657775879
2024-03-07,51.40491485595703,21.864225387573242
2024-03-08,51.88031768798828,21.906753540039062
2024-03-11,51.985965728759766,21.93037986755371
2024-03-12,52.56700897216797,22.336761474609375
2024-03-13,53.658668518066406,22.379289627075195
2024-03-14,53.04241180419922,22.180822372436523
2024-03-15,53.88756561279297,22.426542282104492
2024-03-18,54.019622802734375,22.407642364501953
2024-03-19,54.58306121826172,22.710065841674805
2024-03-20,54.52143478393555,22.747867584228516
2024-03-21,55.1464958190918,23.135347366333008
2024-03-22,55.287357330322266,23.177873611450195
2024-03-25,55.01444625854492,22.738414764404297
2024-03-26,56.61671829223633,22.90852928161621
2024-03-27,56.933650970458984,22.91325569152832
2024-03-28,57.98129653930664,23.447219848632812
2024-03-29,57.98129653930664,23.447219848632812
2024-04-01,57.98129653930664,23.447219848632812
2024-04-02,57.59393310546875,23.437768936157227
2024-04-03,58.571144104003906,23.87250328063965
2024-04-04,59.12578201293945,24.1087703704834
2024-04-05,58.5887565612793,23.678762435913086
2024-04-08,58.97611618041992,23.71183967590332
2024-04-09,58.66798782348633,23.598430633544922
2024-04-10,58.747222900390625,23.768543243408203
2024-04-11,57.67316818237305,23.844148635864258
2024-04-12,57.54111099243164,24.34503746032715
2024-04-15,57.902061462402344,23.60315704345703
2024-04-16,56.19414520263672,22.99358558654785
2024-04-17,56.47586441040039,22.832923889160156
2024-04-18,57.629146575927734,23.352712631225586
2024-04-19,57.60273361206055,23.39051628112793
2024-04-22,58.65038299560547,23.674036026000977
2024-04-23,59.9093132019043,23.995361328125
2024-04-24,59.62759780883789,23.891403198242188
2024-04-25,60.182228088378906,23.71656608581543
2024-04-26,58.99372482299805,23.943382263183594
2024-04-29,59.61878967285156,24.179649353027344
2024-04-30,59.521949768066406,23.995361328125
2024-05-01,59.521949768066406,23.995361328125
2024-05-02,59.38108444213867,24.37339210510254
2024-05-03,59.54835891723633,23.11172103881836
2024-05-06,60.067779541015625,22.875452041625977
2024-05-07,61.273887634277344,23.447219848632812
2024-05-08,61.57321548461914,23.579530715942383
2024-05-09,62.16306686401367,23.87250328063965
2024-05-10,62.6824836730957,24.496248245239258
2024-05-13,63.061038970947266,24.81757354736328
2024-05-14,62.96419906616211,25.757919311523438
2024-05-15,63.16668701171875,25.92803192138672
2024-05-16,63.043434143066406,25.767370223999023
2024-05-17,63.65969467163086,25.734291076660156
2024-05-20,64.17911529541016,26.31551170349121
2024-05-21,64.2166976928711,25.937482833862305
2024-05-22,63.44617462158203,25.75319480895996
2024-05-23,63.042118072509766,25.937482833862305
2024-05-24,63.15488052368164,25.809898376464844
2024-05-27,63.01393127441406,26.38160514831543
2024-05-28,63.69989013671875,26.630809783935547
2024-05-29,62.89177703857422,26.459787368774414
2024-05-30,63.69989013671875,26.75296974182129
2024-05-31,63.61531448364258,26.767629623413086
2024-06-03,63.95359420776367,26.35228729248047
2024-06-04,62.79780960083008,25.824556350708008
2024-06-05,62.234012603759766,25.40921401977539
2024-06-06,62.81660079956055,25.418987274169922
2024-06-07,62.36556625366211,25.428760528564453
2024-06-10,59.39622116088867,23.532840728759766
2024-06-11,57.08464813232422,22.3503360748291
2024-06-12,58.090087890625,22.819429397583008
2024-06-13,56.37989807128906,22.448062896728516
2024-06-14,54.88582992553711,21.646696090698242
2024-06-17,55.57178497314453,21.900787353515625
2024-06-18,55.87247848510742,21.920333862304688
2024-06-19,55.167728424072266,21.568513870239258
2024-06-20,56.48326110839844,21.900787353515625
2024-06-21,55.75032424926758,21.59783172607422
2024-06-24,57.573272705078125,22.04249382019043
2024-06-25,56.90611267089844,21.77374267578125
2024-06-26,56.61481475830078,21.71999168395996
2024-06-27,56.3986930847168,21.666240692138672
2024-06-28,55.938255310058594,21.42192268371582
2024-07-01,57.949134826660156,22.086471557617188
2024-07-02,57.53568649291992,21.954538345336914
2024-07-03,58.94518280029297,22.43340301513672
2024-07-04,60.06338119506836,22.99045181274414
2024-07-05,59.81907272338867,23.137042999267578
2024-07-08,58.76664733886719,22.843860626220703
2024-07-09,57.385337829589844,22.335676193237305
2024-07-10,57.90215301513672,22.570222854614258
2024-07-11,58.27802276611328,22.746131896972656
2024-07-12,58.67267990112305,23.068634033203125
2024-07-15,58.95458221435547,23.000225067138672
2024-07-16,58.794837951660156,22.82431411743164
2024-07-17,59.227081298828125,23.09306526184082
2024-07-18,59.80967712402344,23.386249542236328
2024-07-19,59.24587631225586,23.21034049987793
2024-07-22,60.63657760620117,23.40579605102539
2024-07-23,60.786930084228516,23.50840950012207
2024-07-24,60.2137336730957,23.474205017089844
2024-07-25,60.66476821899414,23.376476287841797
2024-07-26,60.57080078125,23.40579605102539
2024-07-29,60.053985595703125,23.15658950805664
2024-07-30,60.36407470703125,23.3520450592041
2024-07-31,59.63113784790039,23.43511390686035
2024-08-01,57.751808166503906,21.333967208862305
2024-08-02,56.06040954589844,20.068391799926758
2024-08-05,55.06436538696289,19.72634506225586
2024-08-06,54.34082794189453,19.648162841796875
2024-08-07,55.87247848510742,20.03418731689453
2024-08-08,55.83488845825195,19.960891723632812
2024-08-09,55.675148010253906,19.965778350830078
2024-08-12,55.675148010253906,20.053733825683594
2024-08-13,55.69394302368164,20.068391799926758
2024-08-14,56.144981384277344,20.092824935913086
2024-08-15,56.82154083251953,20.483734130859375
2024-08-16,57.43231964111328,20.581462860107422
2024-08-19,57.657840728759766,20.581462860107422
2024-08-20,57.23499298095703,20.493507385253906
2024-08-21,57.48870086669922,20.72805404663086
2024-08-22,57.394737243652344,20.76714515686035
2024-08-23,57.7142219543457,20.98703384399414
2024-08-26,57.74241256713867,20.87464714050293
2024-08-27,58.24983215332031,21.118967056274414
2024-08-28,58.14646911621094,21.133625030517578
2024-08-29,58.36259078979492,21.167829513549805
2024-08-30,58.80423355102539,21.333967208862305
2024-09-02,58.66328430175781,21.289989471435547
2024-09-03,57.958534240722656,21.055442810058594
2024-09-04,58.184051513671875,20.991918563842773
2024-09-05,59.77208709716797,21.500104904174805
2024-09-06,58.428367614746094,21.32908058166504
2024-09-09,58.794837951660156,21.548967361450195
2024-09-10,58.428367614746094,21.30953598022461
2024-09-11,58.83242416381836,21.294876098632812
2024-09-12,59.64053726196289,21.602718353271484
2024-09-13,59.546566009521484,21.641809463500977
2024-09-16,59.471397399902344,21.76885414123535
2024-09-17,60.561405181884766,22.10112953186035
2024-09-18,60.279510498046875,22.071809768676758
2024-09-19,61.23796463012695,22.364994049072266
2024-09-20,60.87149429321289,22.120676040649414
2024-09-23,58.64448928833008,21.500104904174805
2024-09-24,59.02975082397461,21.891014099121094
2024-09-25,58.5505256652832,21.646696090698242
2024-09-26,59.42441177368164,22.1988582611084
2024-09-27,59.48079299926758,22.374767303466797
2024-09-30,57.83637619018555,21.842151641845703
2024-10-01,57.451114654541016,21.563627243041992
2024-10-02,57.28197479248047,21.622262954711914
2024-10-03,56.4644660949707,21.338851928710938
2024-10-04,57.188011169433594,21.905675888061523
2024-10-07,58.080692291259766,22.17442512512207
2024-10-08,58.16526412963867,22.22817611694336
2024-10-09,58.35319137573242,22.384540557861328
2024-10-10,58.184051513671875,22.501813888549805
2024-10-11,58.40957260131836,22.60931396484375
2024-10-14,59.12371826171875,22.54578971862793
2024-10-15,59.86605453491211,22.584882736206055
2024-10-16,60.589599609375,22.648405075073242
2024-10-17,61.65141677856445,22.985567092895508
2024-10-18,62.2715950012207,23.410680770874023
2024-10-21,61.8299560546875,23.298294067382812
2024-10-22,61.735984802246094,23.381362915039062
2024-10-23,61.294349670410156,23.308067321777344
2024-10-24,61.38831329345703,23.303180694580078
2024-10-25,61.38831329345703,23.181020736694336
2024-10-28,62.036678314208984,23.303180694580078
2024-10-29,61.961509704589844,23.254316329956055
2024-10-30,61.54805374145508,23.161476135253906
2024-10-31,58.9639778137207,25.785465240478516
2024-11-01,59.236480712890625,26.655242919921875
2024-11-04,59.07673645019531,26.572174072265625
2024-11-05,58.95458221435547,26.166603088378906
2024-11-06,57.385337829589844,26.459787368774414
2024-11-07,55.48721694946289,26.181264877319336
2024-11-08,56.15437698364258,25.94671630859375
2024-11-11,57.263179779052734,26.220354080200195
2024-11-12,55.797306060791016,25.84410285949707
2024-11-13,55.5529899597168,25.267507553100586
2024-11-14,55.88187789916992,25.609556198120117
2024-11-15,56.48326110839844,25.516714096069336
2024-11-18,56.77455520629883,25.941829681396484
2024-11-19,55.731529235839844,25.56557846069336
2024-11-20,54.96100616455078,25.93694496154785
2024-11-21,54.70729446411133,26.034671783447266
2024-11-22,53.4857292175293,25.3603515625
2024-11-25,53.542110443115234,25.21375846862793
2024-11-26,52.90313720703125,24.857051849365234
2024-11-27,52.273563385009766,23.99216079711914
2024-11-28,52.75278854370117,24.427051544189453
2024-11-29,53.22262191772461,24.524776458740234
2024-12-02,52.564857482910156,23.884660720825195
2024-12-03,52.41450881958008,23.72340965270996
2024-12-04,53.09107208251953,24.001934051513672
2024-12-05,54.47237777709961,25.032962799072266
2024-12-06,55.03617477416992,25.34568977355957
2024-12-09,56.436279296875,26.137287139892578
2024-12-10,56.097999572753906,26.068876266479492
2024-12-11,55.99463653564453,26.220354080200195
2024-12-12,55.36505889892578,26.6894474029541
2024-12-13,55.38385009765625,26.557514190673828
2024-12-16,55.27109146118164,26.440242767333984
2024-12-17,54.7354850769043,26.08353614807129
2024-12-18,55.09255599975586,26.327856063842773
2024-12-19,54.3220329284668,26.161718368530273
2024-12-20,54.011940002441406,26.07864761352539
2024-12-23,53.9743537902832,26.010238647460938
2024-12-24,54.068321228027344,25.892967224121094
2024-12-25,54.068321228027344,25.892967224121094
2024-12-26,54.068321228027344,25.892967224121094
2024-12-27,55.00798797607422,26.171491622924805
2024-12-30,55.1865234375,26.264331817626953
2024-12-31,55.6469612121582,26.542856216430664
2025-01-01,55.6469612121582,26.542856216430664
2025-01-02,55.675148010253906,26.46467399597168
2025-01-03,54.96100616455078,25.922285079956055
2025-01-06,56.408084869384766,26.728538513183594
2025-01-07,56.75576400756836,26.430469512939453
2025-01-08,56.511451721191406,26.95819854736328
2025-01-09,56.332916259765625,26.782289505004883
2025-01-10,55.76911544799805,26.635696411132812
2025-01-13,56.04161834716797,26.616151809692383
2025-01-14,57.141029357910156,27.231836318969727
2025-01-15,58.33440399169922,28.067407608032227
2025-01-16,58.4565544128418,28.067407608032227
2025-01-17,58.48474884033203,28.08695411682129
2025-01-20,59.15190887451172,28.795480728149414
2025-01-21,59.3022575378418,28.65377426147461
2025-01-22,58.5505256652832,28.65377426147461
2025-01-23,59.555965423583984,29.303665161132812
2025-01-24,59.77208709716797,29.381847381591797
2025-01-27,60.35468292236328,29.587074279785156
2025-01-28,60.683563232421875,29.963327407836914
2025-01-29,60.768131256103516,30.261396408081055
2025-01-30,61.69840621948242,30.34935188293457
2025-01-31,61.754783630371094,30.539920806884766
2025-02-03,60.43925094604492,29.811847686767578
2025-02-04,63.004539489746094,30.17344093322754
2025-02-05,62.39375305175781,30.18321418762207
2025-02-06,64.14153289794922,34.160736083984375
2025-02-07,65.25972747802734,35.27971649169922
2025-02-10,65.29731750488281,34.463687896728516
2025-02-11,65.8987045288086,35.71949005126953
2025-02-12,66.65983581542969,36.51597213745117
2025-02-13,65.87051391601562,35.89540100097656
2025-02-14,65.72956085205078,36.085968017578125
2025-02-17,65.61680603027344,36.15437698364258
2025-02-18,66.80078125,37.13654327392578
2025-02-19,66.0584487915039,36.90199661254883
2025-02-20,66.59405517578125,36.618587493896484
2025-02-21,66.82897186279297,36.97529220581055
2025-02-24,66.79138946533203,36.989952087402344
2025-02-25,67.75923919677734,37.82063674926758
2025-02-26,68.33243560791016,38.48030090332031
2025-02-27,68.22907257080078,38.5584831237793
2025-02-28,68.4639892578125,38.41189193725586
2025-03-03,69.55400085449219,38.68552780151367
2025-03-04,67.36458587646484,37.595863342285156
2025-03-05,70.15538787841797,39.540645599365234
2025-03-06,72.51394653320312,41.06031036376953
2025-03-07,71.95014190673828,41.11894989013672
2025-03-10,69.94866180419922,38.95916748046875
2025-03-11,68.55795288085938,38.63177490234375
2025-03-12,69.24391174316406,38.78813934326172
2025-03-13,69.11235809326172,38.88587188720703
2025-03-14,71.15142822265625,40.073265075683594
2025-03-17,73.20929718017578,40.76224136352539
2025-03-18,75.37052917480469,41.77372360229492
2025-03-19,75.98130798339844,41.8958854675293
2025-03-20,74.280517578125,41.338836669921875
2025-03-21,74.91009521484375,41.387699127197266
2025-03-24,74.63758850097656,41.886112213134766
2025-03-25,76.65786743164062,42.90736389160156
2025-03-26,75.54906463623047,42.89270782470703
2025-03-27,74.86310577392578,42.36986541748047
2025-03-28,73.81068420410156,41.57338333129883
2025-03-31,72.26963806152344,40.44951248168945
2025-04-01,73.75430297851562,40.48371887207031
2025-04-02,73.05895233154297,39.789852142333984
2025-04-03,69.25330352783203,37.69847869873047
2025-04-04,64.52679443359375,33.760047912597656
2025-04-07,62.11185073852539,33.16879653930664
2025-04-08,62.19642639160156,34.282894134521484
2025-04-09,59.93183135986328,33.579254150390625
2025-04-10,63.17367935180664,35.34812545776367
2025-04-11,61.65141677856445,36.22767639160156
2025-04-14,64.36705017089844,37.507911682128906
2025-04-15,66.3215560913086,39.3647346496582
2025-04-16,67.26122283935547,39.09109878540039
2025-04-17,66.4719009399414,38.61223220825195
2025-04-18,66.4719009399414,38.61223220825195
2025-04-21,66.4719009399414,38.61223220825195
2025-04-22,67.2988052368164,39.491783142089844
2025-04-23,69.3660659790039,40.93815231323242
2025-04-24,67.87200164794922,40.93815231323242
2025-04-25,68.41699981689453,41.837249755859375
2025-04-28,69.6291732788086,42.33565902709961
2025-04-29,70.28694152832031,42.95134353637695
2025-04-30,69.80770874023438,44.56385040283203
2025-05-01,69.80770874023438,44.56385040283203
2025-05-02,71.75281524658203,45.4043083190918
2025-05-05,71.75281524658203,45.39453887939453
2025-05-06,71.41453552246094,44.30976104736328
2025-05-07,71.4333267211914,44.3683967590332
2025-05-08,72.35420227050781,45.50204086303711
2025-05-09,72.82403564453125,45.7365837097168
2025-05-12,74.280517578125,46.391361236572266
2025-05-13,74.30870819091797,46.14704132080078
2025-05-14,75.0980224609375,46.977725982666016
2025-05-15,74.79733276367188,46.8702278137207
2025-05-16,74.5999984741211,47.2220458984375
2025-05-19,77.1500015258789,47.82795715332031
2025-05-20,77.63999938964844,48.12114334106445
2025-05-21,77.94000244140625,48.25796127319336
2025-05-22,77.5,48.16023254394531
2025-05-23,75.83999633789062,46.880001068115234
2025-05-26,77.22000122070312,48.75
2025-05-27,77.41999816894531,48.27000045776367
2025-05-28,76.58000183105469,47.709999084472656
2025-05-29,76.83000183105469,48.33000183105469
2025-05-30,77.13999938964844,47.849998474121094
2025-06-02,76.70999908447266,48.400001525878906
2025-06-03,77.22000122070312,48.33000183105469
2025-06-04,76.63999938964844,47.810001373291016
2025-06-05,77.5,48.95000076293945
2025-06-06,78.13999938964844,49.34000015258789
2025-06-09,78.48999786376953,49.02000045776367
2025-06-10,76.29000091552734,47.61000061035156
2025-06-11,76.22000122070312,48.0099983215332
2025-06-12,76.4800033569336,48.81999969482422
2025-06-13,75.27999877929688,48.439998626708984
2025-06-16,77.5,50.0
2025-06-17,75.97000122070312,48.029998779296875
2025-06-18,76.56999969482422,48.81999969482422
2025-06-19,74.63999938964844,47.45000076293945
2025-06-20,74.30000305175781,47.70000076293945
2025-06-23,73.08000183105469,47.0099983215332
2025-06-24,75.37999725341797,48.0
2025-06-25,75.20999908447266,47.4900016784668
2025-06-26,75.2699966430664,47.400001525878906
2025-06-27,76.9000015258789,48.86000061035156
2025-06-30,76.31999969482422,48.54999923706055
2025-07-01,75.19999694824219,47.95000076293945
2025-07-02,76.62999725341797,48.43000030517578
2025-07-03,76.58000183105469,49.369998931884766
2025-07-04,74.87999725341797,48.58000183105469
2025-07-07,75.94000244140625,49.959999084472656
2025-07-08,76.41000366210938,49.9900016784668
2025-07-09,78.87000274658203,52.0
2025-07-10,77.91000366210938,50.619998931884766
2025-07-11,76.5999984741211,50.060001373291016
2025-07-14,76.68000030517578,50.31999969482422
2025-07-15,76.2300033569336,49.290000915527344
2025-07-16,76.08000183105469,49.060001373291016
2025-07-17,77.1500015258789,49.63999938964844
2025-07-18,77.83999633789062,49.849998474121094
2025-07-21,77.73999786376953,50.18000030517578
2025-07-22,77.08000183105469,49.439998626708984
2025-07-23,78.4800033569336,50.15999984741211
2025-07-24,78.79000091552734,51.040000915527344
2025-07-25,78.87000274658203,50.91999816894531
2025-07-28,77.37999725341797,50.81999969482422
2025-07-29,78.4800033569336,51.65999984741211
2025-07-30,79.06999969482422,52.36000061035156
2025-07-31,80.05999755859375,55.959999084472656
2025-08-01,76.52999877929688,53.97999954223633
2025-08-04,78.5,54.79999923706055
2025-08-05,78.37999725341797,55.0
2025-08-06,79.30000305175781,55.58000183105469
2025-08-07,79.5,56.63999938964844
2025-08-08,81.5,57.560001373291016
