Date,BMW.DE,MBG.DE,VOW3.DE
2020-08-10,41.40971755981445,24.344772338867188,96.08478546142578
2020-08-11,43.796295166015625,25.190513610839844,101.05069732666016
2020-08-12,44.04318618774414,25.38408088684082,101.52709197998047
2020-08-13,43.60177993774414,25.199445724487305,100.1412582397461
2020-08-14,43.55689239501953,25.172643661499023,100.31446838378906
2020-08-17,43.302520751953125,25.214336395263672,100.45883178710938
2020-08-18,43.063114166259766,25.142868041992188,99.96800994873047
2020-08-19,43.5793342590332,25.56275749206543,100.64649963378906
2020-08-20,42.93593215942383,24.993967056274414,98.61104583740234
2020-08-21,42.502010345458984,24.49962615966797,98.22128295898438
2020-08-24,43.5793342590332,25.485332489013672,99.4627685546875
2020-08-25,43.35489273071289,25.21135902404785,98.30789947509766
2020-08-26,44.45465850830078,25.628271102905273,100.32891082763672
2020-08-27,44.589324951171875,25.61040496826172,101.13731384277344
2020-08-28,44.59680938720703,25.5389347076416,100.7042465209961
2020-08-31,45.00080490112305,25.398967742919922,100.5743179321289
2020-09-01,44.985843658447266,25.416837692260742,101.12288665771484
2020-09-02,45.180355072021484,25.658052444458008,101.28168487548828
2020-09-03,45.487098693847656,25.812908172607422,103.04283905029297
2020-09-04,45.921024322509766,25.896284103393555,103.21607971191406
2020-09-07,46.818790435791016,26.861143112182617,108.10980987548828
2020-09-08,47.260196685791016,27.14405059814453,109.10589599609375
2020-09-09,47.686641693115234,27.629457473754883,109.22137451171875
2020-09-10,47.686641693115234,27.70390510559082,108.96154022216797
2020-09-11,48.113075256347656,27.721771240234375,108.15312194824219
2020-09-14,47.97093200683594,27.49842643737793,107.12818908691406
2020-09-15,48.12056350708008,27.39717674255371,107.07044982910156
2020-09-16,48.41233825683594,27.569896697998047,107.3014144897461
2020-09-17,48.48714828491211,27.635414123535156,106.565185546875
2020-09-18,47.686641693115234,27.087467193603516,102.47984313964844
2020-09-21,45.25517654418945,25.899267196655273,96.43124389648438
2020-09-22,45.322509765625,26.045183181762695,97.31183624267578
2020-09-23,45.6068000793457,26.37871551513672,97.78820037841797
2020-09-24,45.36739730834961,26.494857788085938,98.55329895019531
2020-09-25,44.18532943725586,26.316177368164062,96.21471405029297
2020-09-28,46.1828727722168,27.322725296020508,99.75147247314453
2020-09-29,46.38486862182617,27.212543487548828,100.1412582397461
2020-09-30,46.37738800048828,27.41802406311035,99.17403411865234
2020-10-01,46.87864303588867,27.840890884399414,100.49098205566406
2020-10-02,46.65420150756836,27.843868255615234,98.76998901367188
2020-10-05,47.90359878540039,28.487110137939453,100.79027557373047
2020-10-06,48.51707458496094,28.665782928466797,102.87043762207031
2020-10-07,49.18292236328125,29.237550735473633,103.94792938232422
2020-10-08,49.167964935302734,29.076745986938477,103.24456787109375
2020-10-09,48.40485382080078,28.69556427001953,103.005126953125
2020-10-12,48.69662857055664,29.189903259277344,104.30708312988281
2020-10-13,48.06819152832031,29.1095027923584,103.63365936279297
2020-10-14,47.94100570678711,28.752147674560547,104.14247131347656
2020-10-15,46.512054443359375,27.894495010375977,100.95489501953125
2020-10-16,47.2227897644043,29.42218589782715,103.46904754638672
2020-10-19,47.59686279296875,29.070783615112305,104.21730041503906
2020-10-20,47.93352508544922,28.99336051940918,103.57380676269531
2020-10-21,47.739009857177734,28.570486068725586,102.5711441040039
2020-10-22,47.888641357421875,28.531780242919922,102.96024322509766
2020-10-23,47.82878494262695,28.82659149169922,104.05268096923828
2020-10-26,47.290122985839844,28.56751251220703,101.49364471435547
2020-10-27,45.98835372924805,28.028499603271484,98.76998901367188
2020-10-28,43.43718338012695,26.351913452148438,93.92127227783203
2020-10-29,43.63918685913086,26.340003967285156,94.98381042480469
2020-10-30,43.90103530883789,26.444231033325195,93.60700988769531
2020-11-02,44.64917755126953,27.28997039794922,95.61234283447266
2020-11-03,46.474647521972656,28.111886978149414,98.57544708251953
2020-11-04,46.773902893066406,28.600271224975586,98.82984924316406
2020-11-05,48.472190856933594,29.431116104125977,101.70316314697266
2020-11-06,47.56693649291992,28.692584991455078,99.63796997070312
2020-11-09,50.59691619873047,30.19645881652832,106.49201202392578
2020-11-10,51.995941162109375,31.566312789916992,112.10395050048828
2020-11-11,52.62438201904297,31.56035614013672,112.2386245727539
2020-11-12,52.893714904785156,31.08983612060547,112.58281707763672
2020-11-13,52.92363357543945,31.268516540527344,112.37329864501953
2020-11-16,54.457332611083984,32.03086853027344,114.88744354248047
2020-11-17,54.50222396850586,32.4835205078125,114.99220275878906
2020-11-18,55.26533126831055,33.17440414428711,115.63570404052734
2020-11-19,55.362586975097656,32.79918670654297,114.12423706054688
2020-11-20,55.47480773925781,33.06719970703125,113.83988952636719
2020-11-23,55.28028869628906,33.353084564208984,112.31344604492188
2020-11-24,57.36760711669922,34.51448440551758,116.7281723022461
2020-11-25,56.40998840332031,34.19286346435547,113.98953247070312
2020-11-26,55.459842681884766,33.40668869018555,111.1910629272461
2020-11-27,54.6817741394043,33.70448303222656,109.18573760986328
2020-11-30,54.64436721801758,33.62110137939453,105.75870513916016
2020-12-01,55.94614028930664,34.270294189453125,110.26321411132812
2020-12-02,55.60947799682617,34.24051284790039,109.82923889160156
2020-12-03,55.57954406738281,33.81168746948242,109.30545806884766
2020-12-04,56.07332229614258,34.66933822631836,108.81159210205078
2020-12-07,55.13813781738281,34.36558532714844,108.07831573486328
2020-12-08,54.62192916870117,34.24646759033203,107.83887481689453
2020-12-09,54.711700439453125,34.258384704589844,110.32307434082031
2020-12-10,53.387489318847656,33.54367446899414,108.04837036132812
2020-12-11,52.75157165527344,33.06124496459961,104.83087158203125
2020-12-14,53.79896926879883,33.57345199584961,104.5166015625
2020-12-15,55.25784683227539,34.532352447509766,112.47808074951172
2020-12-16,55.684295654296875,35.00286865234375,116.42887115478516
2020-12-17,55.197994232177734,34.865882873535156,115.56089782714844
2020-12-18,55.50474166870117,34.94331359863281,114.76773834228516
2020-12-21,53.84385681152344,33.585365295410156,111.49037170410156
2020-12-22,53.94111251831055,33.73426055908203,111.41553497314453
2020-12-23,54.898738861083984,34.85397720336914,114.07933807373047
2020-12-24,54.898738861083984,34.85397720336914,114.07933807373047
2020-12-25,54.898738861083984,34.85397720336914,114.07933807373047
2020-12-28,54.98102569580078,34.931400299072266,114.30380249023438
2020-12-29,54.73414611816406,34.65742874145508,113.66030883789062
2020-12-30,54.03837966918945,34.419189453125,114.04939270019531
2020-12-31,54.03837966918945,34.419189453125,114.04939270019531
2021-01-01,54.03837966918945,34.419189453125,114.04939270019531
2021-01-04,53.76156234741211,33.88911819458008,111.10126495361328
2021-01-05,53.0134162902832,33.883155822753906,110.17344665527344
2021-01-06,53.11067199707031,33.609188079833984,110.33805084228516
2021-01-07,53.13311767578125,34.419189453125,110.89175415039062
2021-01-08,52.736602783203125,34.35963439941406,109.58980560302734
2021-01-11,51.846309661865234,34.03800964355469,108.42250061035156
2021-01-12,52.25030517578125,34.6216926574707,109.0660171508789
2021-01-13,51.71165084838867,34.08565902709961,108.34768676757812
2021-01-14,52.205421447753906,34.43110656738281,113.72016906738281
2021-01-15,51.928611755371094,33.507938385009766,113.64534759521484
2021-01-18,51.988460540771484,33.75212860107422,113.13652801513672
2021-01-19,51.128089904785156,33.11484909057617,114.33374786376953
2021-01-20,52.96105194091797,34.49066162109375,117.94035339355469
2021-01-21,53.327632904052734,35.16367721557617,121.24762725830078
2021-01-22,53.30519485473633,35.181549072265625,123.52234649658203
2021-01-25,52.527122497558594,34.210731506347656,118.70356750488281
2021-01-26,53.9261474609375,35.0743408203125,121.9659652709961
2021-01-27,53.35007858276367,34.09757614135742,119.73617553710938
2021-01-28,53.05082321166992,34.30007553100586,119.25727844238281
2021-01-29,52.37749099731445,34.61573791503906,117.0573959350586
2021-02-01,52.280235290527344,34.776546478271484,116.96761322021484
2021-02-02,53.424903869628906,35.30662155151367,121.38233184814453
2021-02-03,53.664302825927734,38.45134353637695,124.13591003417969
2021-02-04,52.94607925415039,39.24943542480469,123.19312286376953
2021-02-05,52.40742492675781,39.898624420166016,121.32247161865234
2021-02-08,52.227867126464844,39.5472297668457,122.47477722167969
2021-02-09,52.437347412109375,39.189876556396484,122.47477722167969
2021-02-10,52.37001419067383,38.76700973510742,120.99324035644531
2021-02-11,52.80393981933594,38.7431755065918,122.98360443115234
2021-02-12,52.55705261230469,38.510902404785156,120.61910247802734
2021-02-15,52.938602447509766,38.61810302734375,121.38233184814453
2021-02-16,53.05830383300781,38.719356536865234,122.10065460205078
2021-02-17,53.0134162902832,38.9754638671875,120.75379180908203
2021-02-18,53.140602111816406,39.83906936645508,126.35076141357422
2021-02-19,53.55208206176758,40.035614013671875,127.60782623291016
2021-02-22,53.320152282714844,39.785465240478516,130.19679260253906
2021-02-23,51.86127471923828,38.909950256347656,127.87721252441406
2021-02-24,52.66178512573242,39.21369552612305,129.16419982910156
2021-02-25,53.49223327636719,39.26729965209961,128.0118865966797
2021-02-26,53.49223327636719,39.457889556884766,129.4635009765625
2021-03-01,53.94111251831055,39.672298431396484,131.55862426757812
2021-03-02,54.28526306152344,40.660980224609375,132.351806640625
2021-03-03,56.933685302734375,41.322086334228516,138.5623016357422
2021-03-04,57.075836181640625,42.03679656982422,141.5104522705078
2021-03-05,56.61198806762695,41.822383880615234,144.77285766601562
2021-03-08,59.58210754394531,43.17437744140625,146.4639129638672
2021-03-09,59.544708251953125,42.82893371582031,143.83004760742188
2021-03-10,60.85395812988281,43.26371383666992,146.67344665527344
2021-03-11,58.74419021606445,42.93613815307617,143.69537353515625
2021-03-12,57.966129302978516,42.12017822265625,142.33352661132812
2021-03-15,58.20553970336914,41.7390022277832,145.74560546875
2021-03-16,60.225521087646484,42.441802978515625,155.5253143310547
2021-03-17,63.93629837036133,42.483489990234375,172.6978302001953
2021-03-18,64.4300765991211,44.270267486572266,166.89883422851562
2021-03-19,61.714324951171875,43.942691802978516,165.70159912109375
2021-03-22,63.36023712158203,44.16901397705078,177.78598022460938
2021-03-23,62.417579650878906,43.245849609375,169.40550231933594
2021-03-24,61.789127349853516,42.6740837097168,163.7561798095703
2021-03-25,62.469947814941406,43.180328369140625,170.37823486328125
2021-03-26,62.686912536621094,43.638938903808594,170.60272216796875
2021-03-29,64.04104614257812,43.900997161865234,171.9121551513672
2021-03-30,66.43510437011719,45.229164123535156,179.99334716796875
2021-03-31,66.18821716308594,45.27085876464844,178.5342559814453
2021-04-01,66.33784484863281,45.850887298583984,180.44229125976562
2021-04-02,66.33784484863281,45.850887298583984,180.44229125976562
2021-04-05,66.33784484863281,45.850887298583984,180.44229125976562
2021-04-06,67.03361511230469,45.936092376708984,184.4828643798828
2021-04-07,66.63710021972656,46.01521301269531,179.95591735839844
2021-04-08,65.96377563476562,45.16318893432617,178.79612731933594
2021-04-09,65.83658599853516,45.58919906616211,177.44924926757812
2021-04-12,66.54732513427734,46.23429870605469,176.25204467773438
2021-04-13,66.09095764160156,46.03955078125,173.9324493408203
2021-04-14,65.24555206298828,45.89349365234375,175.16708374023438
2021-04-15,65.44007110595703,45.863059997558594,178.27235412597656
2021-04-16,66.12088012695312,47.09849166870117,183.36050415039062
2021-04-19,65.61213684082031,46.228214263916016,179.6940460205078
2021-04-20,64.47496795654297,44.84672546386719,175.12966918945312
2021-04-21,63.749271392822266,44.7736930847168,170.90200805664062
2021-04-22,64.47496795654297,44.90149688720703,172.88490295410156
2021-04-23,64.57222747802734,44.852813720703125,171.72509765625
2021-04-26,64.93133544921875,45.4553108215332,170.191162109375
2021-04-27,64.4974136352539,45.40662384033203,169.40550231933594
2021-04-28,64.25801086425781,45.747432708740234,167.60968017578125
2021-04-29,62.69438934326172,44.84672546386719,162.55894470214844
2021-04-30,62.3951301574707,45.065818786621094,162.14739990234375
2021-05-03,62.9412727355957,45.28490447998047,165.17784118652344
2021-05-04,61.235504150390625,44.06773376464844,157.4707794189453
2021-05-05,62.07343292236328,43.88515853881836,163.12013244628906
2021-05-06,62.38764572143555,44.2685661315918,158.9298858642578
2021-05-07,62.574684143066406,44.67632293701172,157.6952667236328
2021-05-10,63.726829528808594,44.88932418823242,158.5557403564453
2021-05-11,63.008609771728516,44.03730773925781,156.2361602783203
2021-05-12,63.203128814697266,44.40245819091797,153.8417510986328
2021-05-13,62.6444091796875,43.9825325012207,153.879150390625
2021-05-14,64.04501342773438,45.00495529174805,157.77008056640625
2021-05-17,64.81803131103516,45.230133056640625,159.11695861816406
2021-05-18,65.10885620117188,45.516170501708984,160.65086364746094
2021-05-19,64.0603256225586,44.09816360473633,158.2564697265625
2021-05-20,64.81803131103516,45.72917938232422,161.28689575195312
2021-05-21,65.28489685058594,45.966522216796875,161.58621215820312
2021-05-24,65.28489685058594,45.966522216796875,161.58621215820312
2021-05-25,65.64459991455078,46.642051696777344,164.3173370361328
2021-05-26,66.06555938720703,47.18977737426758,165.3649139404297
2021-05-27,67.10643768310547,47.3906135559082,168.6198272705078
2021-05-28,66.74671936035156,46.642051696777344,169.2184295654297
2021-05-31,66.35639190673828,46.356014251708984,170.90200805664062
2021-06-01,68.1243667602539,47.542762756347656,176.13980102539062
2021-06-02,69.11167907714844,47.913997650146484,179.91851806640625
2021-06-03,71.843994140625,48.65647506713867,180.29263305664062
2021-06-04,72.2496337890625,48.406951904296875,179.58180236816406
2021-06-07,73.3900146484375,48.7721061706543,178.68389892578125
2021-06-08,73.1068344116211,48.07223129272461,174.75555419921875
2021-06-09,72.40270233154297,47.700992584228516,172.8474884033203
2021-06-10,71.0633316040039,47.57318878173828,172.1366424560547
2021-06-11,72.50985717773438,48.5225830078125,174.56846618652344
2021-06-14,72.5481185913086,48.02962875366211,172.17404174804688
2021-06-15,72.25729370117188,48.21220397949219,168.47015380859375
2021-06-16,71.16282653808594,48.1026611328125,167.34776306152344
2021-06-17,71.37713623046875,48.35826873779297,167.68450927734375
2021-06-18,69.6091537475586,46.909828186035156,163.41941833496094
2021-06-21,71.27762603759766,48.29740524291992,169.5925750732422
2021-06-22,71.15518188476562,48.279151916503906,167.1607208251953
2021-06-23,69.93061065673828,47.652305603027344,163.0827178955078
2021-06-24,70.81841278076172,47.98703384399414,163.7561798095703
2021-06-25,70.71892547607422,47.32975387573242,161.58621215820312
2021-06-28,69.46373748779297,46.228214263916016,159.6781463623047
2021-06-29,69.8464126586914,46.4229621887207,161.73585510253906
2021-06-30,68.3539810180664,45.8265495300293,158.031982421875
2021-07-01,68.8591079711914,46.2464714050293,157.88233947753906
2021-07-02,68.9509506225586,46.39253616333008,158.14422607421875
2021-07-05,68.4228515625,46.19778823852539,158.031982421875
2021-07-06,65.8436050415039,44.37202835083008,151.89627075195312
2021-07-07,66.05024719238281,44.061649322509766,154.32810974121094
2021-07-08,64.64964294433594,43.04530715942383,150.025634765625
2021-07-09,67.10643768310547,44.35985565185547,158.89248657226562
2021-07-12,67.9636459350586,44.58503341674805,163.2323760986328
2021-07-13,67.48912048339844,44.432884216308594,161.06243896484375
2021-07-14,67.74169158935547,44.7310905456543,160.91278076171875
2021-07-15,66.80030059814453,44.536346435546875,157.39598083496094
2021-07-16,65.43795776367188,43.64780807495117,155.3756561279297
2021-07-19,63.09597396850586,42.3758659362793,150.9235382080078
2021-07-20,63.52457809448242,42.643638610839844,152.42005920410156
2021-07-21,64.39707946777344,43.11225128173828,157.2089080810547
2021-07-22,64.10624694824219,43.44089126586914,156.2361602783203
2021-07-23,65.47623443603516,45.808292388916016,159.80613708496094
2021-07-26,65.45326232910156,45.9178352355957,158.50376892089844
2021-07-27,64.19808197021484,45.041473388671875,155.1329803466797
2021-07-28,64.1368637084961,45.0718994140625,156.16722106933594
2021-07-29,65.10885620117188,46.34384536743164,158.61868286132812
2021-07-30,64.19808197021484,45.81437683105469,157.43125915527344
2021-08-02,64.97875213623047,46.52033615112305,157.62278747558594
2021-08-03,61.62648391723633,46.10041427612305,157.1248321533203
2021-08-04,62.36888885498047,46.216041564941406,156.4353485107422
2021-08-05,62.14693069458008,45.89349365234375,157.6610870361328
2021-08-06,62.8510627746582,46.27081298828125,158.42718505859375
2021-08-09,62.537261962890625,45.38836669921875,157.3163604736328
2021-08-10,62.6444091796875,45.30316162109375,157.35464477539062
2021-08-11,62.98117446899414,45.57094192504883,157.23974609375
2021-08-12,63.80009841918945,46.01521301269531,159.80613708496094
2021-08-13,63.59345626831055,46.03346633911133,159.19326782226562
2021-08-16,62.353580474853516,45.187530517578125,155.5160369873047
2021-08-17,61.49637985229492,44.280738830566406,153.44760131835938
2021-08-18,61.11369323730469,43.70258331298828,152.09927368164062
2021-08-19,59.26154327392578,42.36977767944336,149.26473999023438
2021-08-20,58.91713333129883,42.53409194946289,147.74790954589844
2021-08-23,58.77936553955078,42.52192687988281,149.034912109375
2021-08-24,60.01924133300781,43.051395416259766,152.267822265625
2021-08-25,59.697792053222656,43.282657623291016,152.98794555664062
2021-08-26,59.65187072753906,43.02705001831055,153.2177734375
2021-08-27,59.91209411621094,43.337432861328125,153.79234313964844
2021-08-30,60.50141525268555,43.57477951049805,153.98385620117188
2021-08-31,61.51169204711914,43.46523666381836,154.21368408203125
2021-09-01,60.8228645324707,43.252227783203125,154.0221710205078
2021-09-02,60.78459548950195,42.978363037109375,155.28622436523438
2021-09-03,60.769287109375,42.704498291015625,154.67332458496094
2021-09-06,61.11369323730469,42.65581512451172,154.86485290527344
2021-09-07,61.588226318359375,42.83230209350586,153.52420043945312
2021-09-08,60.16465759277344,41.81596755981445,148.63656616210938
2021-09-09,60.1876220703125,41.68815994262695,150.52113342285156
2021-09-10,60.57794952392578,42.07765579223633,149.7244110107422
2021-09-13,62.476036071777344,43.63563919067383,150.62838745117188
2021-09-14,62.874019622802734,44.134674072265625,150.98080444335938
2021-09-15,63.59345626831055,44.128597259521484,150.55178833007812
2021-09-16,62.81279373168945,43.89733123779297,148.22286987304688
2021-09-17,61.5040283203125,43.42871856689453,145.32705688476562
2021-09-20,59.61359786987305,42.083740234375,138.66207885742188
2021-09-21,60.40191650390625,42.17502975463867,140.3474884033203
2021-09-22,62.345924377441406,43.775611877441406,143.3505401611328
2021-09-23,62.26173400878906,44.438968658447266,145.02064514160156
2021-09-24,62.44541549682617,45.205787658691406,145.08192443847656
2021-09-27,63.28731918334961,46.13084030151367,146.5834197998047
2021-09-28,63.28731918334961,46.39253616333008,145.556884765625
2021-09-29,64.64964294433594,47.104576110839844,150.18405151367188
2021-09-30,63.34088897705078,46.69074249267578,148.345458984375
2021-10-01,64.15982055664062,47.08632278442383,148.37608337402344
2021-10-04,63.84601974487305,46.86722946166992,146.2003936767578
2021-10-05,64.06797790527344,46.97677230834961,146.99713134765625
2021-10-06,62.46072769165039,45.99086380004883,142.9521942138672
2021-10-07,63.86898422241211,47.85922622680664,145.9552459716797
2021-10-08,64.81037139892578,49.10074234008789,145.556884765625
2021-10-11,66.25688934326172,50.512664794921875,146.18508911132812
2021-10-12,66.20331573486328,50.09273910522461,144.23919677734375
2021-10-13,65.68287658691406,49.63630294799805,148.19224548339844
2021-10-14,66.0961685180664,50.64655303955078,150.1993865966797
2021-10-15,67.01459503173828,50.90824508666992,152.19122314453125
2021-10-18,66.10382843017578,49.87364959716797,147.34951782226562
2021-10-19,65.4073486328125,50.12925720214844,145.556884765625
2021-10-20,64.80271911621094,49.87364959716797,143.12071228027344
2021-10-21,64.4736099243164,49.73976135253906,146.9358367919922
2021-10-22,65.58338165283203,49.97101974487305,150.23004150390625
2021-10-25,66.9992904663086,50.44572067260742,157.23974609375
2021-10-26,67.67280578613281,50.573524475097656,157.8909149169922
2021-10-27,67.77230834960938,50.86564254760742,156.2055206298828
2021-10-28,66.84622192382812,51.029964447021484,149.2187957763672
2021-10-29,66.76968383789062,52.1801872253418,148.4833526611328
2021-11-01,67.5656509399414,52.934837341308594,149.12684631347656
2021-11-02,67.84117889404297,53.00178909301758,148.19224548339844
2021-11-03,68.85145568847656,52.965274810791016,142.20140075683594
2021-11-04,68.87442016601562,52.94700622558594,143.87149047851562
2021-11-05,70.2979736328125,53.30607223510742,147.76321411132812
2021-11-08,69.71630859375,53.086978912353516,143.656982421875
2021-11-09,69.38719940185547,53.202613830566406,142.2780303955078
2021-11-10,70.2291030883789,53.61036682128906,142.18609619140625
2021-11-11,70.66535186767578,53.16609573364258,142.2780303955078
2021-11-12,71.19344329833984,53.4886474609375,144.0247039794922
2021-11-15,71.5455093383789,54.06071853637695,144.31582641601562
2021-11-16,71.33885955810547,54.2919807434082,144.42308044433594
2021-11-17,71.65265655517578,54.4197883605957,143.2586212158203
2021-11-18,72.0965576171875,55.320491790771484,141.97158813476562
2021-11-19,71.33120727539062,54.64495849609375,138.38629150390625
2021-11-22,72.54047393798828,55.36309814453125,137.32908630371094
2021-11-23,72.2802505493164,54.797115325927734,135.8275604248047
2021-11-24,70.78780364990234,53.7807731628418,132.0583953857422
2021-11-25,69.74691772460938,53.78685760498047,132.0430908203125
2021-11-26,65.44561767578125,50.61003875732422,125.59261322021484
2021-11-29,65.65225982666016,50.39094543457031,126.03694152832031
2021-11-30,65.03997802734375,50.512664794921875,123.84593200683594
2021-12-01,67.84117889404297,52.69748306274414,128.50375366210938
2021-12-02,67.68046569824219,52.40536880493164,127.5997543334961
2021-12-03,66.96868133544922,52.11323928833008,126.64981842041016
2021-12-06,67.67280578613281,52.015872955322266,130.4649200439453
2021-12-07,67.67280578613281,52.83137893676758,130.4649200439453
2021-12-08,69.74691772460938,52.228878021240234,141.2208251953125
2021-12-09,69.05044555664062,52.44796371459961,139.7652587890625
2021-12-10,68.62185668945312,54.32842254638672,138.15646362304688
2021-12-13,68.79022216796875,54.145503997802734,139.6580047607422
2021-12-14,67.65750122070312,52.2943115234375,139.13706970214844
2021-12-15,67.55799865722656,52.03822326660156,137.39039611816406
2021-12-16,68.6065444946289,52.49187088012695,139.9031524658203
2021-12-17,66.52476501464844,50.30410385131836,134.8469696044922
2021-12-20,65.2007064819336,49.24314498901367,132.0583953857422
2021-12-21,66.65487670898438,50.208980560302734,133.36074829101562
2021-12-22,66.92276000976562,50.99189758300781,134.35667419433594
2021-12-23,68.246826171875,51.284568786621094,135.52110290527344
2021-12-24,68.246826171875,51.284568786621094,135.52110290527344
2021-12-27,68.88206481933594,51.13823318481445,136.68557739257812
2021-12-28,68.84379577636719,50.92604064941406,137.39039611816406
2021-12-29,68.26978302001953,49.923622131347656,135.7509307861328
2021-12-30,67.72637939453125,49.45532989501953,135.96543884277344
2021-12-31,67.72637939453125,49.45532989501953,135.96543884277344
2022-01-03,69.89999389648438,50.267513275146484,138.5088653564453
2022-01-04,72.08892059326172,52.76259994506836,143.24330139160156
2022-01-05,73.65789031982422,54.877201080322266,146.32296752929688
2022-01-06,73.64259338378906,54.81134796142578,144.86740112304688
2022-01-07,73.1680679321289,53.823551177978516,143.82553100585938
2022-01-10,74.39263153076172,53.45039367675781,143.84083557128906
2022-01-11,75.02022552490234,53.07722854614258,144.31582641601562
2022-01-12,74.58396911621094,53.72112274169922,144.2698516845703
2022-01-13,75.78558349609375,55.19182586669922,145.60284423828125
2022-01-14,76.01519012451172,54.723541259765625,147.9317626953125
2022-01-17,75.78558349609375,54.335750579833984,147.53338623046875
2022-01-18,75.72434997558594,54.61378860473633,145.9552459716797
2022-01-19,74.89776611328125,54.511348724365234,146.85923767089844
2022-01-20,74.10945129394531,53.560142517089844,146.1084747314453
2022-01-21,73.13744354248047,52.630897521972656,143.7335968017578
2022-01-24,70.01480102539062,49.97483825683594,135.23001098632812
2022-01-25,70.47400665283203,50.355316162109375,136.56300354003906
2022-01-26,72.07360076904297,51.591888427734375,140.20957946777344
2022-01-27,71.94348907470703,52.06017303466797,142.69171142578125
2022-01-28,70.71892547607422,51.12360382080078,140.65391540527344
2022-01-31,71.13987731933594,51.167503356933594,140.4394073486328
2022-02-01,72.16545104980469,51.335792541503906,141.97158813476562
2022-02-02,71.6985855102539,50.779701232910156,141.2667694091797
2022-02-03,71.75981140136719,50.99189758300781,139.22898864746094
2022-02-04,68.62185668945312,49.630943298339844,134.93890380859375
2022-02-07,68.77490997314453,49.433380126953125,134.78567504882812
2022-02-08,68.81318664550781,49.433380126953125,135.1840362548828
2022-02-09,71.43070220947266,51.613834381103516,143.45779418945312
2022-02-10,71.00210571289062,51.035797119140625,143.47312927246094
2022-02-11,72.9384536743164,54.46745681762695,144.51498413085938
2022-02-14,70.86433410644531,54.37232971191406,139.96444702148438
2022-02-15,72.6552734375,55.15524673461914,144.17791748046875
2022-02-16,71.98176574707031,55.47718811035156,142.5078582763672
2022-02-17,73.45124816894531,55.652793884277344,140.96034240722656
2022-02-18,72.99967956542969,55.30889892578125,137.9726104736328
2022-02-21,70.63473510742188,54.16745376586914,134.05023193359375
2022-02-22,69.59384155273438,53.57478713989258,144.56097412109375
2022-02-23,70.12195587158203,53.830875396728516,143.3199005126953
2022-02-24,65.0476303100586,50.333370208740234,134.90826416015625
2022-02-25,67.36665344238281,52.72601318359375,141.97158813476562
2022-02-28,66.2492446899414,51.343109130859375,136.3944549560547
2022-03-01,63.13424301147461,48.61388397216797,126.00629425048828
2022-03-02,61.6571044921875,46.872440338134766,122.57422637939453
2022-03-03,59.32276916503906,44.05541229248047,119.01956939697266
2022-03-04,55.947547912597656,42.43836975097656,110.69984436035156
2022-03-07,53.97292709350586,41.992034912109375,104.75499725341797
2022-03-08,54.37856674194336,41.70667266845703,104.06550598144531
2022-03-09,58.32014846801758,44.89686965942383,115.15849304199219
2022-03-10,55.105655670166016,43.23591613769531,110.14826202392578
2022-03-11,55.42709732055664,42.87007141113281,110.08697509765625
2022-03-14,56.96547317504883,44.45785140991211,114.913330078125
2022-03-15,57.64664077758789,45.467594146728516,115.67941284179688
2022-03-16,60.00393295288086,47.75048065185547,119.23406982421875
2022-03-17,58.67987060546875,46.82854461669922,119.09617614746094
2022-03-18,58.09054183959961,45.82612228393555,117.91638946533203
2022-03-21,59.26919174194336,46.33099365234375,117.7938232421875
2022-03-22,60.509071350097656,46.94561767578125,118.74378204345703
2022-03-23,59.896785736083984,46.33099365234375,116.95112609863281
2022-03-24,60.05750274658203,46.18465042114258,116.43018341064453
2022-03-25,59.61359786987305,46.25050354003906,115.81729888916016
2022-03-28,59.881473541259766,46.762691497802734,116.246337890625
2022-03-29,63.241390228271484,48.913875579833984,122.17584228515625
2022-03-30,61.427494049072266,47.81632995605469,121.85408782958984
2022-03-31,60.15700912475586,46.68952560424805,120.27594757080078
2022-04-01,60.4631462097168,46.455379486083984,120.72028350830078
2022-04-04,61.11369323730469,47.0187873840332,121.62425994873047
2022-04-05,59.8355598449707,46.06758117675781,120.07677459716797
2022-04-06,58.39669418334961,45.533447265625,116.56807708740234
2022-04-07,57.914512634277344,45.57002639770508,114.7601089477539
2022-04-08,58.932437896728516,46.25782012939453,117.24223327636719
2022-04-11,58.159423828125,45.650508880615234,116.20034790039062
2022-04-12,58.23595428466797,45.73099899291992,115.75604248046875
2022-04-13,58.35841369628906,45.99441146850586,115.83263397216797
2022-04-14,58.350765228271484,46.33099365234375,114.13191223144531
2022-04-15,58.350765228271484,46.33099365234375,114.13191223144531
2022-04-18,58.350765228271484,46.33099365234375,114.13191223144531
2022-04-19,59.713096618652344,47.033416748046875,117.21159362792969
2022-04-20,60.61621856689453,47.81632995605469,118.82038879394531
2022-04-21,60.61621856689453,47.81632995605469,118.82038879394531
2022-04-22,60.61621856689453,47.36268615722656,116.85918426513672
2022-04-25,59.29215621948242,46.704158782958984,114.16255950927734
2022-04-26,58.37371826171875,46.0309944152832,111.46592712402344
2022-04-27,58.37371826171875,46.0309944152832,111.46592712402344
2022-04-28,59.54473114013672,48.66510009765625,112.87552642822266
2022-04-29,60.0881233215332,49.0968017578125,114.10127258300781
2022-05-02,59.42226791381836,49.191673278808594,112.78359985351562
2022-05-03,61.213199615478516,49.713478088378906,115.06654357910156
2022-05-04,60.8228645324707,49.27864456176758,113.77951049804688
2022-05-05,59.72074890136719,48.22713088989258,112.7529525756836
2022-05-06,59.72074890136719,48.22713088989258,112.7529525756836
2022-05-09,59.406959533691406,47.87926483154297,109.33619689941406
2022-05-10,59.858516693115234,48.32991409301758,109.39749145507812
2022-05-11,62.95821762084961,50.48827362060547,112.3852310180664
2022-05-12,62.398284912109375,50.2115592956543,112.1860580444336
2022-05-13,62.398284912109375,50.2115592956543,118.29296875
2022-05-16,63.946311950683594,50.25109100341797,116.91971588134766
2022-05-17,64.73678588867188,51.50025177001953,117.8729019165039
2022-05-18,64.24272918701172,51.1998176574707,117.92137145996094
2022-05-19,64.09452056884766,50.02971649169922,117.38824462890625
2022-05-20,63.77338790893555,50.0455322265625,117.67903137207031
2022-05-23,64.42388153076172,51.04169464111328,119.40770721435547
2022-05-24,64.0533447265625,50.36967849731445,117.48516082763672
2022-05-25,64.0533447265625,50.36967849731445,117.48516082763672
2022-05-26,66.07894134521484,51.54768753051758,122.25113677978516
2022-05-27,66.07894134521484,51.54768753051758,122.25113677978516
2022-05-30,66.07894134521484,51.54768753051758,122.25113677978516
2022-05-31,66.39183807373047,52.338294982910156,124.94914245605469
2022-06-01,67.7916488647461,53.207969665527344,127.46946716308594
2022-06-02,67.7916488647461,53.207969665527344,127.46946716308594
2022-06-03,67.7916488647461,53.207969665527344,126.56473541259766
2022-06-06,68.82091522216797,53.9432373046875,128.11570739746094
2022-06-07,68.00572967529297,53.57954788208008,127.35637664794922
2022-06-08,68.75504302978516,53.721858978271484,129.0850372314453
2022-06-09,68.06336975097656,52.931251525878906,126.98479461669922
2022-06-10,66.31773376464844,51.318416595458984,123.01045989990234
2022-06-13,64.2015609741211,49.13633346557617,117.27513122558594
2022-06-14,63.90513229370117,49.24701690673828,116.45120239257812
2022-06-15,65.49431610107422,50.156219482421875,118.79378509521484
2022-06-16,63.526363372802734,48.78055953979492,115.35260009765625
2022-06-17,63.89689636230469,48.962398529052734,114.43171691894531
2022-06-20,64.81912231445312,49.792537689208984,116.16039276123047
2022-06-21,65.59313201904297,50.733360290527344,118.32527160644531
2022-06-22,64.35801696777344,49.34979248046875,116.64505767822266
2022-06-23,61.67369079589844,46.31386184692383,112.33145904541016
2022-06-24,61.70662307739258,46.29804611206055,112.42839050292969
2022-06-27,62.35711669921875,46.835662841796875,112.1860580444336
2022-06-28,62.97467803955078,46.590572357177734,113.753173828125
2022-06-29,61.360782623291016,45.5390625,108.61561584472656
2022-06-30,60.487972259521484,43.657413482666016,102.92876434326172
2022-07-01,60.734989166259766,43.48347854614258,102.97723388671875
2022-07-04,59.936279296875,42.25803756713867,102.58949279785156
2022-07-05,58.87407684326172,40.34476089477539,97.58119201660156
2022-07-06,58.76703643798828,40.02061462402344,97.45193481445312
2022-07-07,61.57487487792969,42.57427978515625,102.55717468261719
2022-07-08,62.61237716674805,44.17131042480469,108.61561584472656
2022-07-11,60.75969696044922,42.360816955566406,105.23904418945312
2022-07-12,60.75969696044922,42.360816955566406,105.23904418945312
2022-07-13,59.664554595947266,40.73215866088867,103.67192840576172
2022-07-14,59.46693801879883,40.068050384521484,102.0240478515625
2022-07-15,61.854835510253906,41.79948043823242,106.82232666015625
2022-07-18,62.579437255859375,42.669151306152344,109.82730865478516
2022-07-19,64.33330535888672,44.62195587158203,114.07627868652344
2022-07-20,63.839263916015625,43.79181671142578,112.78380584716797
2022-07-21,63.31227111816406,43.546730041503906,109.76268005371094
2022-07-22,63.48519515991211,43.23838806152344,108.50252532958984
2022-07-25,64.2015609741211,43.83925247192383,107.14543151855469
2022-07-26,62.64530944824219,42.90633773803711,105.35213470458984
2022-07-27,63.0570182800293,44.47174072265625,105.65910339355469
2022-07-28,64.58032989501953,44.85913848876953,109.53650665283203
2022-07-29,65.44491577148438,45.23863220214844,110.90973663330078
2022-08-01,65.78250885009766,45.42047119140625,111.97602844238281
2022-08-02,66.76238250732422,45.697181701660156,114.31861877441406
2022-08-03,63.04878616333008,46.43245315551758,116.70968627929688
2022-08-04,62.801753997802734,46.748695373535156,115.99884033203125
2022-08-05,63.081722259521484,46.57476043701172,115.86959075927734
2022-08-08,64.30860900878906,47.808109283447266,117.6951904296875
2022-08-09,63.47695541381836,47.14399719238281,115.40106201171875
2022-08-10,64.21803283691406,47.84764099121094,117.8729019165039
2022-08-11,63.98747253417969,47.84764099121094,118.69684600830078
2022-08-12,64.67914581298828,48.17178726196289,119.81161499023438
2022-08-15,64.3250732421875,47.87926483154297,121.18485260009766
2022-08-16,65.25553131103516,48.401065826416016,121.65337371826172
2022-08-17,63.64164733886719,47.5076789855957,118.74531555175781
2022-08-18,64.13568878173828,47.7053337097168,120.29627227783203
2022-08-19,62.4229850769043,45.92646408081055,117.74365997314453
2022-08-22,60.12566375732422,44.20293045043945,112.6061019897461
2022-08-23,61.360782623291016,44.85913848876953,114.70635986328125
2022-08-24,61.047889709472656,44.139686584472656,114.20553588867188
2022-08-25,61.31961441040039,44.5191764831543,114.60943603515625
2022-08-26,60.208011627197266,43.48347854614258,113.85010528564453
2022-08-29,60.52914047241211,44.41639709472656,115.19104766845703
2022-08-30,60.77616500854492,44.87495040893555,117.85674285888672
2022-08-31,60.4962043762207,44.368961334228516,114.81945037841797
2022-09-01,59.9527473449707,43.48347854614258,112.78380584716797
2022-09-02,61.84659957885742,45.523250579833984,120.3285903930664
2022-09-05,59.64808654785156,42.40824890136719,115.91804504394531
2022-09-06,59.96097946166992,43.67322540283203,120.21551513671875
2022-09-07,60.99024963378906,44.34524154663086,120.13471984863281
2022-09-08,60.068023681640625,43.52301025390625,118.03446960449219
2022-09-09,60.52914047241211,44.566612243652344,118.72915649414062
2022-09-12,62.398284912109375,46.86728286743164,122.78427124023438
2022-09-13,61.640750885009766,46.06085968017578,120.13471984863281
2022-09-14,61.46782684326172,45.65765380859375,121.44334411621094
2022-09-15,61.49253463745117,45.49953079223633,120.60324096679688
2022-09-16,61.25374221801758,45.08051300048828,117.50132751464844
2022-09-19,62.33241271972656,45.47581100463867,118.74531555175781
2022-09-20,61.81366729736328,45.064693450927734,118.66453552246094
2022-09-21,61.961883544921875,45.325599670410156,119.50464630126953
2022-09-22,61.07258987426758,44.3531494140625,119.03611755371094
2022-09-23,58.775264739990234,42.6217155456543,113.22003173828125
2022-09-26,59.41753005981445,43.301639556884766,111.65291595458984
2022-09-27,59.08816909790039,43.10398864746094,110.45738983154297
2022-09-28,58.9399528503418,43.04073715209961,111.39441680908203
2022-09-29,56.92258071899414,41.45161437988281,103.76887512207031
2022-09-30,57.63072204589844,41.388362884521484,102.10482025146484
2022-10-03,58.240047454833984,41.89435577392578,102.13713073730469
2022-10-04,59.985687255859375,43.48347854614258,106.09530639648438
2022-10-05,58.84937286376953,41.9101676940918,104.70590209960938
2022-10-06,59.261077880859375,42.56637191772461,106.93540954589844
2022-10-07,59.038761138916016,41.59392547607422,105.23904418945312
2022-10-10,59.31048583984375,41.15118408203125,100.5376968383789
2022-10-11,59.59867858886719,41.78367233276367,99.60066986083984
2022-10-12,60.24917221069336,41.720420837402344,99.42294311523438
2022-10-13,61.130226135253906,42.39244079589844,100.29537200927734
2022-10-14,61.772483825683594,42.582183837890625,100.39229583740234
2022-10-17,63.015846252441406,43.68113327026367,103.21957397460938
2022-10-18,63.91337203979492,45.17538070678711,105.33598327636719
2022-10-19,63.946311950683594,45.436283111572266,104.89977264404297
2022-10-20,63.839263916015625,45.064693450927734,104.91593170166016
2022-10-21,63.756919860839844,45.00935745239258,104.7220687866211
2022-10-24,64.15216064453125,46.20317077636719,105.19058227539062
2022-10-25,64.40741729736328,46.09248733520508,105.96605682373047
2022-10-26,65.10731506347656,46.598472595214844,105.85295867919922
2022-10-27,65.51902770996094,46.495697021484375,105.57831573486328
2022-10-28,65.51078796386719,46.013427734375,103.59115600585938
2022-10-31,65.47785186767578,46.32966995239258,104.47972106933594
2022-11-01,66.10364532470703,46.75659942626953,106.79000091552734
2022-11-02,66.07070922851562,45.886932373046875,105.8368148803711
2022-11-03,62.991146087646484,45.12004089355469,103.33265686035156
2022-11-04,65.70841217041016,47.23096466064453,107.50086975097656
2022-11-07,66.7212142944336,47.302120208740234,110.15042114257812
2022-11-08,66.27656555175781,47.97413635253906,110.13426208496094
2022-11-09,66.07894134521484,47.37327194213867,109.2618408203125
2022-11-10,68.21981811523438,50.07715606689453,112.28298950195312
2022-11-11,69.36436462402344,51.22353744506836,115.25566101074219
2022-11-14,70.01486206054688,51.34212875366211,115.86959075927734
2022-11-15,70.13837432861328,51.5397834777832,115.83727264404297
2022-11-16,67.95632934570312,48.34572219848633,110.99051666259766
2022-11-17,67.74224090576172,47.61045837402344,111.95987701416016
2022-11-18,69.29026794433594,49.191673278808594,114.59327697753906
2022-11-21,68.83738708496094,48.94658660888672,112.79997253417969
2022-11-22,69.24908447265625,49.14423751831055,112.89690399169922
2022-11-23,68.97735595703125,49.080989837646484,110.78050231933594
2022-11-24,69.17498016357422,49.41304397583008,110.66740417480469
2022-11-25,69.1338119506836,49.31026840209961,110.31197357177734
2022-11-28,68.70564270019531,48.630340576171875,109.24569702148438
2022-11-29,69.78430938720703,49.44466781616211,111.345947265625
2022-11-30,71.06883239746094,50.91520309448242,113.01000213623047
2022-12-01,70.1054458618164,50.72545623779297,112.58995819091797
2022-12-02,70.20425415039062,50.67011260986328,112.29914855957031
2022-12-05,70.69829559326172,50.80451965332031,113.76931762695312
2022-12-06,70.14661407470703,50.42502212524414,112.9292221069336
2022-12-07,69.62786102294922,49.903221130371094,111.15209197998047
2022-12-08,68.3104019165039,49.903221130371094,110.34429168701172
2022-12-09,69.61139678955078,51.22353744506836,110.86128997802734
2022-12-12,69.52081298828125,50.63848876953125,109.95654296875
2022-12-13,69.17498016357422,51.08123016357422,111.2974853515625
2022-12-14,69.0432357788086,51.04169464111328,111.28131866455078
2022-12-15,68.17865753173828,49.0968017578125,107.88860321044922
2022-12-16,68.03044128417969,49.04145812988281,110.29581451416016
2022-12-19,68.8538589477539,49.51582336425781,98.53437805175781
2022-12-20,68.63153076171875,49.01774215698242,96.30487060546875
2022-12-21,69.29026794433594,49.69766616821289,96.75724792480469
2022-12-22,68.5903549194336,48.22713088989258,92.79905700683594
2022-12-23,68.75504302978516,48.50384521484375,93.42913818359375
2022-12-26,68.75504302978516,48.50384521484375,93.42913818359375
2022-12-27,68.87854766845703,48.92287063598633,93.5906982421875
2022-12-28,68.55742645263672,48.488033294677734,92.86368560791016
2022-12-29,69.02676391601562,49.01774215698242,93.81687927246094
2022-12-30,68.6562271118164,48.54337692260742,94.04306030273438
2023-01-02,70.64889526367188,50.42502212524414,96.96726989746094
2023-01-03,70.67359924316406,50.63848876953125,98.5989990234375
2023-01-04,72.3615951538086,52.069488525390625,101.68476104736328
2023-01-05,73.24264526367188,52.50432586669922,102.68643188476562
2023-01-06,73.72022247314453,52.543853759765625,103.52653503417969
2023-01-09,74.09075927734375,53.22378158569336,103.41344451904297
2023-01-10,74.535400390625,53.56373977661133,102.815673828125
2023-01-11,75.57290649414062,53.87207794189453,103.21957397460938
2023-01-12,76.75862884521484,54.47294235229492,103.97889709472656
2023-01-13,75.53996276855469,53.002410888671875,101.0546875
2023-01-16,75.62230682373047,53.097286224365234,101.55552673339844
2023-01-17,75.73758697509766,53.15262985229492,101.16777801513672
2023-01-18,75.28471374511719,53.207969665527344,101.1354751586914
2023-01-19,74.12369537353516,51.80067825317383,99.47142028808594
2023-01-20,74.08252716064453,52.0141487121582,100.37614440917969
2023-01-23,75.36705780029297,53.18424606323242,101.10316467285156
2023-01-24,75.58113861083984,53.56373977661133,100.00456237792969
2023-01-25,75.58113861083984,53.44514846801758,100.24690246582031
2023-01-26,76.04225158691406,53.99857711791992,100.97391510009766
2023-01-27,76.04225158691406,53.99857711791992,100.97391510009766
2023-01-30,75.32588195800781,53.5400276184082,101.99172973632812
2023-01-31,76.76686096191406,53.87998580932617,102.54103088378906
2023-02-01,78.44661712646484,55.026363372802734,103.73655700683594
2023-02-02,80.52162170410156,57.08195114135742,107.67858123779297
2023-02-03,80.34870910644531,56.923828125,106.57998657226562
2023-02-06,79.9205322265625,56.805233001708984,105.28751373291016
2023-02-07,80.20049285888672,56.88429260253906,106.03067779541016
2023-02-08,80.34046936035156,56.75780487060547,104.4474105834961
2023-02-09,81.89672088623047,57.7065315246582,105.22288513183594
2023-02-10,80.5051498413086,56.8922004699707,103.88196563720703
2023-02-13,80.37340545654297,56.50480270385742,103.7042465209961
2023-02-14,80.48045349121094,56.512718200683594,105.17442321777344
2023-02-15,81.66616821289062,57.20844650268555,105.80450439453125
2023-02-16,81.71556854248047,57.38238525390625,105.80450439453125
2023-02-17,82.13550567626953,59.01103210449219,105.99836730957031
2023-02-20,82.06964111328125,59.19287872314453,107.19390106201172
2023-02-21,81.27091979980469,58.97150421142578,105.88528442382812
2023-02-22,81.0486068725586,58.48923873901367,105.98221588134766
2023-02-23,82.05316925048828,58.59201431274414,106.54766845703125
2023-02-24,80.02757263183594,56.87639617919922,103.23572540283203
2023-02-27,80.82628631591797,57.390281677246094,104.47972106933594
2023-02-28,80.48868560791016,57.43772506713867,104.3343276977539
2023-03-01,81.79791259765625,57.975337982177734,103.80117797851562
2023-03-02,81.80614471435547,58.20461654663086,103.89811706542969
2023-03-03,83.56002807617188,59.76211166381836,114.867919921875
2023-03-06,83.54354858398438,59.904422760009766,112.832275390625
2023-03-07,83.1647720336914,59.564456939697266,112.12144470214844
2023-03-08,83.13184356689453,59.390525817871094,113.13923645019531
2023-03-09,81.95436096191406,59.11381149291992,110.82897186279297
2023-03-10,80.96626281738281,58.52876663208008,109.13260650634766
2023-03-13,77.92787170410156,56.670833587646484,105.38445281982422
2023-03-14,78.71834564208984,57.57212448120117,103.72039794921875
2023-03-15,77.96903991699219,55.461204528808594,99.50373077392578
2023-03-16,78.85832214355469,55.62723159790039,98.9705810546875
2023-03-17,78.10078430175781,54.757564544677734,97.2903823852539
2023-03-20,78.72657775878906,54.662689208984375,97.12882232666016
2023-03-21,80.15107727050781,55.72210693359375,99.50373077392578
2023-03-22,80.85922241210938,56.26762390136719,100.00456237792969
2023-03-23,81.37797546386719,55.91184616088867,98.85749053955078
2023-03-24,80.4969253540039,55.065895080566406,96.12716674804688
2023-03-27,81.2297592163086,56.512718200683594,97.62965393066406
2023-03-28,81.34503936767578,56.83686447143555,98.45359802246094
2023-03-29,81.46031951904297,55.62723159790039,99.03520965576172
2023-03-30,82.90129089355469,56.06206512451172,100.71541595458984
2023-03-31,83.11537170410156,55.95928192138672,101.49089813232422
2023-04-03,82.95069122314453,55.66676712036133,101.66860961914062
2023-04-04,83.44474029541016,55.69047927856445,101.29702758789062
2023-04-05,81.59205627441406,54.101356506347656,100.23074340820312
2023-04-06,81.2050552368164,53.619083404541016,99.72991943359375
2023-04-07,81.2050552368164,53.619083404541016,99.72991943359375
2023-04-10,81.2050552368164,53.619083404541016,99.72991943359375
2023-04-11,83.0988998413086,54.45712661743164,101.3778076171875
2023-04-12,84.54811096191406,54.820804595947266,101.39396667480469
2023-04-13,84.2516860961914,55.17658615112305,101.84632873535156
2023-04-14,85.37152862548828,55.66676712036133,103.15494537353516
2023-04-17,84.97628784179688,54.74965286254883,102.50871276855469
2023-04-18,85.71736145019531,55.477012634277344,102.2502212524414
2023-04-19,85.45386505126953,55.82488250732422,101.34549713134766
2023-04-20,82.35783386230469,53.9432373046875,98.21126556396484
2023-04-21,82.83541870117188,54.7180290222168,98.46976470947266
2023-04-24,83.2965316772461,55.25564193725586,98.550537109375
2023-04-25,83.52708435058594,55.15286636352539,97.53272247314453
2023-04-26,83.1647720336914,55.390045166015625,97.92045593261719
2023-04-27,82.86834716796875,55.390045166015625,98.550537109375
2023-04-28,83.52708435058594,55.80116271972656,99.90762329101562
2023-05-01,83.52708435058594,55.80116271972656,99.90762329101562
2023-05-02,82.8189468383789,54.9947395324707,99.55220031738281
2023-05-03,83.18124389648438,55.54026412963867,100.34384155273438
2023-05-04,85.4703369140625,55.548797607421875,100.94159698486328
2023-05-05,88.5499038696289,56.931968688964844,102.71874237060547
2023-05-08,89.68621826171875,56.931968688964844,102.68643188476562
2023-05-09,89.52153778076172,57.33325958251953,102.10482025146484
2023-05-10,89.52153778076172,57.76870346069336,102.33100128173828
2023-05-11,89.25804138183594,57.86261749267578,103.82361602783203
2023-05-12,88.82024383544922,57.9394645690918,103.47649383544922
2023-05-15,89.41886901855469,58.058998107910156,103.04259490966797
2023-05-16,88.96319580078125,57.546714782714844,101.18550109863281
2023-05-17,89.47247314453125,58.38344192504883,101.11607360839844
2023-05-18,91.58106994628906,60.193519592285156,104.39636993408203
2023-05-19,92.3673324584961,60.77410888671875,104.30957794189453
2023-05-22,92.95702362060547,60.961952209472656,104.5872802734375
2023-05-23,93.35015869140625,60.84241485595703,105.1426773071289
2023-05-24,91.67041778564453,59.69831085205078,103.5459213256836
2023-05-25,91.83124542236328,59.98006820678711,102.52191925048828
2023-05-26,93.33228302001953,60.99610137939453,103.9277572631836
2023-05-29,93.27867889404297,60.75703430175781,104.34429168701172
2023-05-30,93.08211517333984,60.79118728637695,103.09467315673828
2023-05-31,91.06285858154297,59.57024002075195,101.16815185546875
2023-06-01,92.47454833984375,60.244747161865234,102.4698486328125
2023-06-02,94.85118865966797,61.67914581298828,105.4724349975586
2023-06-05,95.10136413574219,61.50838851928711,106.34024047851562
2023-06-06,95.33366394042969,61.49984359741211,107.6419448852539
2023-06-07,95.4944839477539,61.875526428222656,107.90227508544922
2023-06-08,96.45944213867188,62.328041076660156,109.13455963134766
2023-06-09,96.56666564941406,61.98651885986328,109.58580780029297
2023-06-12,98.40721893310547,62.840328216552734,112.380126953125
2023-06-13,100.1226806640625,63.50629425048828,113.54297637939453
2023-06-14,100.87320709228516,64.33448791503906,114.32400512695312
2023-06-15,100.53368377685547,64.18934631347656,112.88345336914062
2023-06-16,99.81890869140625,64.97484588623047,111.96359252929688
2023-06-19,99.19347381591797,64.49671936035156,111.06107330322266
2023-06-20,98.7467269897461,64.07835388183594,109.42960357666016
2023-06-21,98.21064758300781,63.224544525146484,108.49237823486328
2023-06-22,97.47799682617188,61.773067474365234,106.73942565917969
2023-06-23,97.04914093017578,61.49984359741211,106.18403625488281
2023-06-26,97.60308837890625,61.45716094970703,106.5137939453125
2023-06-27,96.54878997802734,61.32908630371094,104.74348449707031
2023-06-28,98.17491149902344,61.93528747558594,105.62864685058594
2023-06-29,99.21134948730469,62.310970306396484,106.23609924316406
2023-06-30,100.53368377685547,62.90009307861328,106.68736267089844
2023-07-03,100.24777221679688,62.85740661621094,107.41631317138672
2023-07-04,99.90825653076172,62.11458969116211,107.19068145751953
2023-07-05,100.42646789550781,62.81471252441406,107.2774658203125
2023-07-06,96.51304626464844,60.97902297973633,105.31623077392578
2023-07-07,95.72679138183594,61.43153762817383,106.18403625488281
2023-07-10,96.03057861328125,61.397396087646484,105.90634155273438
2023-07-11,95.1371078491211,61.798675537109375,106.5137939453125
2023-07-12,95.95909881591797,61.995052337646484,107.22539520263672
2023-07-13,95.6017074584961,62.157283782958984,107.52044677734375
2023-07-14,95.38727569580078,61.841365814208984,106.87828063964844
2023-07-17,95.42301177978516,61.918209075927734,105.92369079589844
2023-07-18,95.69105529785156,61.875526428222656,106.49644470214844
2023-07-19,95.78040313720703,61.38031768798828,107.39895629882812
2023-07-20,96.20926666259766,61.09855651855469,107.65928649902344
2023-07-21,96.11991882324219,60.79118728637695,108.40560150146484
2023-07-24,97.03126525878906,60.961952209472656,108.9957046508789
2023-07-25,96.87043762207031,60.808265686035156,108.71800994873047
2023-07-26,95.74466705322266,59.732460021972656,107.17332458496094
2023-07-27,98.24639129638672,62.08897399902344,104.96910858154297
2023-07-28,99.42577362060547,62.80617141723633,105.24681091308594
2023-07-31,99.05052185058594,62.020668029785156,104.62199401855469
2023-08-01,93.7075424194336,60.552120208740234,104.13602447509766
2023-08-02,94.04705810546875,60.66311264038086,103.3202896118164
2023-08-03,92.00994873046875,60.75703430175781,103.1293716430664
2023-08-04,92.99276733398438,61.04732894897461,102.90375518798828
2023-08-07,92.6889877319336,60.961952209472656,102.6781234741211
2023-08-08,91.0092544555664,60.00568389892578,101.029296875
2023-08-09,90.56251525878906,59.3397102355957,101.4284896850586
2023-08-10,91.04499053955078,60.04837417602539,102.12272644042969
2023-08-11,89.33845520019531,59.0067253112793,101.53262329101562
2023-08-14,89.43672943115234,58.77619171142578,101.44584655761719
2023-08-15,88.64154052734375,58.16999053955078,100.43920135498047
2023-08-16,89.1329574584961,58.298065185546875,99.88380432128906
2023-08-17,88.54326629638672,57.649166107177734,99.53668212890625
2023-08-18,87.78380584716797,57.22226333618164,99.32841491699219
2023-08-21,88.66835021972656,57.6662483215332,99.2763442993164
2023-08-22,89.079345703125,57.879695892333984,99.29369354248047
2023-08-23,87.94463348388672,57.6662483215332,98.70359802246094
2023-08-24,86.47040557861328,57.19664764404297,97.3498306274414
2023-08-25,86.22917175292969,57.2051887512207,97.28040313720703
2023-08-28,86.30957794189453,57.57232666015625,97.99199676513672
2023-08-29,87.18518829345703,57.91385269165039,98.68624114990234
2023-08-30,86.8992691040039,57.64063262939453,98.4259033203125
2023-08-31,86.81885528564453,57.6662483215332,98.09613037109375
2023-09-01,84.16523742675781,56.23184585571289,94.0001220703125
2023-09-04,84.41542053222656,56.778282165527344,93.9827651977539
2023-09-05,86.24703979492188,57.12834930419922,94.13896942138672
2023-09-06,86.04154205322266,56.55629348754883,93.28852081298828
2023-09-07,84.90682220458984,55.75371551513672,91.77854919433594
2023-09-08,85.43397521972656,56.206233978271484,92.90668487548828
2023-09-11,86.24703979492188,56.54775619506836,93.77449035644531
2023-09-12,86.32745361328125,57.12834930419922,94.59021759033203
2023-09-13,86.97074127197266,57.077117919921875,94.64228820800781
2023-09-14,85.70201110839844,56.7441291809082,94.27781677246094
2023-09-15,87.12264251708984,57.384490966796875,95.28446197509766
2023-09-18,86.47040557861328,56.72705841064453,93.23645782470703
2023-09-19,87.25666809082031,57.06857681274414,95.2323989868164
2023-09-20,89.56182098388672,58.23829650878906,97.03742218017578
2023-09-21,88.86491394042969,57.57232666015625,96.86386108398438
2023-09-22,88.69515228271484,57.48694610595703,99.34577178955078
2023-09-25,86.908203125,56.67582702636719,98.28705596923828
2023-09-26,85.75563049316406,55.890323638916016,95.63157653808594
2023-09-27,86.47040557861328,55.71956253051758,94.486083984375
2023-09-28,86.80099487304688,56.25746154785156,94.3819580078125
2023-09-29,86.1130142211914,56.25746154785156,94.53816223144531
2023-10-02,85.92538452148438,56.018394470214844,94.59021759033203
2023-10-03,85.14806365966797,55.43780517578125,92.94139862060547
2023-10-04,85.23741149902344,55.43780517578125,93.34059143066406
2023-10-05,84.24565887451172,55.00236129760742,92.42072296142578
2023-10-06,85.51438903808594,54.515689849853516,92.66370391845703
2023-10-09,84.56730651855469,54.17416763305664,91.74383544921875
2023-10-10,87.1315689086914,55.16458511352539,93.8265609741211
2023-10-11,88.0071792602539,55.3694953918457,94.83320617675781
2023-10-12,87.95357513427734,55.65979766845703,94.26045989990234
2023-10-13,87.34601593017578,54.9169807434082,93.4447250366211
2023-10-16,88.13226318359375,55.241424560546875,94.26045989990234
2023-10-17,87.7927474975586,55.38657760620117,94.17367553710938
2023-10-18,87.48003387451172,54.797447204589844,93.39266204833984
2023-10-19,85.15699005126953,54.17416763305664,91.3793716430664
2023-10-20,83.59341430664062,52.94468307495117,89.50491333007812
2023-10-23,83.37004852294922,52.68000411987305,88.72389221191406
2023-10-24,82.6552734375,52.53485107421875,88.32470703125
2023-10-25,81.64563751220703,52.40678405761719,87.4742660522461
2023-10-26,79.18859100341797,49.384300231933594,86.75399017333984
2023-10-27,79.06350708007812,47.992591857910156,86.16388702392578
2023-10-30,78.3666000366211,47.45469284057617,86.03370666503906
2023-10-31,78.29512023925781,47.326622009277344,86.63249969482422
2023-11-01,79.51917266845703,47.787681579589844,86.59778594970703
2023-11-02,81.38653564453125,49.111080169677734,89.36607360839844
2023-11-03,83.04840087890625,49.43553161621094,91.15373992919922
2023-11-06,82.9411849975586,49.11962127685547,91.17108917236328
2023-11-07,81.58309936523438,48.55610275268555,90.4247817993164
2023-11-08,82.2800064086914,49.05131530761719,90.59834289550781
2023-11-09,82.3872299194336,48.914703369140625,91.01488494873047
2023-11-10,81.46695709228516,48.231658935546875,89.9561767578125
2023-11-13,82.2889404296875,48.3255729675293,91.17108917236328
2023-11-14,84.13843536376953,49.51237487792969,93.58357238769531
2023-11-15,85.81816864013672,50.11003875732422,95.37124633789062
2023-11-16,84.03121948242188,49.47822189331055,93.94805145263672
2023-11-17,85.0587158203125,50.03319549560547,94.45137023925781
2023-11-20,85.54118347167969,50.3149528503418,94.45137023925781
2023-11-21,83.58448791503906,49.65751647949219,92.7331314086914
2023-11-22,84.20097351074219,49.75997543334961,92.68106842041016
2023-11-23,84.10269927978516,49.725826263427734,92.49015045166016
2023-11-24,84.03121948242188,49.99904251098633,92.85462188720703
2023-11-27,83.47726440429688,49.82828140258789,92.09095764160156
2023-11-28,83.23603057861328,49.48675537109375,91.1884536743164
2023-11-29,85.8360366821289,50.6223258972168,92.75048065185547
2023-11-30,85.40716552734375,50.869930267333984,92.3512954711914
2023-12-01,85.94325256347656,51.348060607910156,92.87197875976562
2023-12-04,85.91645812988281,51.672508239746094,93.54886627197266
2023-12-05,87.25666809082031,52.466552734375,94.20838928222656
2023-12-06,88.76663208007812,53.25205612182617,99.25898742675781
2023-12-07,88.09652709960938,53.2264404296875,98.53003692626953
2023-12-08,90.16938018798828,53.678955078125,99.67552947998047
2023-12-11,90.5089111328125,53.8326416015625,100.3697738647461
2023-12-12,90.187255859375,53.55088806152344,99.83173370361328
2023-12-13,89.0704116821289,52.71415710449219,99.17221069335938
2023-12-14,91.61681365966797,54.21685791015625,100.43920135498047
2023-12-15,92.08141326904297,54.95967483520508,100.63011169433594
2023-12-18,90.25872802734375,54.25101089477539,99.62346649169922
2023-12-19,90.1336441040039,53.96925354003906,99.06807708740234
2023-12-20,89.72264862060547,53.90948486328125,98.68624114990234
2023-12-21,88.9453353881836,53.5423469543457,97.59281158447266
2023-12-22,89.9192123413086,53.66188049316406,97.6795883178711
2023-12-25,89.9192123413086,53.66188049316406,97.6795883178711
2023-12-26,89.9192123413086,53.66188049316406,97.6795883178711
2023-12-27,89.70478057861328,53.50819396972656,97.88787078857422
2023-12-28,89.74052429199219,53.15813446044922,97.33247375488281
2023-12-29,90.04430389404297,53.40574264526367,97.02006530761719
2024-01-01,90.04430389404297,53.40574264526367,97.02006530761719
2024-01-02,90.93777465820312,54.071712493896484,97.95728302001953
2024-01-03,88.90959167480469,53.10690689086914,96.20433807373047
2024-01-04,90.24085998535156,53.20936584472656,97.47132110595703
2024-01-05,89.93708801269531,53.40574264526367,98.28705596923828
2024-01-08,90.4195556640625,54.26808547973633,98.92922973632812
2024-01-09,90.08003234863281,54.472999572753906,98.35647583007812
2024-01-10,89.25804901123047,53.75579833984375,98.39118957519531
2024-01-11,87.97144317626953,53.12398147583008,98.26969146728516
2024-01-12,86.53294372558594,52.38970947265625,97.17626953125
2024-01-15,85.3446273803711,52.44093322753906,96.74237823486328
2024-01-16,85.5590591430664,52.32140350341797,96.56880950927734
2024-01-17,82.8965072631836,50.64793395996094,94.31253051757812
2024-01-18,83.14668273925781,51.0919189453125,93.8265609741211
2024-01-19,82.46764373779297,50.4686393737793,92.75048065185547
2024-01-22,83.37004852294922,50.6223258972168,93.67035675048828
2024-01-23,83.59341430664062,51.41636657714844,98.73831176757812
2024-01-24,83.58448791503906,51.851806640625,100.66482543945312
2024-01-25,83.7095718383789,51.01507568359375,99.65817260742188
2024-01-26,84.67451477050781,52.304325103759766,100.09207916259766
2024-01-29,84.79961395263672,52.83369064331055,100.63011169433594
2024-01-30,84.88002014160156,53.15813446044922,101.22021484375
2024-01-31,86.47040557861328,53.66188049316406,103.9971694946289
2024-02-01,86.69377136230469,53.85826110839844,102.55663299560547
2024-02-02,87.54257202148438,54.934051513671875,103.96246337890625
2024-02-05,86.28277587890625,53.94363784790039,103.337646484375
2024-02-06,87.16731262207031,54.6096076965332,102.43514251708984
2024-02-07,88.5790023803711,54.626686096191406,102.15744018554688
2024-02-08,91.09860229492188,55.5317268371582,103.04259490966797
2024-02-09,91.13433837890625,55.429264068603516,102.90375518798828
2024-02-12,91.25942993164062,56.052547454833984,103.9277572631836
2024-02-13,90.1336441040039,55.87324905395508,102.93846893310547
2024-02-14,90.38382720947266,55.95008850097656,102.20951080322266
2024-02-15,91.68829345703125,57.077117919921875,103.42443084716797
2024-02-16,93.01063537597656,57.529632568359375,103.84097290039062
2024-02-19,91.86698913574219,57.74308776855469,104.1186752319336
2024-02-20,90.9735107421875,57.01734924316406,102.4698486328125
2024-02-21,93.1893310546875,58.1187629699707,103.77155303955078
2024-02-22,93.88623809814453,60.850948333740234,106.21875
2024-02-23,95.35153198242188,61.20101547241211,107.60723114013672
2024-02-26,96.03057861328125,60.927791595458984,106.75678253173828
2024-02-27,96.20926666259766,61.610843658447266,107.67665100097656
2024-02-28,97.5316162109375,62.66956329345703,109.23868560791016
2024-02-29,97.58522033691406,62.87447738647461,108.77008056640625
2024-03-01,98.10343170166016,63.25869369506836,103.4070816040039
2024-03-04,98.22852325439453,62.95985794067383,104.72612762451172
2024-03-05,97.7103042602539,62.97693634033203,103.4070816040039
2024-03-06,96.22713470458984,62.19997024536133,101.34170532226562
2024-03-07,95.56596374511719,61.81576156616211,101.13343811035156
2024-03-08,95.72679138183594,61.94383239746094,101.0987319946289
2024-03-11,95.4944839477539,61.81576156616211,101.72354125976562
2024-03-12,98.08556365966797,62.601261138916016,104.89968872070312
2024-03-13,96.9419174194336,61.89259719848633,98.72095489501953
2024-03-14,93.99345397949219,61.93528747558594,98.00936126708984
2024-03-15,94.42232513427734,62.41341781616211,98.73831176757812
2024-03-18,94.69036102294922,62.635414123535156,100.1614990234375
2024-03-19,95.70893096923828,63.30992126464844,101.7756118774414
2024-03-20,95.0298843383789,63.01109313964844,102.00123596191406
2024-03-21,93.63607025146484,62.61833572387695,102.20951080322266
2024-03-22,93.02850341796875,62.754947662353516,102.4698486328125
2024-03-25,94.92266082763672,62.94278335571289,103.59799194335938
2024-03-26,95.20858001708984,62.712257385253906,105.22945404052734
2024-03-27,94.85118865966797,62.77202224731445,105.6633529663086
2024-03-28,95.56596374511719,63.019622802734375,106.60057830810547
2024-03-29,95.56596374511719,63.019622802734375,106.60057830810547
2024-04-01,95.56596374511719,63.019622802734375,106.60057830810547
2024-04-02,95.28899383544922,62.72933578491211,106.47908020019531
2024-04-03,99.93505096435547,63.10501480102539,108.86553192138672
2024-04-04,102.48145294189453,64.26618194580078,111.51232147216797
2024-04-05,100.51581573486328,63.78805160522461,109.68994903564453
2024-04-08,102.52613067626953,65.41029357910156,109.42960357666016
2024-04-09,101.72200012207031,65.04315948486328,108.2580795288086
2024-04-10,99.6223373413086,64.88947296142578,107.60723114013672
2024-04-11,99.97972869873047,64.66747283935547,106.73942565917969
2024-04-12,97.83539581298828,64.35157012939453,107.34688568115234
2024-04-15,98.01408386230469,65.09437561035156,106.99977111816406
2024-04-16,95.11029052734375,63.702674865722656,104.7000961303711
2024-04-17,94.66355895996094,63.523372650146484,105.0472183227539
2024-04-18,95.55703735351562,63.87343215942383,105.82823181152344
2024-04-19,94.57421112060547,63.301387786865234,105.17738342285156
2024-04-22,94.57421112060547,63.344078063964844,105.26416778564453
2024-04-23,95.11029052734375,63.224544525146484,105.30754852294922
2024-04-24,95.19964599609375,63.19892120361328,104.22280883789062
2024-04-25,93.85943603515625,62.51588439941406,103.09467315673828
2024-04-26,95.06562805175781,63.48922348022461,104.22280883789062
2024-04-29,95.42301177978516,63.856361389160156,104.78688049316406
2024-04-30,91.5363998413086,60.56919860839844,99.92720031738281
2024-05-01,91.5363998413086,60.56919860839844,99.92720031738281
2024-05-02,91.08966064453125,60.543582916259766,99.23295593261719
2024-05-03,91.58106994628906,61.11563491821289,100.23092651367188
2024-05-06,92.0724868774414,61.926753997802734,101.48922729492188
2024-05-07,93.0999755859375,62.58418273925781,102.4438247680664
2024-05-08,90.37488555908203,61.96090316772461,101.70618438720703
2024-05-09,90.82162475585938,62.90630340576172,101.87974548339844
2024-05-10,90.77694702148438,62.75905227661133,101.48922729492188
2024-05-13,91.9831314086914,62.91551208496094,103.05127716064453
2024-05-14,92.69791412353516,63.808258056640625,105.741455078125
2024-05-15,91.93846893310547,63.504539489746094,105.17738342285156
2024-05-16,91.52098846435547,62.87869644165039,104.43975830078125
2024-05-17,91.103515625,62.639400482177734,104.48314666748047
2024-05-20,90.13574981689453,61.783470153808594,103.44178771972656
2024-05-21,89.9649658203125,61.488956451416016,103.39839935302734
2024-05-22,88.42790985107422,60.522586822509766,102.74755096435547
2024-05-23,87.97248840332031,60.476566314697266,102.40042877197266
2024-05-24,88.08634185791016,60.771080017089844,102.79093170166016
2024-05-27,88.90230560302734,61.0103759765625,104.48314666748047
2024-05-28,88.9971923828125,61.093204498291016,106.99977111816406
2024-05-29,87.11856842041016,60.25568389892578,104.83026885986328
2024-05-30,87.85863494873047,60.679046630859375,107.41959381103516
2024-05-31,88.408935546875,61.11161422729492,107.888671875
2024-06-03,88.4848403930664,61.04719161987305,107.84176635742188
2024-06-04,87.32730865478516,60.3109016418457,107.04432678222656
2024-06-05,86.73905181884766,60.3569221496582,107.04432678222656
2024-06-06,86.81495666503906,60.540992736816406,106.43451690673828
2024-06-07,86.51134490966797,59.924354553222656,105.6370849609375
2024-06-10,86.62519836425781,60.30169677734375,105.40254211425781
2024-06-11,86.45441436767578,60.20046615600586,104.32365417480469
2024-06-12,85.6384506225586,59.65745162963867,102.77569580078125
2024-06-13,83.74085235595703,58.58063507080078,99.2106704711914
2024-06-14,82.45049285888672,58.16647720336914,98.03797149658203
2024-06-17,83.570068359375,58.525413513183594,98.64777374267578
2024-06-18,83.09567260742188,58.46099090576172,98.64777374267578
2024-06-19,84.00651550292969,58.746299743652344,98.50704956054688
2024-06-20,83.85470581054688,59.215675354003906,99.30448913574219
2024-06-21,82.79206085205078,58.589839935302734,98.22560119628906
2024-06-24,85.0501937866211,59.39975357055664,99.63284301757812
2024-06-25,85.61946868896484,59.64824676513672,99.9612045288086
2024-06-26,83.45621490478516,59.13284683227539,98.31941986083984
2024-06-27,83.58904266357422,58.37815856933594,97.52198028564453
2024-06-28,83.85470581054688,59.42736053466797,98.88231658935547
2024-07-01,84.57579803466797,59.63904571533203,99.49212646484375
2024-07-02,83.51313781738281,59.574623107910156,99.2106704711914
2024-07-03,83.91163635253906,60.09922409057617,99.91429138183594
2024-07-04,83.64598083496094,60.68825149536133,100.94627380371094
2024-07-05,83.20952606201172,60.25568389892578,100.2426528930664
2024-07-08,82.65922546386719,60.18205261230469,100.19574737548828
2024-07-09,83.20952606201172,58.120460510253906,100.00811004638672
2024-07-10,84.91736602783203,58.85674285888672,99.67975616455078
2024-07-11,86.34056091308594,58.90275955200195,100.52410125732422
2024-07-12,87.46013641357422,59.620635986328125,101.83753204345703
2024-07-15,85.22097778320312,59.32612228393555,101.50917053222656
2024-07-16,84.32910919189453,58.48859786987305,100.33646392822266
2024-07-17,85.10711669921875,58.304527282714844,99.86738586425781
2024-07-18,86.64417266845703,59.270904541015625,100.94627380371094
2024-07-19,84.89839172363281,58.470191955566406,99.0699462890625
2024-07-22,86.26465606689453,59.13284683227539,100.05502319335938
2024-07-23,85.41073608398438,58.87514877319336,99.11685943603516
2024-07-24,84.537841796875,58.405765533447266,98.83540344238281
2024-07-25,83.68392181396484,57.945587158203125,98.17869567871094
2024-07-26,83.07669067382812,58.00081253051758,98.31941986083984
2024-07-29,82.1468734741211,56.97001266479492,97.850341796875
2024-07-30,82.31765747070312,56.721519470214844,97.61579895019531
2024-07-31,81.42578887939453,56.28894805908203,96.81835174560547
2024-08-01,78.93993377685547,54.69673538208008,93.04694366455078
2024-08-02,77.85830688476562,53.65673065185547,90.87040710449219
2024-08-05,75.73300170898438,52.38663864135742,88.09345245361328
2024-08-06,75.46733856201172,52.07372283935547,87.32415771484375
2024-08-07,76.28330993652344,53.233367919921875,88.46871948242188
2024-08-08,75.73300170898438,53.417442321777344,88.43119049072266
2024-08-09,75.61914825439453,53.20576095581055,88.13097381591797
2024-08-12,74.93601989746094,52.902042388916016,87.71818542480469
2024-08-13,75.25860595703125,52.86522674560547,87.19281768798828
2024-08-14,75.94174194335938,53.62912368774414,86.8926010131836
2024-08-15,77.30801391601562,54.843990325927734,88.8252182006836
2024-08-16,77.55469512939453,55.304168701171875,89.36935424804688
2024-08-19,78.4845199584961,55.86558532714844,90.34503936767578
2024-08-20,78.4275894165039,56.10487747192383,90.119873046875
2024-08-21,79.28150177001953,56.93320083618164,90.51390838623047
2024-08-22,78.95891571044922,56.70310974121094,90.55142974853516
2024-08-23,80.13542175292969,57.14488220214844,91.00175476074219
2024-08-26,80.45801544189453,57.34735870361328,90.79535675048828
2024-08-27,80.43904113769531,57.577449798583984,90.8328857421875
2024-08-28,79.26252746582031,57.19089889526367,90.34503936767578
2024-08-29,79.56614685058594,57.41178512573242,90.19493103027344
2024-08-30,79.52819061279297,57.374969482421875,90.23246002197266
2024-09-02,78.88301086425781,57.02523422241211,91.3582534790039
2024-09-03,77.3839111328125,56.049659729003906,90.26998901367188
2024-09-04,76.4161376953125,55.12009811401367,89.1441879272461
2024-09-05,76.18843078613281,55.25815200805664,88.95655822753906
2024-09-06,74.1959457397461,53.7947883605957,86.3109359741211
2024-09-09,73.66462707519531,53.60151290893555,86.08578491210938
2024-09-10,65.44804382324219,50.987701416015625,83.17748260498047
2024-09-11,67.44051361083984,51.245399475097656,83.68408203125
2024-09-12,67.7061767578125,51.2361946105957,84.39708709716797
2024-09-13,69.5658187866211,52.220977783203125,86.66744232177734
2024-09-16,68.80677795410156,52.03690719604492,85.44783020019531
2024-09-17,69.1863021850586,52.616729736328125,86.61115264892578
2024-09-18,70.70437622070312,53.02168655395508,86.8926010131836
2024-09-19,72.2414321899414,54.310184478759766,88.03715515136719
2024-09-20,69.86943817138672,50.610355377197266,85.20391082763672
2024-09-23,71.5772705078125,51.622745513916016,87.0239486694336
2024-09-24,74.12004852294922,52.303810119628906,88.43119049072266
2024-09-25,71.7860107421875,51.429473876953125,87.36168670654297
2024-09-26,74.51854705810547,53.11372375488281,89.1441879272461
2024-09-27,76.98541259765625,54.751956939697266,91.11433410644531
2024-09-30,75.12577056884766,53.417442321777344,89.2755355834961
2024-10-01,73.75950622558594,52.920448303222656,87.53055572509766
2024-10-02,73.6456527709961,52.78239440917969,87.09899139404297
2024-10-03,72.50708770751953,52.202571868896484,85.72927856445312
2024-10-04,73.77848052978516,52.754783630371094,88.16850280761719
2024-10-07,73.85438537597656,53.076908111572266,88.01839447021484
2024-10-08,72.35528564453125,51.94486999511719,86.76126098632812
2024-10-09,73.24715423583984,52.460269927978516,87.66189575195312
2024-10-10,72.71582794189453,52.64434051513672,87.36168670654297
2024-10-11,71.89986419677734,53.214962005615234,86.91136169433594
2024-10-14,72.33631134033203,53.15974044799805,86.46105194091797
2024-10-15,71.42546081542969,52.70876693725586,86.10454559326172
2024-10-16,70.9131088256836,52.24858856201172,85.59793090820312
2024-10-17,70.93209075927734,52.36823654174805,85.05380249023438
2024-10-18,71.25467681884766,52.73637771606445,86.23588562011719
2024-10-21,71.04594421386719,52.460269927978516,85.4103012084961
2024-10-22,71.36853790283203,52.81000518798828,85.67298889160156
2024-10-23,71.69112396240234,52.94805908203125,85.33525085449219
2024-10-24,72.56402587890625,53.71195602416992,87.15528869628906
2024-10-25,72.10859680175781,53.18735122680664,86.57362365722656
2024-10-28,71.6531753540039,52.856021881103516,86.17959594726562
2024-10-29,70.49564361572266,52.41425323486328,83.42139434814453
2024-10-30,69.67967987060547,51.908058166503906,84.32202911376953
2024-10-31,68.61702728271484,51.26380920410156,83.4401626586914
2024-11-01,68.61702728271484,51.26380920410156,83.02737426757812
2024-11-04,68.9775619506836,51.7055778503418,82.80221557617188
2024-11-05,68.90166473388672,51.447879791259766,82.63334655761719
2024-11-06,64.36640930175781,48.13459777832031,79.10585021972656
2024-11-07,66.24503326416016,49.48752212524414,80.47557067871094
2024-11-08,64.1197280883789,48.1898193359375,78.93698120117188
2024-11-11,64.36640930175781,48.64079284667969,79.31224822998047
2024-11-12,63.778160095214844,47.91371536254883,78.73058319091797
2024-11-13,62.582672119140625,47.34309005737305,76.7979736328125
2024-11-14,64.17665100097656,48.29106140136719,78.16768646240234
2024-11-15,64.44231414794922,48.73283004760742,78.78688049316406
2024-11-18,65.20135498046875,49.248226165771484,78.74935150146484
2024-11-19,65.52394104003906,48.65919876098633,77.84871673583984
2024-11-20,64.99261474609375,47.75725173950195,76.70415496826172
2024-11-21,64.46129608154297,47.720436096191406,76.21630859375
2024-11-22,64.32846069335938,48.10698699951172,76.74168395996094
2024-11-25,65.75165557861328,48.62239074707031,76.74168395996094
2024-11-26,64.97364807128906,48.11619186401367,75.46578216552734
2024-11-27,64.89774322509766,48.16221237182617,75.35320281982422
2024-11-28,64.89774322509766,48.16221237182617,75.35320281982422
2024-11-29,66.43478393554688,48.74203109741211,75.72846984863281
2024-12-02,68.19954681396484,49.10097122192383,75.67218017578125
2024-12-03,68.12364959716797,47.85849380493164,75.39073181152344
2024-12-04,69.67967987060547,48.8156623840332,76.34764862060547
2024-12-05,71.34955596923828,49.12858200073242,77.09818267822266
2024-12-06,73.28510284423828,49.49672317504883,77.99881744384766
2024-12-09,75.14474487304688,51.09814453125,79.1246109008789
2024-12-10,75.14474487304688,51.09814453125,79.1246109008789
2024-12-11,74.46161651611328,51.25460433959961,80.7757797241211
2024-12-12,75.88481140136719,51.779205322265625,81.47001647949219
2024-12-13,76.05559539794922,52.02770233154297,82.5770492553711
2024-12-16,73.6456527709961,50.02132797241211,80.90711975097656
2024-12-17,74.34776306152344,49.74522018432617,81.30115509033203
2024-12-18,74.00619506835938,49.64398193359375,82.22055053710938
2024-12-19,73.32305908203125,49.2114143371582,81.92034149169922
2024-12-20,73.60769653320312,49.19300842285156,83.30882263183594
2024-12-23,73.00047302246094,48.521148681640625,81.65765380859375
2024-12-24,73.00047302246094,48.521148681640625,81.65765380859375
2024-12-25,73.00047302246094,48.521148681640625,81.65765380859375
2024-12-26,73.00047302246094,48.521148681640625,81.65765380859375
2024-12-27,74.32878112792969,49.28504180908203,83.17748260498047
2024-12-30,74.93601989746094,49.515132904052734,83.17748260498047
2024-12-31,74.93601989746094,49.515132904052734,83.17748260498047
2025-01-01,74.93601989746094,49.515132904052734,83.17748260498047
2025-01-02,74.10107421875,48.66840744018555,81.9578628540039
2025-01-03,72.50708770751953,48.27265167236328,81.45125579833984
2025-01-06,75.71402740478516,50.012123107910156,83.94676971435547
2025-01-07,74.82215881347656,49.993717193603516,84.22821807861328
2025-01-08,72.8296890258789,49.06415939331055,83.79666137695312
2025-01-09,71.6531753540039,48.83407211303711,84.15316009521484
2025-01-10,72.4691390991211,50.656375885009766,84.77235412597656
2025-01-13,72.31733703613281,51.03371810913086,85.27896118164062
2025-01-14,72.0896224975586,51.125755310058594,86.19835662841797
2025-01-15,73.09534454345703,51.81602096557617,87.56807708740234
2025-01-16,72.33631134033203,50.766815185546875,87.19281768798828
2025-01-17,73.15227508544922,50.702392578125,87.64312744140625
2025-01-20,75.2016830444336,51.88044357299805,89.12542724609375
2025-01-21,75.2016830444336,51.88044357299805,88.43119049072266
2025-01-22,74.21492767333984,51.77000427246094,88.03715515136719
2025-01-23,73.41793823242188,51.37424850463867,89.50069427490234
2025-01-24,73.41793823242188,51.37424850463867,89.50069427490234
2025-01-27,76.89054107666016,53.03089141845703,91.92115020751953
2025-01-28,74.7652359008789,53.785579681396484,91.77104187011719
2025-01-29,75.23963165283203,54.06169128417969,91.48959350585938
2025-01-30,75.78993225097656,54.60470199584961,91.77104187011719
2025-01-31,74.57546997070312,54.227352142333984,92.54033660888672
2025-02-03,72.79173278808594,52.65354537963867,88.75016021728516
2025-02-04,73.2092056274414,52.773189544677734,88.80645751953125
2025-02-05,72.41221618652344,52.138145446777344,87.60559844970703
2025-02-06,73.6456527709961,52.9388542175293,89.96977233886719
2025-02-07,72.4691390991211,52.34982681274414,87.9245834350586
2025-02-10,72.4691390991211,52.34982681274414,87.9245834350586
2025-02-11,72.31733703613281,52.62593460083008,87.56807708740234
2025-02-12,72.33631134033203,53.3806266784668,87.9433364868164
2025-02-13,76.71975708007812,56.2613410949707,93.6098403930664
2025-02-14,78.71222686767578,56.43620681762695,94.00386810302734
2025-02-17,79.7748794555664,56.601871490478516,94.1915054321289
2025-02-18,80.00259399414062,57.25532150268555,94.09768676757812
2025-02-19,78.18090057373047,56.30735778808594,91.43330383300781
2025-02-20,78.2757797241211,54.88080596923828,91.30196380615234
2025-02-21,78.3516845703125,54.11690902709961,92.78426361083984
2025-02-24,79.1107177734375,54.89921569824219,95.17657470703125
2025-02-25,81.29295349121094,55.86558532714844,98.46013641357422
2025-02-26,82.46946716308594,56.537445068359375,99.39830017089844
2025-02-27,79.33843994140625,55.20293045043945,97.850341796875
2025-02-28,79.60409545898438,55.0096549987793,97.66270446777344
2025-03-03,80.57186889648438,55.89319610595703,99.91429138183594
2025-03-04,75.827880859375,53.20576095581055,95.786376953125
2025-03-05,79.09174346923828,54.843990325927734,99.02304077148438
2025-03-06,82.52639770507812,57.33815383911133,102.91641235351562
2025-03-07,79.33843994140625,55.86558532714844,101.46226501464844
2025-03-10,81.27398681640625,57.02523422241211,103.33858489990234
2025-03-11,80.00259399414062,55.920806884765625,102.2127914428711
2025-03-12,79.96463775634766,55.681514739990234,103.15095520019531
2025-03-13,78.10499572753906,54.96363830566406,101.04008483886719
2025-03-14,77.8962631225586,55.193729400634766,100.99317932128906
2025-03-17,77.8962631225586,55.193729400634766,101.60298919677734
2025-03-18,80.32518768310547,56.399391174316406,102.58805847167969
2025-03-19,78.54144287109375,55.17531967163086,100.61791229248047
2025-03-20,75.77095794677734,53.831600189208984,96.44309997558594
2025-03-21,75.10680389404297,53.71195602416992,95.17657470703125
2025-03-24,75.10680389404297,53.71195602416992,95.17657470703125
2025-03-25,76.77667999267578,54.531070709228516,96.06783294677734
2025-03-26,75.22064971923828,53.408233642578125,94.5667724609375
2025-03-27,73.30408477783203,51.97248458862305,93.15953063964844
2025-03-28,72.05167388916016,51.3098258972168,90.96422576904297
2025-03-31,69.90738677978516,49.87406921386719,87.77446746826172
2025-04-01,70.3058853149414,49.910884857177734,88.71263122558594
2025-04-02,69.96431732177734,49.671592712402344,88.33737182617188
2025-04-03,67.47846984863281,47.637603759765625,84.43461608886719
2025-04-04,64.51821899414062,45.15724563598633,82.0892105102539
2025-04-07,63.645328521728516,45.13883972167969,80.19412231445312
2025-04-08,62.31700897216797,44.46697998046875,80.6069107055664
2025-04-09,60.267608642578125,42.906978607177734,78.65553283691406
2025-04-10,61.76670455932617,43.804325103759766,79.95020294189453
2025-04-11,62.96219253540039,44.356536865234375,80.08154296875
2025-04-14,65.1444320678711,45.33671569824219,81.9578628540039
2025-04-15,66.54864501953125,46.146629333496094,83.77790069580078
2025-04-16,66.89021301269531,46.3767204284668,83.34634399414062
2025-04-17,66.66250610351562,46.229461669921875,84.00305938720703
2025-04-18,66.66250610351562,46.229461669921875,84.00305938720703
2025-04-21,66.66250610351562,46.229461669921875,84.00305938720703
2025-04-22,68.10467529296875,47.324684143066406,86.68620300292969
2025-04-23,69.86943817138672,48.78805160522461,89.16295623779297
2025-04-24,70.97004699707031,49.52433776855469,90.53266906738281
2025-04-25,72.41221618652344,50.24221420288086,91.71475982666016
2025-04-28,72.43118286132812,50.591949462890625,92.33393859863281
2025-04-29,72.60196685791016,49.64398193359375,92.33393859863281
2025-04-30,70.49564361572266,48.29106140136719,89.53822326660156
2025-05-01,70.49564361572266,48.29106140136719,89.53822326660156
2025-05-02,70.989013671875,49.054954528808594,90.55142974853516
2025-05-05,71.17877197265625,49.6347770690918,90.68277740478516
2025-05-06,71.02696990966797,49.80964660644531,90.08235168457031
2025-05-07,72.20347595214844,49.69000244140625,89.70709228515625
2025-05-08,74.23390197753906,50.869998931884766,92.97189331054688
2025-05-09,75.60017395019531,51.06999969482422,93.64736938476562
2025-05-12,77.34595489501953,52.86000061035156,94.89512634277344
2025-05-13,79.68000793457031,53.939998626708984,98.46013641357422
2025-05-14,79.68000793457031,53.939998626708984,98.46013641357422
2025-05-15,77.58000183105469,53.22999954223633,97.38125610351562
2025-05-16,76.91999816894531,52.5,96.48999786376953
2025-05-19,77.55999755859375,52.72999954223633,97.5
2025-05-20,79.30000305175781,53.25,98.16000366210938
2025-05-21,79.0199966430664,53.22999954223633,97.68000030517578
2025-05-22,78.16000366210938,52.63999938964844,96.4000015258789
2025-05-23,75.26000213623047,50.540000915527344,93.5
2025-05-26,76.80000305175781,51.59000015258789,95.81999969482422
2025-05-27,76.44000244140625,51.599998474121094,95.44000244140625
2025-05-28,79.73999786376953,53.0,96.54000091552734
2025-05-29,78.4800033569336,52.779998779296875,95.81999969482422
2025-05-30,78.0999984741211,52.59000015258789,95.36000061035156
2025-06-02,76.19999694824219,51.18000030517578,93.5
2025-06-03,77.62000274658203,51.790000915527344,94.0999984741211
2025-06-04,77.23999786376953,51.540000915527344,93.4000015258789
2025-06-05,77.23999786376953,51.560001373291016,93.23999786376953
2025-06-06,76.68000030517578,51.349998474121094,91.63999938964844
2025-06-09,76.68000030517578,51.349998474121094,91.55999755859375
2025-06-10,77.83999633789062,52.119998931884766,92.62000274658203
2025-06-11,77.13999938964844,52.029998779296875,91.66000366210938
2025-06-12,76.76000213623047,51.65999984741211,90.87999725341797
2025-06-13,75.30000305175781,50.81999969482422,88.83999633789062
2025-06-16,74.05999755859375,50.41999816894531,89.30000305175781
2025-06-17,73.44000244140625,49.525001525878906,88.45999908447266
2025-06-18,72.54000091552734,48.94499969482422,87.69999694824219
2025-06-19,71.5,48.459999084472656,86.54000091552734
2025-06-20,72.0,48.630001068115234,87.30000305175781
2025-06-23,72.22000122070312,48.459999084472656,87.04000091552734
2025-06-24,73.16000366210938,49.3650016784668,90.13999938964844
2025-06-25,72.91999816894531,48.86000061035156,89.26000213623047
2025-06-26,72.95999908447266,48.154998779296875,87.91999816894531
2025-06-27,76.83999633789062,50.4900016784668,91.33999633789062
2025-06-30,75.45999908447266,49.689998626708984,89.62000274658203
2025-07-01,75.30000305175781,49.35499954223633,89.26000213623047
2025-07-02,79.08000183105469,50.720001220703125,90.94000244140625
2025-07-03,78.33999633789062,50.59000015258789,91.0999984741211
2025-07-04,77.83999633789062,50.08000183105469,90.0199966430664
2025-07-07,78.05999755859375,49.900001525878906,90.12000274658203
2025-07-08,79.81999969482422,50.88999938964844,91.26000213623047
2025-07-09,82.0,52.2599983215332,92.68000030517578
2025-07-10,85.4000015258789,53.11000061035156,94.05999755859375
2025-07-11,85.58000183105469,53.11000061035156,93.9800033569336
2025-07-14,83.45999908447266,51.81999969482422,92.19999694824219
2025-07-15,85.05999755859375,52.59000015258789,93.54000091552734
2025-07-16,85.05999755859375,52.59000015258789,93.54000091552734
2025-07-17,83.83999633789062,51.90999984741211,90.5999984741211
2025-07-18,83.5199966430664,51.33000183105469,90.31999969482422
2025-07-21,83.5199966430664,51.33000183105469,90.81999969482422
2025-07-22,83.23999786376953,51.0,89.9800033569336
2025-07-23,83.23999786376953,51.0,95.5199966430664
2025-07-24,86.62000274658203,54.08000183105469,95.9800033569336
2025-07-25,89.0199966430664,55.4900016784668,100.3499984741211
2025-07-28,86.0999984741211,53.709999084472656,96.76000213623047
2025-07-29,86.16000366210938,53.209999084472656,95.5199966430664
2025-07-30,84.4800033569336,51.38999938964844,93.5999984741211
2025-07-31,83.87999725341797,50.099998474121094,92.12000274658203
2025-08-01,82.0999984741211,49.099998474121094,89.16000366210938
2025-08-04,82.58000183105469,48.77000045776367,88.68000030517578
2025-08-05,83.73999786376953,49.40999984741211,90.30000305175781
2025-08-06,84.73999786376953,49.91999816894531,91.05999755859375
2025-08-07,86.36000061035156,51.040000915527344,93.26000213623047
2025-08-08,87.44000244140625,52.119998931884766,95.37999725341797
