Date,INVE-A.ST,INVE-B.ST
2020-08-10,120.0882797241211,121.66726684570312
2020-08-11,121.91647338867188,123.81217956542969
2020-08-12,122.48777770996094,124.31417846679688
2020-08-13,121.80219268798828,123.76657104492188
2020-08-14,120.65958404541016,122.35181427001953
2020-08-17,122.48777770996094,124.22291564941406
2020-08-18,122.48777770996094,124.13162994384766
2020-08-19,124.0874252319336,125.50074768066406
2020-08-20,123.7446517944336,125.09001159667969
2020-08-21,124.54447174072266,125.45509338378906
2020-08-24,125.91558074951172,127.0980224609375
2020-08-25,126.0298843383789,126.91548156738281
2020-08-26,127.17244720458984,128.46713256835938
2020-08-27,126.8296890258789,128.01072692871094
2020-08-28,125.00151062011719,126.00273132324219
2020-08-31,124.7729721069336,125.82018280029297
2020-09-01,125.45854187011719,126.59601593017578
2020-09-02,126.94395446777344,128.10203552246094
2020-09-03,125.23003387451172,126.41349029541016
2020-09-04,124.54447174072266,125.31818389892578
2020-09-07,126.94395446777344,128.1476593017578
2020-09-08,126.25838470458984,127.18931579589844
2020-09-09,129.3434295654297,130.65768432617188
2020-09-10,129.00064086914062,129.7905731201172
2020-09-11,129.11489868164062,129.56239318847656
2020-09-14,129.22918701171875,129.8818817138672
2020-09-15,130.02899169921875,130.52078247070312
2020-09-16,132.08567810058594,132.66571044921875
2020-09-17,130.94308471679688,131.38784790039062
2020-09-18,133.45681762695312,133.39584350585938
2020-09-21,128.54360961914062,128.5127716064453
2020-09-22,128.65786743164062,128.96913146972656
2020-09-23,129.3434295654297,129.56239318847656
2020-09-24,128.77212524414062,129.15167236328125
2020-09-25,130.02899169921875,130.7033233642578
2020-09-28,133.91384887695312,134.4911651611328
2020-09-29,133.45681762695312,134.26296997070312
2020-09-30,132.99977111816406,133.9435272216797
2020-10-01,131.742919921875,132.11805725097656
2020-10-02,130.60028076171875,130.8858642578125
2020-10-05,131.628662109375,132.30059814453125
2020-10-06,130.48605346679688,130.7033233642578
2020-10-07,129.80047607421875,130.06442260742188
2020-10-08,128.8863983154297,129.60801696777344
2020-10-09,128.77212524414062,129.15167236328125
2020-10-12,130.02899169921875,130.4294891357422
2020-10-13,128.54360961914062,129.10601806640625
2020-10-14,128.65786743164062,129.334228515625
2020-10-15,126.8296890258789,127.05238342285156
2020-10-16,128.77212524414062,129.5167694091797
2020-10-19,128.77212524414062,129.37989807128906
2020-10-20,129.11489868164062,129.334228515625
2020-10-21,126.71540832519531,127.14366149902344
2020-10-22,127.97228240966797,128.42149353027344
2020-10-23,128.8863983154297,129.06040954589844
2020-10-26,125.45854187011719,125.63764190673828
2020-10-27,124.65873718261719,124.95308685302734
2020-10-28,121.91647338867188,122.21488952636719
2020-10-29,121.80219268798828,122.16927337646484
2020-10-30,121.80219268798828,121.94108581542969
2020-11-02,123.28760528564453,123.5840072631836
2020-11-03,125.68708801269531,126.27655792236328
2020-11-04,128.65786743164062,129.334228515625
2020-11-05,130.82882690429688,130.84022521972656
2020-11-06,130.71453857421875,131.1140594482422
2020-11-09,134.48519897460938,135.3582763671875
2020-11-10,133.5710906982422,134.5367889404297
2020-11-11,135.28500366210938,136.49917602539062
2020-11-12,134.2566375732422,135.40386962890625
2020-11-13,134.8279571533203,135.58642578125
2020-11-16,134.7136993408203,135.54080200195312
2020-11-17,135.05648803710938,136.04281616210938
2020-11-18,135.97056579589844,137.0011749267578
2020-11-19,135.62777709960938,136.45350646972656
2020-11-20,135.62777709960938,136.68170166015625
2020-11-23,134.14239501953125,135.58642578125
2020-11-24,134.94223022460938,136.22535705566406
2020-11-25,134.7136993408203,135.76898193359375
2020-11-26,135.51353454589844,136.4078826904297
2020-11-27,134.8279571533203,135.76898193359375
2020-11-30,134.8279571533203,135.4495086669922
2020-12-01,134.2566375732422,135.1300506591797
2020-12-02,135.3992462158203,135.632080078125
2020-12-03,133.6853485107422,134.58241271972656
2020-12-04,134.14239501953125,134.94754028320312
2020-12-07,134.14239501953125,134.81060791015625
2020-12-08,135.62777709960938,136.4078826904297
2020-12-09,135.05648803710938,135.22132873535156
2020-12-10,133.91384887695312,134.4911651611328
2020-12-11,133.22830200195312,133.62405395507812
2020-12-14,133.79959106445312,133.9891357421875
2020-12-15,133.91384887695312,134.1716766357422
2020-12-16,133.6853485107422,134.0804443359375
2020-12-17,135.05648803710938,135.49514770507812
2020-12-18,134.2566375732422,134.5367889404297
2020-12-21,131.40011596679688,131.47915649414062
2020-12-22,132.656982421875,132.6200714111328
2020-12-23,133.22830200195312,133.2589569091797
2020-12-24,133.22830200195312,133.2589569091797
2020-12-25,133.22830200195312,133.2589569091797
2020-12-28,135.74203491210938,135.72335815429688
2020-12-29,137.3416748046875,137.22935485839844
2020-12-30,136.5418701171875,136.72735595703125
2020-12-31,136.5418701171875,136.72735595703125
2021-01-01,136.5418701171875,136.72735595703125
2021-01-04,138.5985565185547,139.19174194335938
2021-01-05,136.65611267089844,136.95553588867188
2021-01-06,136.65611267089844,136.95553588867188
2021-01-07,138.7128448486328,139.51121520996094
2021-01-08,141.22657775878906,141.70175170898438
2021-01-11,139.6269073486328,140.05882263183594
2021-01-12,140.08395385742188,140.51519775390625
2021-01-13,140.08395385742188,140.42393493652344
2021-01-14,141.22657775878906,141.70175170898438
2021-01-15,140.99806213378906,141.291015625
2021-01-18,141.34083557128906,141.97557067871094
2021-01-19,140.8837890625,141.4735565185547
2021-01-20,142.1406707763672,142.38632202148438
2021-01-21,143.28326416015625,143.11648559570312
2021-01-22,142.94049072265625,142.61447143554688
2021-01-25,142.1406707763672,142.29501342773438
2021-01-26,144.88294982910156,145.3070068359375
2021-01-27,143.85455322265625,143.8922882080078
2021-01-28,142.4834442138672,141.97557067871094
2021-01-29,140.08395385742188,140.1957550048828
2021-02-01,144.08309936523438,144.7593994140625
2021-02-02,146.25404357910156,146.53921508789062
2021-02-03,145.68275451660156,145.8090362548828
2021-02-04,146.25404357910156,146.31101989746094
2021-02-05,145.33998107910156,145.1244659423828
2021-02-08,145.33998107910156,144.9419403076172
2021-02-09,145.33998107910156,145.44393920898438
2021-02-10,144.54014587402344,145.078857421875
2021-02-11,147.28244018554688,147.9083251953125
2021-02-12,148.42501831054688,148.50160217285156
2021-02-15,148.1964874267578,148.50160217285156
2021-02-16,147.16815185546875,147.31504821777344
2021-02-17,144.88294982910156,144.71376037597656
2021-02-18,143.62603759765625,143.98358154296875
2021-02-19,144.65440368652344,144.66815185546875
2021-02-22,143.0547637939453,143.43592834472656
2021-02-23,142.94049072265625,143.25338745117188
2021-02-24,143.96885681152344,144.3030548095703
2021-02-25,144.08309936523438,144.53123474121094
2021-02-26,142.25491333007812,142.56884765625
2021-03-01,146.02552795410156,146.63047790527344
2021-03-02,147.28244018554688,147.68014526367188
2021-03-03,146.7111053466797,147.1781463623047
2021-03-04,147.7394561767578,148.22776794433594
2021-03-05,146.36830139160156,146.67613220214844
2021-03-08,150.36744689941406,151.10289001464844
2021-03-09,151.28155517578125,151.969970703125
2021-03-10,152.1956024169922,153.0652618408203
2021-03-11,155.39491271972656,155.9860076904297
2021-03-12,154.93788146972656,155.89476013183594
2021-03-15,153.90953063964844,154.57127380371094
2021-03-16,155.2806854248047,156.30548095703125
2021-03-17,155.05215454101562,155.9860076904297
2021-03-18,154.0238037109375,154.61691284179688
2021-03-19,153.56675720214844,153.6129150390625
2021-03-22,155.05215454101562,155.16456604003906
2021-03-23,155.2806854248047,155.48402404785156
2021-03-24,156.30899047851562,156.16856384277344
2021-03-25,156.6518096923828,156.57925415039062
2021-03-26,158.02294921875,158.35911560058594
2021-03-29,156.1947479248047,156.30548095703125
2021-03-30,158.47998046875,158.95240783691406
2021-03-31,158.25144958496094,158.90675354003906
2021-04-01,160.83377075195312,160.54965209960938
2021-04-02,160.83377075195312,160.54965209960938
2021-04-05,160.83377075195312,160.54965209960938
2021-04-06,161.74783325195312,161.80467224121094
2021-04-07,162.02206420898438,161.9187774658203
2021-04-08,161.70211791992188,161.43955993652344
2021-04-09,162.8904571533203,163.08248901367188
2021-04-12,162.34201049804688,162.6489715576172
2021-04-13,164.71864318847656,164.56570434570312
2021-04-14,163.57601928710938,163.35633850097656
2021-04-15,164.30726623535156,164.13214111328125
2021-04-16,166.40968322753906,166.82469177246094
2021-04-19,166.40968322753906,166.09454345703125
2021-04-20,161.88494873046875,161.89596557617188
2021-04-21,164.07875061035156,163.37913513183594
2021-04-22,163.2103729248047,162.46641540527344
2021-04-23,163.07325744628906,162.9456024169922
2021-04-26,163.66744995117188,163.37913513183594
2021-04-27,164.6729278564453,164.36033630371094
2021-04-28,164.6729278564453,164.29188537597656
2021-04-29,165.5413360595703,165.06768798828125
2021-04-30,164.53582763671875,164.0408935546875
2021-05-03,165.8612518310547,165.34152221679688
2021-05-04,162.66192626953125,161.9416046142578
2021-05-05,166.77532958984375,166.9616241455078
2021-05-06,167.79478454589844,167.8175811767578
2021-05-07,168.44357299804688,168.14146423339844
2021-05-10,169.2313232421875,168.8355255126953
2021-05-11,164.55104064941406,164.18548583984375
2021-05-12,164.69004821777344,164.5093536376953
2021-05-13,164.69004821777344,164.5093536376953
2021-05-14,169.04595947265625,168.8817901611328
2021-05-17,169.2313232421875,169.11314392089844
2021-05-18,173.07748413085938,172.3519744873047
2021-05-19,173.3091583251953,170.69552612304688
2021-05-20,175.4222412109375,175.1558380126953
2021-05-21,175.53346252441406,174.61912536621094
2021-05-24,174.93104553222656,174.66539001464844
2021-05-25,174.97740173339844,174.29527282714844
2021-05-26,174.56033325195312,173.9713897705078
2021-05-27,174.93104553222656,174.29527282714844
2021-05-28,177.20167541503906,176.70123291015625
2021-05-31,176.55291748046875,177.30274963378906
2021-06-01,178.26748657226562,178.08932495117188
2021-06-02,177.9894256591797,178.13558959960938
2021-06-03,179.47230529785156,179.708740234375
2021-06-04,180.16738891601562,180.2176971435547
2021-06-07,179.24061584472656,179.708740234375
2021-06-08,179.65765380859375,180.40277099609375
2021-06-09,180.21372985839844,180.40277099609375
2021-06-10,180.21372985839844,180.31021118164062
2021-06-11,181.0941925048828,181.2818603515625
2021-06-14,180.86248779296875,181.18934631347656
2021-06-15,180.30642700195312,181.05052185058594
2021-06-16,181.18687438964844,181.8370819091797
2021-06-17,179.56500244140625,180.77293395996094
2021-06-18,179.56500244140625,180.40277099609375
2021-06-21,180.72348022460938,181.8370819091797
2021-06-22,181.0015106201172,182.48486328125
2021-06-23,178.45285034179688,179.708740234375
2021-06-24,180.72348022460938,182.39234924316406
2021-06-25,180.72348022460938,182.39234924316406
2021-06-28,180.30642700195312,181.8370819091797
2021-06-29,182.2063446044922,183.96546936035156
2021-06-30,181.0478515625,182.5311279296875
2021-07-01,182.6697235107422,183.82666015625
2021-07-02,183.78187561035156,184.98338317871094
2021-07-05,184.70864868164062,186.2789306640625
2021-07-06,184.3379364013672,185.90875244140625
2021-07-07,188.6011505126953,190.53567504882812
2021-07-08,186.3768768310547,187.29684448242188
2021-07-09,189.1572265625,189.88787841796875
2021-07-12,191.5668487548828,192.84912109375
2021-07-13,192.58633422851562,193.68194580078125
2021-07-14,192.77169799804688,193.5894317626953
2021-07-15,192.49366760253906,193.49688720703125
2021-07-16,194.8106231689453,195.53271484375
2021-07-19,188.32310485839844,188.12969970703125
2021-07-20,190.08401489257812,190.258056640625
2021-07-21,194.62527465820312,194.7924041748047
2021-07-22,198.14706420898438,197.75360107421875
2021-07-23,200.64939880371094,200.06707763671875
2021-07-26,199.90797424316406,199.0491485595703
2021-07-27,198.23974609375,197.66111755371094
2021-07-28,197.86904907226562,197.5685577392578
2021-07-29,199.53726196289062,198.86407470703125
2021-07-30,198.33242797851562,197.38348388671875
2021-08-02,198.98118591308594,198.5864715576172
2021-08-03,198.703125,198.30885314941406
2021-08-04,201.11279296875,201.73275756835938
2021-08-05,202.31761169433594,202.19546508789062
2021-08-06,199.444580078125,199.4193115234375
2021-08-09,199.7226104736328,200.06707763671875
2021-08-10,201.11279296875,201.27008056640625
2021-08-11,202.50296020507812,202.10289001464844
2021-08-12,202.1322479248047,201.73275756835938
2021-08-13,202.03956604003906,201.73275756835938
2021-08-16,193.60580444335938,193.5894317626953
2021-08-17,196.571533203125,197.4759979248047
2021-08-18,193.60580444335938,194.23716735839844
2021-08-19,190.82542419433594,191.46104431152344
2021-08-20,192.1229248046875,192.75657653808594
2021-08-23,192.49366760253906,193.2192840576172
2021-08-24,191.19615173339844,191.46104431152344
2021-08-25,190.08401489257812,189.5177764892578
2021-08-26,189.99134826660156,189.88787841796875
2021-08-27,189.89862060546875,189.4252166748047
2021-08-30,191.19615173339844,191.27597045898438
2021-08-31,191.8448944091797,190.99835205078125
2021-09-01,192.6790008544922,192.66404724121094
2021-09-02,193.42044067382812,193.49688720703125
2021-09-03,190.91812133789062,190.53567504882812
2021-09-06,192.49366760253906,192.75657653808594
2021-09-07,189.43524169921875,189.6102752685547
2021-09-08,188.0450897216797,187.66697692871094
2021-09-09,187.95240783691406,187.66697692871094
2021-09-10,188.69383239746094,188.4073028564453
2021-09-13,185.72811889648438,185.53860473632812
2021-09-14,187.58169555664062,187.29684448242188
2021-09-15,186.19151306152344,185.95504760742188
2021-09-16,187.02561950683594,186.3251953125
2021-09-17,184.1989288330078,183.0771026611328
2021-09-20,179.1942596435547,178.32064819335938
2021-09-21,178.91624450683594,179.2830352783203
2021-09-22,179.51864624023438,179.5236358642578
2021-09-23,182.85507202148438,183.04010009765625
2021-09-24,180.21372985839844,180.1343994140625
2021-09-27,180.79759216308594,180.02334594726562
2021-09-28,175.38519287109375,174.56361389160156
2021-09-29,175.4963836669922,174.8412322998047
2021-09-30,176.3119659423828,175.0263214111328
2021-10-01,176.4602508544922,175.82215881347656
2021-10-04,174.01351928710938,172.80540466308594
2021-10-05,176.1451416015625,175.0263214111328
2021-10-06,172.80870056152344,171.65792846679688
2021-10-07,176.55291748046875,175.2484130859375
2021-10-08,174.99594116210938,173.67526245117188
2021-10-11,174.606689453125,173.26809692382812
2021-10-12,177.3870391845703,176.22930908203125
2021-10-13,178.68453979492188,178.19113159179688
2021-10-14,181.70587158203125,181.22634887695312
2021-10-15,182.48434448242188,182.24427795410156
2021-10-18,181.72439575195312,180.467529296875
2021-10-19,183.31849670410156,182.89202880859375
2021-10-20,183.0590057373047,182.05918884277344
2021-10-21,183.26287841796875,181.96664428710938
2021-10-22,184.4306182861328,184.66876220703125
2021-10-25,185.07936096191406,184.1690673828125
2021-10-26,186.33053588867188,185.90875244140625
2021-10-27,186.05250549316406,185.86248779296875
2021-10-28,185.72811889648438,185.6311492919922
2021-10-29,183.98577880859375,183.13262939453125
2021-11-01,186.84027099609375,185.95504760742188
2021-11-02,188.18411254882812,187.11175537109375
2021-11-03,190.77911376953125,190.21177673339844
2021-11-04,193.3740997314453,193.2192840576172
2021-11-05,195.5625457763672,194.47454833984375
2021-11-08,195.6556854248047,193.6376953125
2021-11-09,194.5381622314453,191.59207153320312
2021-11-10,195.09693908691406,192.66136169433594
2021-11-11,195.88848876953125,194.1490936279297
2021-11-12,207.66879272460938,203.58689880371094
2021-11-15,208.87942504882812,203.02903747558594
2021-11-16,209.15879821777344,202.1456756591797
2021-11-17,210.09005737304688,202.7035675048828
2021-11-18,208.22755432128906,200.98338317871094
2021-11-19,207.20318603515625,200.3789825439453
2021-11-22,206.92379760742188,199.9605712890625
2021-11-23,204.7819061279297,196.65963745117188
2021-11-24,204.03692626953125,196.05528259277344
2021-11-25,207.1100311279297,198.56582641601562
2021-11-26,201.1500244140625,190.94119262695312
2021-11-29,204.8750457763672,196.98509216308594
2021-11-30,202.82630920410156,195.2183837890625
2021-12-01,205.15443420410156,198.24037170410156
2021-12-02,206.5513153076172,197.82196044921875
2021-12-03,205.71316528320312,196.10174560546875
2021-12-06,206.73756408691406,198.28684997558594
2021-12-07,214.7462921142578,204.98165893554688
2021-12-08,213.6287841796875,203.07546997070312
2021-12-09,213.25628662109375,204.37725830078125
2021-12-10,212.60443115234375,203.3544464111328
2021-12-13,212.32504272460938,202.7035675048828
2021-12-14,209.99691772460938,200.1000518798828
2021-12-15,211.5800323486328,203.02903747558594
2021-12-16,212.13877868652344,202.09918212890625
2021-12-17,208.97254943847656,201.4947967529297
2021-12-20,207.20318603515625,198.7517852783203
2021-12-21,209.25192260742188,200.0535430908203
2021-12-22,209.62442016601562,200.7509002685547
2021-12-23,214.93255615234375,205.67904663085938
2021-12-24,214.93255615234375,205.67904663085938
2021-12-27,219.77505493164062,209.53785705566406
2021-12-28,221.54441833496094,211.58348083496094
2021-12-29,221.45130920410156,211.3975067138672
2021-12-30,222.19631958007812,211.7694549560547
2021-12-31,222.19631958007812,211.7694549560547
2022-01-03,223.22067260742188,214.46595764160156
2022-01-04,223.22067260742188,216.46510314941406
2022-01-05,220.3338165283203,212.0019073486328
2022-01-06,220.3338165283203,212.0019073486328
2022-01-07,217.35379028320312,209.6308135986328
2022-01-10,210.64877319335938,203.44744873046875
2022-01-11,210.64877319335938,203.21499633789062
2022-01-12,212.32504272460938,204.0983123779297
2022-01-13,209.62442016601562,201.54127502441406
2022-01-14,201.6156768798828,194.0096435546875
2022-01-17,202.5469207763672,195.59033203125
2022-01-18,196.02816772460938,189.1280059814453
2022-01-19,199.00816345214844,190.89468383789062
2022-01-20,202.82630920410156,193.40524291992188
2022-01-21,199.3806915283203,189.4534454345703
2022-01-24,189.5093994140625,180.64794921875
2022-01-25,191.8375701904297,182.99110412597656
2022-01-26,196.12130737304688,186.19903564453125
2022-01-27,193.32754516601562,184.49746704101562
2022-01-28,193.32754516601562,183.69776916503906
2022-01-31,195.74880981445312,186.29202270507812
2022-02-01,197.7975311279297,188.10519409179688
2022-02-02,201.98817443847656,191.35960388183594
2022-02-03,197.42503356933594,186.38499450683594
2022-02-04,195.5625457763672,184.3858642578125
2022-02-07,196.21444702148438,185.22271728515625
2022-02-08,194.81752014160156,184.70199584960938
2022-02-09,201.98817443847656,189.96485900878906
2022-02-10,201.3363037109375,188.5701141357422
2022-02-11,198.1700439453125,187.26832580566406
2022-02-14,192.6756591796875,181.28021240234375
2022-02-15,198.44943237304688,186.47799682617188
2022-02-16,199.6600341796875,186.33851623535156
2022-02-17,196.8662872314453,182.74935913085938
2022-02-18,194.7244415283203,180.62933349609375
2022-02-21,188.95066833496094,175.40370178222656
2022-02-22,191.74441528320312,179.88546752929688
2022-02-23,189.78878784179688,176.72406005859375
2022-02-24,187.74005126953125,174.36227416992188
2022-02-25,190.9994354248047,178.4535369873047
2022-02-28,196.58692932128906,180.48057556152344
2022-03-01,190.7200469970703,176.5752410888672
2022-03-02,193.2344207763672,179.0671844482422
2022-03-03,186.9019012451172,173.04190063476562
2022-03-04,182.05941772460938,169.15521240234375
2022-03-07,182.75784301757812,168.93203735351562
2022-03-08,182.61819458007812,169.78749084472656
2022-03-09,189.60255432128906,176.5566864013672
2022-03-10,188.0194091796875,175.5338592529297
2022-03-11,188.5781707763672,178.11878967285156
2022-03-14,192.6756591796875,182.50759887695312
2022-03-15,191.37191772460938,181.5591583251953
2022-03-16,199.93943786621094,189.6859130859375
2022-03-17,201.3363037109375,191.54554748535156
2022-03-18,204.59567260742188,194.52105712890625
2022-03-21,203.66441345214844,193.87014770507812
2022-03-22,205.71316528320312,194.52105712890625
2022-03-23,204.8750457763672,192.1964569091797
2022-03-24,201.80191040039062,188.8490447998047
2022-03-25,200.59129333496094,188.4771270751953
2022-03-28,203.01254272460938,191.40611267089844
2022-03-29,208.6931915283203,195.31141662597656
2022-03-30,208.1344451904297,193.87014770507812
2022-03-31,205.24754333496094,191.68504333496094
2022-04-01,208.6931915283203,194.6605224609375
2022-04-04,211.11441040039062,196.10174560546875
2022-04-05,210.55567932128906,195.54388427734375
2022-04-06,207.85504150390625,193.45175170898438
2022-04-07,209.99691772460938,194.6605224609375
2022-04-08,210.9281768798828,195.26492309570312
2022-04-11,207.7619171142578,192.75436401367188
2022-04-12,206.92379760742188,191.91749572753906
2022-04-13,208.5069122314453,193.54469299316406
2022-04-14,208.5069122314453,193.73068237304688
2022-04-15,208.5069122314453,193.73068237304688
2022-04-18,208.5069122314453,193.73068237304688
2022-04-19,209.15879821777344,193.6376953125
2022-04-20,210.9281768798828,194.47454833984375
2022-04-21,206.36505126953125,190.89468383789062
2022-04-22,198.1700439453125,184.10691833496094
2022-04-25,190.3475341796875,177.3563232421875
2022-04-26,187.74005126953125,174.67840576171875
2022-04-27,189.3231658935547,175.68263244628906
2022-04-28,189.2300567626953,174.9759521484375
2022-04-29,192.95504760742188,177.728271484375
2022-05-02,187.46066284179688,173.06048583984375
2022-05-03,183.7822265625,170.06643676757812
2022-05-04,181.13446044921875,168.40264892578125
2022-05-05,179.14866638183594,166.81446838378906
2022-05-06,175.9808349609375,163.3545379638672
2022-05-09,171.01629638671875,159.25177001953125
2022-05-10,172.6238555908203,160.36724853515625
2022-05-11,176.21722412109375,163.61923217773438
2022-05-12,176.07537841796875,162.29574584960938
2022-05-13,180.42527770996094,166.30401611328125
2022-05-16,180.0942840576172,165.4342803955078
2022-05-17,183.1202850341797,168.0623321533203
2022-05-18,179.76333618164062,165.01834106445312
2022-05-19,179.19595336914062,163.60032653808594
2022-05-20,182.22195434570312,165.3019256591797
2022-05-23,185.72073364257812,167.24932861328125
2022-05-24,184.96426391601562,166.7955780029297
2022-05-25,181.2763214111328,164.8670654296875
2022-05-26,181.2763214111328,164.8670654296875
2022-05-27,189.40869140625,172.751220703125
2022-05-30,193.94769287109375,176.11660766601562
2022-05-31,192.62380981445312,173.01589965820312
2022-06-01,190.3543243408203,171.10630798339844
2022-06-02,192.52926635742188,173.9423065185547
2022-06-03,192.62380981445312,173.4129638671875
2022-06-06,192.62380981445312,173.4129638671875
2022-06-07,195.83895874023438,175.98423767089844
2022-06-08,193.94769287109375,174.90658569335938
2022-06-09,188.27395629882812,169.971923828125
2022-06-10,184.0186309814453,166.60650634765625
2022-06-13,182.17465209960938,164.7158203125
2022-06-14,178.8177032470703,161.53948974609375
2022-06-15,184.1132049560547,165.869140625
2022-06-16,177.11557006835938,159.23287963867188
2022-06-17,175.03518676757812,158.0984649658203
2022-06-20,175.2243194580078,157.89048767089844
2022-06-21,175.88626098632812,157.9849853515625
2022-06-22,174.7042236328125,158.0228271484375
2022-06-23,172.86026000976562,156.548095703125
2022-06-24,172.86026000976562,156.548095703125
2022-06-27,179.5269317626953,162.93858337402344
2022-06-28,177.39927673339844,161.16134643554688
2022-06-29,175.6498565673828,160.2349090576172
2022-06-30,173.66403198242188,158.987060546875
2022-07-01,175.83897399902344,160.48068237304688
2022-07-04,176.45364379882812,162.08778381347656
2022-07-05,175.50802612304688,160.80213928222656
2022-07-06,180.94537353515625,165.66116333007812
2022-07-07,183.92405700683594,168.61062622070312
2022-07-08,186.19357299804688,170.104248046875
2022-07-11,184.96426391601562,168.25137329101562
2022-07-12,189.12501525878906,171.20086669921875
2022-07-13,186.42999267578125,167.94888305664062
2022-07-14,184.82240295410156,167.40057373046875
2022-07-15,182.08009338378906,163.94065856933594
2022-07-18,185.15338134765625,166.43634033203125
2022-07-19,185.4843292236328,167.32493591308594
2022-07-20,184.4441680908203,166.4552459716797
2022-07-21,187.94297790527344,172.0138397216797
2022-07-22,188.98316955566406,173.0537109375
2022-07-25,188.7940216064453,172.52432250976562
2022-07-26,185.38980102539062,169.42359924316406
2022-07-27,185.342529296875,169.8017578125
2022-07-28,189.0304412841797,172.2974395751953
2022-07-29,196.7845916748047,178.47994995117188
2022-08-01,193.8531494140625,176.26788330078125
2022-08-02,190.8271484375,172.71339416503906
2022-08-03,192.43467712402344,174.73643493652344
2022-08-04,192.52926635742188,174.79312133789062
2022-08-05,188.17938232421875,171.5411834716797
2022-08-08,191.7727508544922,175.53048706054688
2022-08-09,186.33541870117188,170.63365173339844
2022-08-10,189.07772827148438,174.3960723876953
2022-08-11,188.22665405273438,173.6020050048828
2022-08-12,186.3826904296875,173.4507598876953
2022-08-15,187.8956756591797,175.07672119140625
2022-08-16,189.6923828125,176.45693969726562
2022-08-17,187.6120147705078,174.30154418945312
2022-08-18,189.07772827148438,176.24896240234375
2022-08-19,185.57891845703125,173.3184051513672
2022-08-22,183.0257110595703,170.46348571777344
2022-08-23,178.77041625976562,167.02244567871094
2022-08-24,179.43235778808594,167.41949462890625
2022-08-25,181.18174743652344,169.291259765625
2022-08-26,176.21722412109375,164.6968994140625
2022-08-29,175.7444305419922,163.9784698486328
2022-08-30,175.50802612304688,163.88394165039062
2022-08-31,168.13214111328125,159.4786376953125
2022-09-01,166.09901428222656,156.85060119628906
2022-09-02,170.92173767089844,161.84197998046875
2022-09-05,169.40870666503906,160.8966522216797
2022-09-06,168.79408264160156,160.6319580078125
2022-09-07,167.23379516601562,159.59210205078125
2022-09-08,168.69947814941406,161.3693389892578
2022-09-09,171.67822265625,163.8461151123047
2022-09-12,174.98789978027344,166.90899658203125
2022-09-13,172.24557495117188,163.8271942138672
2022-09-14,169.78700256347656,161.8230743408203
2022-09-15,171.20542907714844,163.0331268310547
2022-09-16,166.28817749023438,160.5563201904297
2022-09-19,167.1392364501953,160.10256958007812
2022-09-20,163.49855041503906,156.07542419433594
2022-09-21,164.77517700195312,157.75811767578125
2022-09-22,160.51986694335938,153.18267822265625
2022-09-23,158.81771850585938,151.85922241210938
2022-09-26,158.0612335205078,150.76260375976562
2022-09-27,159.33782958984375,152.29408264160156
2022-09-28,163.12033081054688,154.9977264404297
2022-09-29,158.3449249267578,150.2899627685547
2022-09-30,162.2219696044922,154.63853454589844
2022-10-03,164.16050720214844,156.51028442382812
2022-10-04,169.64511108398438,161.5773162841797
2022-10-05,168.08485412597656,159.78115844726562
2022-10-06,168.03756713867188,160.2160186767578
2022-10-07,162.6475067138672,154.7330322265625
2022-10-10,160.1416015625,152.23736572265625
2022-10-11,159.8106231689453,152.55877685546875
2022-10-12,159.14869689941406,152.29408264160156
2022-10-13,162.17471313476562,155.20570373535156
2022-10-14,161.70187377929688,155.20570373535156
2022-10-17,166.42999267578125,160.48068237304688
2022-10-18,170.73260498046875,164.41331481933594
2022-10-19,168.60494995117188,161.84197998046875
2022-10-20,167.84844970703125,161.766357421875
2022-10-21,167.84844970703125,161.7096405029297
2022-10-24,171.7727813720703,166.37962341308594
2022-10-25,177.162841796875,171.3332061767578
2022-10-26,177.39927673339844,171.08738708496094
2022-10-27,176.69004821777344,170.29330444335938
2022-10-28,178.06118774414062,171.6356964111328
2022-10-31,177.68295288085938,170.5012969970703
2022-11-01,178.1084747314453,170.38784790039062
2022-11-02,176.6427459716797,169.763916015625
2022-11-03,174.8933563232422,168.42156982421875
2022-11-04,178.2685546875,171.8820037841797
2022-11-07,178.6488800048828,171.9390411376953
2022-11-08,182.40440368652344,175.22837829589844
2022-11-09,182.26177978515625,175.07627868652344
2022-11-10,191.6743621826172,183.9936065673828
2022-11-11,192.6251220703125,183.63232421875
2022-11-14,191.10391235351562,182.66265869140625
2022-11-15,190.91375732421875,182.3013916015625
2022-11-16,187.01559448242188,180.0007781982422
2022-11-17,187.49099731445312,180.19088745117188
2022-11-18,189.20237731933594,182.0352020263672
2022-11-21,186.92054748535156,181.3317108154297
2022-11-22,189.7252960205078,182.60562133789062
2022-11-23,191.48419189453125,183.57530212402344
2022-11-24,192.14974975585938,184.0316162109375
2022-11-25,193.86111450195312,185.60975646972656
2022-11-28,191.76943969726562,183.7464141845703
2022-11-29,188.77452087402344,181.9781494140625
2022-11-30,190.10560607910156,183.48023986816406
2022-12-01,190.34327697753906,184.35487365722656
2022-12-02,189.96299743652344,183.6703643798828
2022-12-05,192.2448272705078,185.6667938232422
2022-12-06,189.91543579101562,183.09996032714844
2022-12-07,188.15652465820312,181.8831024169922
2022-12-08,187.49099731445312,181.02748107910156
2022-12-09,190.81866455078125,184.33583068847656
2022-12-12,190.53343200683594,184.3928680419922
2022-12-13,194.52667236328125,187.45404052734375
2022-12-14,195.57249450683594,188.30966186523438
2022-12-15,191.76943969726562,183.3091278076172
2022-12-16,186.25498962402344,179.8866729736328
2022-12-19,185.92222595214844,179.60147094726562
2022-12-20,184.21087646484375,178.6508026123047
2022-12-21,186.49267578125,181.3887481689453
2022-12-22,183.83053588867188,179.0310821533203
2022-12-23,184.92391967773438,180.09584045410156
2022-12-26,184.92391967773438,180.09584045410156
2022-12-27,186.20745849609375,181.5218505859375
2022-12-28,185.3517608642578,180.4190673828125
2022-12-29,187.7286834716797,182.43447875976562
2022-12-30,184.30593872070312,179.2592315673828
2023-01-02,186.3025360107422,181.10353088378906
2023-01-03,187.82376098632812,182.9288330078125
2023-01-04,189.91543579101562,185.2484893798828
2023-01-05,189.67774963378906,184.5069580078125
2023-01-06,189.67774963378906,184.5069580078125
2023-01-09,192.53005981445312,189.0891876220703
2023-01-10,190.72360229492188,187.6822052001953
2023-01-11,197.18881225585938,194.27040100097656
2023-01-12,199.8509521484375,196.69461059570312
2023-01-13,198.99526977539062,195.98159790039062
2023-01-16,200.51646423339844,197.07489013671875
2023-01-17,197.9494171142578,195.458740234375
2023-01-18,197.3789520263672,194.50807189941406
2023-01-19,192.9103546142578,191.03810119628906
2023-01-20,193.95620727539062,192.3690643310547
2023-01-23,197.2838897705078,195.88653564453125
2023-01-24,196.99864196777344,194.17530822753906
2023-01-25,195.00204467773438,192.7493133544922
2023-01-26,196.99864196777344,194.0802459716797
2023-01-27,198.42478942871094,193.9376678466797
2023-01-30,197.3789520263672,192.84437561035156
2023-01-31,197.6641845703125,192.3690643310547
2023-02-01,196.04788208007812,192.1313934326172
2023-02-02,205.65061950683594,200.68746948242188
2023-02-03,204.6047821044922,199.83184814453125
2023-02-06,200.3263397216797,196.12420654296875
2023-02-07,199.37554931640625,194.88833618164062
2023-02-08,199.75587463378906,194.93585205078125
2023-02-09,198.51988220214844,194.55560302734375
2023-02-10,196.42820739746094,192.3690643310547
2023-02-13,198.6149444580078,194.50807189941406
2023-02-14,198.23463439941406,193.79507446289062
2023-02-15,200.0410919189453,195.07847595214844
2023-02-16,200.3263397216797,194.88833618164062
2023-02-17,197.85435485839844,193.6524658203125
2023-02-20,196.90359497070312,192.84437561035156
2023-02-21,194.62173461914062,190.84796142578125
2023-02-22,194.71681213378906,190.5152130126953
2023-02-23,195.66757202148438,191.79864501953125
2023-02-24,194.8118896484375,190.42015075683594
2023-02-27,197.47402954101562,192.98699951171875
2023-02-28,204.41461181640625,192.60671997070312
2023-03-01,198.7100372314453,191.370849609375
2023-03-02,199.28048706054688,192.32151794433594
2023-03-03,202.5131072998047,195.458740234375
2023-03-06,203.74908447265625,196.31436157226562
2023-03-07,201.08694458007812,194.12779235839844
2023-03-08,200.3263397216797,193.6524658203125
2023-03-09,200.51646423339844,194.50807189941406
2023-03-10,197.2838897705078,190.46771240234375
2023-03-13,195.28726196289062,187.51109313964844
2023-03-14,198.23463439941406,191.370849609375
2023-03-15,190.72360229492188,183.82247924804688
2023-03-16,193.67095947265625,187.66317749023438
2023-03-17,187.2057647705078,181.90211486816406
2023-03-20,190.43836975097656,185.00132751464844
2023-03-21,194.62173461914062,189.01316833496094
2023-03-22,195.0971221923828,188.93710327148438
2023-03-23,195.38233947753906,188.1765594482422
2023-03-24,193.95620727539062,186.84559631347656
2023-03-27,197.47402954101562,190.11593627929688
2023-03-28,195.7626495361328,188.8800506591797
2023-03-29,197.9494171142578,191.46591186523438
2023-03-30,199.66079711914062,194.55560302734375
2023-03-31,200.80172729492188,195.88653564453125
2023-04-03,200.9918670654297,195.83901977539062
2023-04-04,203.17861938476562,197.8829345703125
2023-04-05,203.17861938476562,197.7403564453125
2023-04-06,205.17523193359375,199.26144409179688
2023-04-07,205.17523193359375,199.26144409179688
2023-04-10,205.17523193359375,199.26144409179688
2023-04-11,206.79153442382812,200.97264099121094
2023-04-12,205.08013916015625,200.2121124267578
2023-04-13,205.17523193359375,200.49729919433594
2023-04-14,206.5063018798828,201.16281127929688
2023-04-17,203.3687744140625,198.7385711669922
2023-04-18,206.4112548828125,199.83184814453125
2023-04-19,206.03091430664062,199.02377319335938
2023-04-20,206.2210693359375,198.6434783935547
2023-04-21,207.647216796875,199.4990997314453
2023-04-24,211.7355194091797,205.8210906982422
2023-04-25,212.87643432617188,208.00762939453125
2023-04-26,212.4010467529297,207.76998901367188
2023-04-27,214.11244201660156,209.19598388671875
2023-04-28,213.35182189941406,208.95831298828125
2023-05-01,213.35182189941406,208.95831298828125
2023-05-02,211.5453643798828,208.1027069091797
2023-05-03,211.83059692382812,209.005859375
2023-05-04,212.69915771484375,209.58494567871094
2023-05-05,214.0502471923828,210.30880737304688
2023-05-08,214.24325561523438,210.93618774414062
2023-05-09,212.6026611328125,208.13720703125
2023-05-10,212.795654296875,207.75112915039062
2023-05-11,212.0236053466797,208.57154846191406
2023-05-12,209.9969940185547,207.6546173095703
2023-05-15,210.19000244140625,208.1854705810547
2023-05-16,210.3830108642578,207.6063690185547
2023-05-17,208.06686401367188,206.25514221191406
2023-05-18,208.06686401367188,206.25514221191406
2023-05-19,213.18167114257812,211.5635223388672
2023-05-22,214.146728515625,211.27398681640625
2023-05-23,212.795654296875,210.55010986328125
2023-05-24,209.22494506835938,207.22030639648438
2023-05-25,207.3913116455078,205.82080078125
2023-05-26,212.21661376953125,210.59837341308594
2023-05-29,213.08517456054688,211.37049865722656
2023-05-30,214.0502471923828,212.2391357421875
2023-05-31,215.3048095703125,212.9630126953125
2023-06-01,215.4013214111328,214.02468872070312
2023-06-02,214.91879272460938,214.0729522705078
2023-06-05,213.9537353515625,212.67347717285156
2023-06-06,213.9537353515625,212.67347717285156
2023-06-07,212.6026611328125,212.04611206054688
2023-06-08,211.34805297851562,210.88792419433594
2023-06-09,209.90048217773438,209.63319396972656
2023-06-12,208.452880859375,207.70286560058594
2023-06-13,209.03192138671875,208.71632385253906
2023-06-14,206.71578979492188,206.97898864746094
2023-06-15,207.5843505859375,208.281982421875
2023-06-16,210.2864990234375,210.64663696289062
2023-06-19,205.84722900390625,205.67605590820312
2023-06-20,205.17169189453125,205.14520263671875
2023-06-21,202.95205688476562,202.29798889160156
2023-06-22,202.56602478027344,201.67062377929688
2023-06-23,202.56602478027344,201.67062377929688
2023-06-26,201.11842346191406,201.6223602294922
2023-06-27,202.95205688476562,203.0701141357422
2023-06-28,204.97866821289062,205.09695434570312
2023-06-29,204.78567504882812,205.09695434570312
2023-06-30,208.16336059570312,208.13720703125
2023-07-03,206.61929321289062,207.6063690185547
2023-07-04,206.23324584960938,207.6063690185547
2023-07-05,201.21493530273438,202.5875244140625
2023-07-06,199.09181213378906,200.70545959472656
2023-07-07,199.38134765625,200.75372314453125
2023-07-10,198.41627502441406,199.69203186035156
2023-07-11,197.35470581054688,198.82339477539062
2023-07-12,199.6708526611328,201.4775848388672
2023-07-13,199.09181213378906,200.4641571044922
2023-07-14,199.96035766601562,201.38104248046875
2023-07-17,196.9687042236328,198.8716583251953
2023-07-18,200.8289337158203,202.7805633544922
2023-07-19,202.27650451660156,204.08352661132812
2023-07-20,202.27650451660156,204.37307739257812
2023-07-21,204.39964294433594,206.25514221191406
2023-07-24,205.55772399902344,207.70286560058594
2023-07-25,206.81228637695312,208.76455688476562
2023-07-26,206.61929321289062,208.3302459716797
2023-07-27,207.00531005859375,208.6680450439453
2023-07-28,207.1983184814453,208.6680450439453
2023-07-31,206.23324584960938,207.4615936279297
2023-08-01,205.65423583984375,206.97898864746094
2023-08-02,202.56602478027344,204.66262817382812
2023-08-03,200.05686950683594,201.91192626953125
2023-08-04,201.5044708251953,203.1666259765625
2023-08-07,201.89047241210938,203.35964965820312
2023-08-08,201.69747924804688,203.0218505859375
2023-08-09,205.65423583984375,206.11036682128906
2023-08-10,207.77735900878906,207.3168182373047
2023-08-11,201.11842346191406,202.3462371826172
2023-08-14,200.8289337158203,202.7322998046875
2023-08-15,197.54771423339844,199.64378356933594
2023-08-16,198.60928344726562,200.89849853515625
2023-08-17,196.4861602783203,198.38905334472656
2023-08-18,196.10012817382812,197.37564086914062
2023-08-21,196.10012817382812,198.00299072265625
2023-08-22,198.41627502441406,200.27113342285156
2023-08-23,201.11842346191406,203.35964965820312
2023-08-24,200.6359100341797,203.0701141357422
2023-08-25,199.2848358154297,202.3462371826172
2023-08-28,199.96035766601562,203.1666259765625
2023-08-29,201.21493530273438,203.89048767089844
2023-08-30,201.60096740722656,203.2631378173828
2023-08-31,201.98699951171875,203.7457275390625
2023-09-01,200.92543029785156,202.53927612304688
2023-09-04,201.5044708251953,203.0701141357422
2023-09-05,202.95205688476562,205.04867553710938
2023-09-06,205.9437255859375,207.4615936279297
2023-09-07,204.49612426757812,205.965576171875
2023-09-08,202.8555450439453,204.80738830566406
2023-09-11,203.9171142578125,205.43475341796875
2023-09-12,203.2415771484375,205.09695434570312
2023-09-13,202.75904846191406,204.4696044921875
2023-09-14,204.78567504882812,206.11036682128906
2023-09-15,205.75071716308594,207.6063690185547
2023-09-18,204.78567504882812,206.83424377441406
2023-09-19,205.46119689941406,207.50985717773438
2023-09-20,207.77735900878906,209.68145751953125
2023-09-21,206.3297576904297,208.4267578125
2023-09-22,204.39964294433594,206.64122009277344
2023-09-25,204.01361083984375,206.06211853027344
2023-09-26,202.8555450439453,204.75912475585938
2023-09-27,201.69747924804688,202.9253387451172
2023-09-28,200.6359100341797,202.5875244140625
2023-09-29,200.24989318847656,202.4910125732422
2023-10-02,200.3463897705078,202.2497100830078
2023-10-03,198.41627502441406,200.27113342285156
2023-10-04,197.4512176513672,199.354248046875
2023-10-05,199.86387634277344,201.4293212890625
2023-10-06,202.1800079345703,203.84225463867188
2023-10-09,203.2415771484375,205.14520263671875
2023-10-10,207.10182189941406,208.76455688476562
2023-10-11,207.2947998046875,209.3919219970703
2023-10-12,210.86553955078125,212.52870178222656
2023-10-13,209.03192138671875,210.93618774414062
2023-10-16,209.90048217773438,211.46701049804688
2023-10-17,207.8738555908203,209.77798461914062
2023-10-18,202.75904846191406,204.2765655517578
2023-10-19,200.8289337158203,202.6840362548828
2023-10-20,191.371337890625,193.01312255859375
2023-10-23,190.3580322265625,192.6077423095703
2023-10-24,192.23988342285156,193.9010772705078
2023-10-25,193.4944610595703,194.96275329589844
2023-10-26,194.74905395507812,196.45875549316406
2023-10-27,192.19161987304688,194.43190002441406
2023-10-30,193.01194763183594,195.39707946777344
2023-10-31,195.61758422851562,197.27911376953125
2023-11-01,196.38963317871094,198.19606018066406
2023-11-02,199.76736450195312,201.09152221679688
2023-11-03,199.37925720214844,200.557861328125
2023-11-06,198.1179962158203,199.92718505859375
2023-11-07,198.40904235839844,199.878662109375
2023-11-08,199.1852264404297,200.65489196777344
2023-11-09,201.1256561279297,202.78952026367188
2023-11-10,199.08819580078125,200.75192260742188
2023-11-13,198.60308837890625,200.26678466796875
2023-11-14,201.9988555908203,203.66278076171875
2023-11-15,203.7452392578125,205.11819458007812
2023-11-16,201.8048095703125,203.5657501220703
2023-11-17,203.16310119628906,205.0697021484375
2023-11-20,204.7154541015625,206.67066955566406
2023-11-21,203.93927001953125,205.7974090576172
2023-11-22,205.6856689453125,207.25283813476562
2023-11-23,206.36480712890625,208.3201446533203
2023-11-24,207.52906799316406,209.53298950195312
2023-11-27,207.4320526123047,209.24191284179688
2023-11-28,205.588623046875,207.88352966308594
2023-11-29,207.33502197265625,209.09637451171875
2023-11-30,209.0814208984375,211.3280487060547
2023-12-01,210.8278045654297,212.5408935546875
2023-12-04,211.11888122558594,212.97750854492188
2023-12-05,213.9324951171875,215.54876708984375
2023-12-06,214.99974060058594,216.5675506591797
2023-12-07,215.77589416503906,217.4893341064453
2023-12-08,216.35801696777344,217.9259796142578
2023-12-11,219.17166137695312,220.93385314941406
2023-12-12,220.04486083984375,221.95265197753906
2023-12-13,219.17166137695312,220.93385314941406
2023-12-14,221.11207580566406,223.0199737548828
2023-12-15,222.27635192871094,224.4268798828125
2023-12-18,221.98529052734375,224.28134155273438
2023-12-19,222.1793212890625,224.96054077148438
2023-12-20,223.73167419433594,225.88230895996094
2023-12-21,222.27635192871094,224.28134155273438
2023-12-22,222.76145935058594,225.0575714111328
2023-12-25,222.76145935058594,225.0575714111328
2023-12-26,222.76145935058594,225.0575714111328
2023-12-27,222.76145935058594,225.20310974121094
2023-12-28,222.6644287109375,225.0575714111328
2023-12-29,224.60487365722656,226.56150817871094
2024-01-01,224.60487365722656,226.56150817871094
2024-01-02,225.57508850097656,227.1921844482422
2024-01-03,223.1495361328125,224.32984924316406
2024-01-04,223.8286895751953,225.3001251220703
2024-01-05,220.43292236328125,221.80711364746094
2024-01-08,221.98529052734375,223.7961883544922
2024-01-09,219.7537841796875,222.14669799804688
2024-01-10,219.9478302001953,222.29225158691406
2024-01-11,219.7537841796875,221.80711364746094
2024-01-12,223.1495361328125,225.34866333007812
2024-01-15,221.4031524658203,223.69915771484375
2024-01-16,220.9180450439453,222.9229278564453
2024-01-17,218.1044158935547,219.42991638183594
2024-01-18,218.68653869628906,220.25465393066406
2024-01-19,220.9180450439453,223.69915771484375
2024-01-22,229.45594787597656,231.6069793701172
2024-01-23,228.582763671875,230.8792724609375
2024-01-24,232.0755157470703,234.08120727539062
2024-01-25,233.33682250976562,235.2940673828125
2024-01-26,235.18019104003906,236.84652709960938
2024-01-29,235.5683135986328,237.42868041992188
2024-01-30,237.314697265625,239.0296630859375
2024-01-31,236.24745178222656,238.593017578125
2024-02-01,237.21766662597656,238.9811553955078
2024-02-02,238.284912109375,239.75738525390625
2024-02-05,237.70277404785156,238.6900634765625
2024-02-06,239.06105041503906,240.3395538330078
2024-02-07,238.47894287109375,240.14547729492188
2024-02-08,239.1580810546875,241.16429138183594
2024-02-09,238.57595825195312,240.3880615234375
2024-02-12,240.90447998046875,242.66824340820312
2024-02-13,239.64320373535156,241.98902893066406
2024-02-14,241.58363342285156,243.34744262695312
2024-02-15,241.87469482421875,243.88108825683594
2024-02-16,245.17344665527344,247.81072998046875
2024-02-19,246.3376922607422,248.58697509765625
2024-02-20,245.65853881835938,248.0048065185547
2024-02-21,244.20321655273438,246.88897705078125
2024-02-22,247.50196838378906,249.79983520507812
2024-02-23,249.1513214111328,252.2255401611328
2024-02-26,249.83045959472656,252.71070861816406
2024-02-27,248.6661834716797,251.4008026123047
2024-02-28,248.56919860839844,251.30377197265625
2024-02-29,249.1513214111328,252.6621551513672
2024-03-01,249.4423828125,252.32254028320312
2024-03-04,248.47216796875,251.83741760253906
2024-03-05,248.86024475097656,251.78890991210938
2024-03-06,249.83045959472656,252.80770874023438
2024-03-07,250.80067443847656,253.9720458984375
2024-03-08,252.15899658203125,255.427490234375
2024-03-11,252.35301208496094,255.37896728515625
2024-03-12,257.98028564453125,260.5699768066406
2024-03-13,258.0773010253906,260.7640686035156
2024-03-14,257.3011169433594,260.0848388671875
2024-03-15,260.1147766113281,262.8016357421875
2024-03-18,253.22622680664062,255.33042907714844
2024-03-19,255.6517791748047,258.1927795410156
2024-03-20,253.1291961669922,255.96112060546875
2024-03-21,256.718994140625,259.4056396484375
2024-03-22,258.5624084472656,261.4432678222656
2024-03-25,259.43560791015625,261.49176025390625
2024-03-26,259.0475158691406,261.49176025390625
2024-03-27,258.85345458984375,261.83135986328125
2024-03-28,258.2713317871094,260.6669921875
2024-03-29,258.2713317871094,260.6669921875
2024-04-01,258.2713317871094,260.6669921875
2024-04-02,257.8832702636719,260.327392578125
2024-04-03,257.98028564453125,260.181884765625
2024-04-04,258.17431640625,260.181884765625
2024-04-05,252.838134765625,254.36013793945312
2024-04-08,254.58453369140625,255.2819366455078
2024-04-09,252.35301208496094,253.63241577148438
2024-04-10,252.5470428466797,253.9235382080078
2024-04-11,250.99472045898438,252.37109375
2024-04-12,251.5768280029297,253.05027770996094
2024-04-15,253.0321807861328,254.36013793945312
2024-04-16,250.80067443847656,252.80770874023438
2024-04-17,252.93516540527344,254.50567626953125
2024-04-18,253.1291961669922,254.06907653808594
2024-04-19,252.64407348632812,253.2928466796875
2024-04-22,255.36070251464844,256.39776611328125
2024-04-23,259.43560791015625,260.6184997558594
2024-04-24,260.599853515625,261.9768981933594
2024-04-25,257.0100402832031,258.1927795410156
2024-04-26,261.76409912109375,262.9956970214844
2024-04-29,263.025390625,264.0145263671875
2024-04-30,262.73431396484375,264.257080078125
2024-05-01,262.73431396484375,264.257080078125
2024-05-02,259.82366943359375,261.7828369140625
2024-05-03,263.70452880859375,265.32440185546875
2024-05-06,266.3241271972656,268.1382141113281
2024-05-07,269.2347717285156,271.67974853515625
2024-05-08,273.0683288574219,274.2353515625
2024-05-09,273.0683288574219,274.2353515625
2024-05-10,275.5257263183594,277.52813720703125
2024-05-13,275.72235107421875,277.7247314453125
2024-05-14,275.32916259765625,276.840087890625
2024-05-15,276.0172424316406,276.79095458984375
2024-05-16,272.6751708984375,273.3015441894531
2024-05-17,271.20068359375,271.92547607421875
2024-05-20,278.1797790527344,278.4618835449219
2024-05-21,280.93206787109375,281.3615417480469
2024-05-22,280.83380126953125,281.26324462890625
2024-05-23,279.8507995605469,280.1329040527344
2024-05-24,280.14569091796875,279.9854431152344
2024-05-27,281.128662109375,281.0666809082031
2024-05-28,278.6712341308594,279.0025329589844
2024-05-29,276.8036193847656,277.3807067871094
2024-05-30,277.29510498046875,277.1841125488281
2024-05-31,277.3934326171875,279.5431213378906
2024-06-03,278.76953125,280.4769287109375
2024-06-04,277.1968078613281,279.1990966796875
2024-06-05,280.93206787109375,282.2953186035156
2024-06-06,280.93206787109375,282.2953186035156
2024-06-07,282.2099304199219,283.86798095703125
2024-06-10,279.4576110839844,281.9512939453125
2024-06-11,278.86785888671875,280.3294677734375
2024-06-12,286.1418151855469,287.7505187988281
2024-06-13,281.6201477050781,281.9512939453125
2024-06-14,277.7865905761719,278.9042053222656
2024-06-17,277.983154296875,278.7568054199219
2024-06-18,279.7525329589844,279.9854431152344
2024-06-19,278.47467041015625,279.59228515625
2024-06-20,282.2099304199219,283.0325012207031
2024-06-21,282.2099304199219,283.0325012207031
2024-06-24,281.6201477050781,283.9171447753906
2024-06-25,279.9490966796875,281.9512939453125
2024-06-26,282.2099304199219,284.1628723144531
2024-06-27,281.9150390625,284.310302734375
2024-06-28,282.79974365234375,285.24407958984375
2024-07-01,282.89801025390625,285.0966491699219
2024-07-02,283.0946044921875,285.5389709472656
2024-07-03,282.701416015625,284.5560302734375
2024-07-04,284.3724670410156,286.0795593261719
2024-07-05,282.4065246582031,284.11370849609375
2024-07-08,281.5218505859375,283.179931640625
2024-07-09,280.2440185546875,282.0495910644531
2024-07-10,280.93206787109375,282.0987243652344
2024-07-11,281.6201477050781,282.8359069824219
2024-07-12,289.8770751953125,291.0433349609375
2024-07-15,289.97540283203125,290.9450378417969
2024-07-16,290.3685607910156,291.0924377441406
2024-07-17,288.8941345214844,289.4215087890625
2024-07-18,287.9111328125,288.04541015625
2024-07-19,288.9924011230469,289.3232116699219
2024-07-22,292.9242858886719,293.69720458984375
2024-07-23,294.3004455566406,294.8767395019531
2024-07-24,290.6634826660156,291.58392333984375
2024-07-25,289.97540283203125,291.2398986816406
2024-07-26,293.415771484375,294.58184814453125
2024-07-29,294.6936340332031,295.7613525390625
2024-07-30,295.3817138671875,296.20367431640625
2024-07-31,297.4459228515625,298.61181640625
2024-08-01,291.843017578125,292.910888671875
2024-08-02,276.90191650390625,277.1841125488281
2024-08-05,268.54669189453125,268.3377990722656
2024-08-06,272.6751708984375,272.41693115234375
2024-08-07,279.26104736328125,279.2973937988281
2024-08-08,278.6712341308594,278.5601806640625
2024-08-09,280.63720703125,280.2803039550781
2024-08-12,280.53887939453125,281.11578369140625
2024-08-13,281.8167724609375,282.1478576660156
2024-08-14,284.1758728027344,284.8017578125
2024-08-15,288.2060546875,288.8808898925781
2024-08-16,291.15496826171875,291.4856262207031
2024-08-19,291.843017578125,292.27197265625
2024-08-20,290.1719665527344,290.9450378417969
2024-08-21,290.2702331542969,290.7484130859375
2024-08-22,294.5953369140625,295.4173278808594
2024-08-23,296.266357421875,297.0391540527344
2024-08-26,297.3476257324219,299.0050048828125
2024-08-27,293.8089294433594,294.92584228515625
2024-08-28,296.7578430175781,297.7763366699219
2024-08-29,299.411865234375,301.2657165527344
2024-08-30,298.9203796386719,300.1353759765625
2024-09-02,300.2965393066406,301.9537658691406
2024-09-03,297.7408142089844,299.29986572265625
2024-09-04,293.9072570800781,295.5647888183594
2024-09-05,286.7315979003906,288.2419738769531
2024-09-06,287.61627197265625,289.0774841308594
2024-09-09,292.137939453125,293.35321044921875
2024-09-10,292.2362060546875,293.1565856933594
2024-09-11,289.6805114746094,290.60101318359375
2024-09-12,292.82598876953125,293.8446350097656
2024-09-13,295.28338623046875,295.9087829589844
2024-09-16,297.839111328125,298.5626525878906
2024-09-17,299.411865234375,300.233642578125
2024-09-18,296.9544677734375,296.8425598144531
2024-09-19,302.2624816894531,303.3298645019531
2024-09-20,306.48919677734375,304.8533935546875
2024-09-23,304.8182067871094,304.8533935546875
2024-09-24,302.4590759277344,302.5926513671875
2024-09-25,304.91650390625,305.9345703125
2024-09-26,308.3569030761719,308.6867370605469
2024-09-27,306.6858215332031,306.52435302734375
2024-09-30,307.17730712890625,307.2123718261719
2024-10-01,305.3096618652344,304.8042297363281
2024-10-02,305.3096618652344,304.8042297363281
2024-10-03,301.96759033203125,301.9537658691406
2024-10-04,302.557373046875,302.15032958984375
2024-10-07,301.18121337890625,301.0199890136719
2024-10-08,300.1982421875,300.1353759765625
2024-10-09,302.06585693359375,301.85546875
2024-10-10,299.1169738769531,299.54559326171875
2024-10-11,305.1130676269531,306.573486328125
2024-10-14,306.6858215332031,307.9004211425781
2024-10-15,305.5062561035156,305.3448486328125
2024-10-16,305.21136474609375,305.4431457519531
2024-10-17,303.4420471191406,303.2315673828125
2024-10-18,304.5232849121094,304.65679931640625
2024-10-21,302.557373046875,303.1332702636719
2024-10-22,300.8863220214844,301.364013671875
2024-10-23,300.984619140625,301.4623107910156
2024-10-24,298.7237854003906,298.7101135253906
2024-10-25,300.2965393066406,300.77423095703125
2024-10-28,303.4420471191406,303.8704528808594
2024-10-29,301.8692932128906,302.2486267089844
2024-10-30,297.64251708984375,298.2186279296875
2024-10-31,296.8561706542969,296.3019714355469
2024-11-01,297.3476257324219,296.989990234375
2024-11-04,298.62548828125,298.6609802246094
2024-11-05,297.93743896484375,298.31695556640625
2024-11-06,297.4459228515625,298.46435546875
2024-11-07,299.7067565917969,300.6759338378906
2024-11-08,297.930419921875,298.751708984375
2024-11-11,299.90411376953125,301.3173828125
2024-11-12,293.0948486328125,294.21246337890625
2024-11-13,292.2066955566406,292.7816162109375
2024-11-14,295.4632873535156,296.7287902832031
2024-11-15,291.12115478515625,292.3375549316406
2024-11-18,292.404052734375,293.96575927734375
2024-11-19,291.0224609375,291.9921875
2024-11-20,289.73956298828125,291.1534118652344
2024-11-21,290.92376708984375,292.9296569824219
2024-11-22,292.2066955566406,294.5085144042969
2024-11-25,292.99615478515625,293.71905517578125
2024-11-26,290.92376708984375,292.7322692871094
2024-11-27,292.1080017089844,293.2750244140625
2024-11-28,292.2066955566406,293.71905517578125
2024-11-29,293.3908996582031,295.2979431152344
2024-12-02,297.930419921875,299.19580078125
2024-12-03,299.4106750488281,301.1200256347656
2024-12-04,299.5093688964844,301.41607666015625
2024-12-05,300.3975524902344,301.71209716796875
2024-12-06,303.2593994140625,304.1297607421875
2024-12-09,299.7067565917969,301.0706787109375
2024-12-10,298.02911376953125,298.9984130859375
2024-12-11,295.167236328125,295.6926574707031
2024-12-12,293.0948486328125,293.66973876953125
2024-12-13,292.5027160644531,292.9789733886719
2024-12-16,291.7132568359375,292.7322692871094
2024-12-17,290.4303283691406,291.5481262207031
2024-12-18,292.0093078613281,292.2882385253906
2024-12-19,286.1868896484375,286.5154724121094
2024-12-20,285.989501953125,286.8115234375
2024-12-23,286.6802978515625,287.3542785644531
2024-12-24,286.6802978515625,287.3542785644531
2024-12-25,286.6802978515625,287.3542785644531
2024-12-26,286.6802978515625,287.3542785644531
2024-12-27,288.9500732421875,289.7225646972656
2024-12-30,288.35797119140625,288.8344421386719
2024-12-31,288.35797119140625,288.8344421386719
2025-01-01,288.35797119140625,288.8344421386719
2025-01-02,292.7001037597656,292.0908508300781
2025-01-03,292.99615478515625,292.7816162109375
2025-01-06,292.99615478515625,292.7816162109375
2025-01-07,293.68695068359375,293.7684326171875
2025-01-08,296.3514404296875,296.4327392578125
2025-01-09,296.0553894042969,296.0873718261719
2025-01-10,295.4632873535156,295.4459533691406
2025-01-13,293.19354248046875,293.571044921875
2025-01-14,292.404052734375,292.6829528808594
2025-01-15,298.423828125,299.6891784667969
2025-01-16,299.6080627441406,301.1200256347656
2025-01-17,307.00946044921875,308.7676696777344
2025-01-20,307.00946044921875,307.2381591796875
2025-01-21,309.6739501953125,309.45843505859375
2025-01-22,312.33843994140625,312.1227722167969
2025-01-23,309.4765930175781,310.642578125
2025-01-24,310.26605224609375,311.0373229980469
2025-01-27,305.9239196777344,307.38616943359375
2025-01-28,307.9963073730469,309.063720703125
2025-01-29,309.2792053222656,310.5439147949219
2025-01-30,311.746337890625,313.35626220703125
2025-01-31,312.33843994140625,312.1227722167969
2025-02-03,302.4699401855469,302.4028625488281
2025-02-04,302.17388916015625,302.6495666503906
2025-02-05,304.04888916015625,304.57379150390625
2025-02-06,308.5884094238281,309.3597412109375
2025-02-07,306.1213073730469,306.64605712890625
2025-02-10,307.8976135253906,308.4716491699219
2025-02-11,309.6739501953125,310.5439147949219
2025-02-12,310.6607971191406,311.5800476074219
2025-02-13,315.397705078125,315.5765380859375
2025-02-14,313.4239807128906,315.0338134765625
2025-02-17,318.4569396972656,319.7704162597656
2025-02-18,319.6411437988281,321.4479675292969
2025-02-19,315.0029602050781,316.71136474609375
2025-02-20,315.79241943359375,317.402099609375
2025-02-21,316.1871643066406,317.84619140625
2025-02-24,314.2134704589844,314.93511962890625
2025-02-25,314.7068786621094,315.2311706542969
2025-02-26,319.9372253417969,320.7078857421875
2025-02-27,316.2858581542969,316.7607116699219
2025-02-28,315.2003173828125,315.5272216796875
2025-03-03,319.3450927734375,320.55987548828125
2025-03-04,304.93707275390625,306.4486999511719
2025-03-05,310.46343994140625,312.02410888671875
2025-03-06,308.19366455078125,309.3597412109375
2025-03-07,307.6015625,308.96502685546875
2025-03-10,303.456787109375,304.1297607421875
2025-03-11,297.4369812011719,298.702392578125
2025-03-12,299.7067565917969,301.46539306640625
2025-03-13,298.52252197265625,300.0838928222656
2025-03-14,303.9502258300781,305.1165466308594
2025-03-17,304.2462463378906,304.968505859375
2025-03-18,304.5423278808594,305.1165466308594
2025-03-19,308.19366455078125,308.8663635253906
2025-03-20,308.7857666015625,309.6064453125
2025-03-21,305.5291748046875,306.2019958496094
2025-03-24,305.331787109375,305.9059753417969
2025-03-25,306.81207275390625,307.7315368652344
2025-03-26,304.5423278808594,305.9059753417969
2025-03-27,303.35809326171875,304.8698425292969
2025-03-28,300.2988586425781,300.8240051269531
2025-03-31,294.1803894042969,294.4098205566406
2025-04-01,296.64752197265625,296.77813720703125
2025-04-02,289.9369201660156,290.56134033203125
2025-04-03,279.7723388671875,279.5092468261719
2025-04-04,271.3841247558594,270.7267761230469
2025-04-07,254.9036865234375,254.7900848388672
2025-04-08,262.3050842285156,262.0429992675781
2025-04-09,250.56155395507812,250.59619140625
2025-04-10,266.74591064453125,267.9144287109375
2025-04-11,265.8577575683594,266.3849182128906
2025-04-14,270.9893798828125,272.1576232910156
2025-04-15,277.0091857910156,277.1409606933594
2025-04-16,273.061767578125,272.6510314941406
2025-04-17,274.443359375,273.9338684082031
2025-04-18,274.443359375,273.9338684082031
2025-04-21,274.443359375,273.9338684082031
2025-04-22,276.41705322265625,275.7100830078125
2025-04-23,278.0946960449219,277.8316955566406
2025-04-24,278.8841857910156,278.67047119140625
2025-04-25,282.83160400390625,282.3709411621094
2025-04-28,281.8447570800781,281.23614501953125
2025-04-29,278.3907775878906,277.63433837890625
2025-04-30,283.0289611816406,281.53216552734375
2025-05-01,283.0289611816406,281.53216552734375
2025-05-02,286.5816345214844,285.281982421875
2025-05-05,285.2987365722656,284.3938903808594
2025-05-06,280.75921630859375,280.2986755371094
2025-05-07,281.45001220703125,280.20001220703125
2025-05-08,283.3999938964844,283.3999938964844
2025-05-09,284.1000061035156,284.1499938964844
2025-05-12,294.3999938964844,294.45001220703125
2025-05-13,293.6000061035156,293.3500061035156
2025-05-14,292.79998779296875,291.79998779296875
2025-05-15,294.70001220703125,294.3500061035156
2025-05-16,293.29998779296875,293.0
2025-05-19,294.6000061035156,294.54998779296875
2025-05-20,296.3999938964844,296.25
2025-05-21,292.5,292.20001220703125
2025-05-22,283.6000061035156,283.04998779296875
2025-05-23,279.79998779296875,279.70001220703125
2025-05-26,284.70001220703125,284.3999938964844
2025-05-27,284.70001220703125,283.79998779296875
2025-05-28,283.6000061035156,281.8500061035156
2025-05-29,283.6000061035156,281.8500061035156
2025-05-30,281.79998779296875,282.20001220703125
2025-06-02,280.1000061035156,279.45001220703125
2025-06-03,280.1000061035156,279.3999938964844
2025-06-04,284.20001220703125,283.0
2025-06-05,285.29998779296875,284.04998779296875
2025-06-06,285.29998779296875,284.04998779296875
2025-06-09,285.3999938964844,284.5
2025-06-10,286.1000061035156,285.3500061035156
2025-06-11,284.70001220703125,283.8999938964844
2025-06-12,279.20001220703125,278.75
2025-06-13,275.5,274.8999938964844
2025-06-16,277.79998779296875,277.70001220703125
2025-06-17,275.1000061035156,274.6000061035156
2025-06-18,275.6000061035156,275.8500061035156
2025-06-19,274.6000061035156,275.1000061035156
2025-06-20,274.6000061035156,275.1000061035156
2025-06-23,272.29998779296875,272.6000061035156
2025-06-24,276.1000061035156,276.45001220703125
2025-06-25,277.29998779296875,277.25
2025-06-26,275.20001220703125,275.04998779296875
2025-06-27,282.6000061035156,282.20001220703125
2025-06-30,279.8999938964844,279.75
2025-07-01,280.3999938964844,279.79998779296875
2025-07-02,282.70001220703125,281.6499938964844
2025-07-03,284.3999938964844,283.3999938964844
2025-07-04,282.20001220703125,281.29998779296875
2025-07-07,282.3999938964844,282.0
2025-07-08,285.5,284.1499938964844
2025-07-09,287.1000061035156,286.20001220703125
2025-07-10,293.8999938964844,293.6000061035156
2025-07-11,290.5,289.20001220703125
2025-07-14,288.70001220703125,287.6000061035156
2025-07-15,289.1000061035156,289.0
2025-07-16,288.20001220703125,288.54998779296875
2025-07-17,293.0,292.79998779296875
2025-07-18,291.3999938964844,292.1000061035156
2025-07-21,290.6000061035156,290.25
2025-07-22,286.5,286.45001220703125
2025-07-23,291.6000061035156,291.79998779296875
2025-07-24,292.8999938964844,293.1499938964844
2025-07-25,292.6000061035156,292.1000061035156
2025-07-28,290.70001220703125,290.95001220703125
2025-07-29,291.0,291.29998779296875
2025-07-30,290.0,289.3500061035156
2025-07-31,284.79998779296875,284.5
2025-08-01,280.3999938964844,280.5
2025-08-04,283.0,283.1000061035156
2025-08-05,283.70001220703125,283.75
2025-08-06,283.70001220703125,283.5
2025-08-07,287.5,286.8999938964844
2025-08-08,288.6000061035156,287.95001220703125
