Date,GC=F,PL=F,SI=F
2020-08-10,2024.4000244140625,997.5,29.249000549316406
2020-08-11,1932.5999755859375,966.5999755859375,26.03700065612793
2020-08-12,1934.9000244140625,954.4000244140625,25.954999923706055
2020-08-13,1956.699951171875,978.0999755859375,27.694000244140625
2020-08-14,1937.0,954.4000244140625,26.065000534057617
2020-08-17,1985.0,963.2999877929688,27.64299964904785
2020-08-18,1999.4000244140625,971.0999755859375,28.048999786376953
2020-08-19,1958.699951171875,952.0,27.315000534057617
2020-08-20,1933.800048828125,923.0999755859375,27.121999740600586
2020-08-21,1934.5999755859375,922.2999877929688,26.707000732421875
2020-08-24,1927.699951171875,920.7999877929688,26.58799934387207
2020-08-25,1911.800048828125,930.5999755859375,26.253999710083008
2020-08-26,1940.699951171875,936.4000244140625,27.43000030517578
2020-08-27,1921.5999755859375,925.5999755859375,27.010000228881836
2020-08-28,1964.5999755859375,937.5,27.610000610351562
2020-08-31,1967.5999755859375,935.7000122070312,28.437000274658203
2020-09-01,1968.199951171875,950.5,28.486000061035156
2020-09-02,1934.4000244140625,902.0,27.249000549316406
2020-09-03,1927.5999755859375,887.5999755859375,26.735000610351562
2020-09-04,1923.9000244140625,896.2999877929688,26.576000213623047
2020-09-07,1923.9000244140625,896.2999877929688,26.576000213623047
2020-09-08,1933.0,908.4000244140625,26.86400032043457
2020-09-09,1944.699951171875,923.0999755859375,26.954999923706055
2020-09-10,1954.199951171875,939.4000244140625,27.163000106811523
2020-09-11,1937.800048828125,938.0,26.73900032043457
2020-09-14,1953.0999755859375,957.0999755859375,27.229000091552734
2020-09-15,1956.300048828125,980.7999877929688,27.34600067138672
2020-09-16,1960.199951171875,972.2999877929688,27.354999542236328
2020-09-17,1940.0,930.0,26.985000610351562
2020-09-18,1952.0999755859375,937.5,27.027999877929688
2020-09-21,1901.199951171875,875.0999755859375,24.298999786376953
2020-09-22,1898.5999755859375,856.5,24.441999435424805
2020-09-23,1859.9000244140625,842.2999877929688,23.013999938964844
2020-09-24,1868.300048828125,837.0999755859375,23.118000030517578
2020-09-25,1857.699951171875,841.0999755859375,23.017000198364258
2020-09-28,1872.800048828125,881.9000244140625,23.527999877929688
2020-09-29,1894.300048828125,887.5,24.3799991607666
2020-09-30,1887.5,901.0,23.433000564575195
2020-10-01,1908.4000244140625,898.2000122070312,24.19300079345703
2020-10-02,1900.199951171875,883.4000244140625,23.97100067138672
2020-10-05,1912.5,897.2000122070312,24.50200080871582
2020-10-06,1901.0999755859375,863.9000244140625,23.8700008392334
2020-10-07,1883.5999755859375,861.2000122070312,23.847999572753906
2020-10-08,1888.5999755859375,858.2000122070312,23.836999893188477
2020-10-09,1919.5,887.9000244140625,25.069000244140625
2020-10-12,1922.5,870.0,25.22599983215332
2020-10-13,1888.5,867.2000122070312,24.086000442504883
2020-10-14,1901.300048828125,858.0999755859375,24.36400032043457
2020-10-15,1903.199951171875,856.2999877929688,24.19300079345703
2020-10-16,1900.800048828125,864.2999877929688,24.368999481201172
2020-10-19,1906.4000244140625,858.5999755859375,24.656999588012695
2020-10-20,1910.4000244140625,872.4000244140625,24.937000274658203
2020-10-21,1924.5999755859375,889.0999755859375,25.19700050354004
2020-10-22,1901.0999755859375,879.0,24.665000915527344
2020-10-23,1902.0,901.7000122070312,24.62700080871582
2020-10-26,1902.699951171875,872.5,24.375999450683594
2020-10-27,1908.800048828125,882.0999755859375,24.525999069213867
2020-10-28,1876.199951171875,870.2999877929688,23.323999404907227
2020-10-29,1865.5999755859375,845.4000244140625,23.339000701904297
2020-10-30,1877.4000244140625,844.5999755859375,23.617000579833984
2020-11-02,1890.4000244140625,855.7999877929688,24.006000518798828
2020-11-03,1908.5,871.4000244140625,24.30500030517578
2020-11-04,1894.5999755859375,866.7000122070312,23.86400032043457
2020-11-05,1945.300048828125,896.7999877929688,25.17099952697754
2020-11-06,1950.300048828125,896.0,25.645999908447266
2020-11-09,1853.199951171875,864.5999755859375,23.684999465942383
2020-11-10,1875.4000244140625,890.0,24.445999145507812
2020-11-11,1860.699951171875,865.0999755859375,24.250999450683594
2020-11-12,1872.5999755859375,881.0999755859375,24.290000915527344
2020-11-13,1885.699951171875,893.4000244140625,24.759000778198242
2020-11-16,1887.300048828125,925.0,24.785999298095703
2020-11-17,1884.5,934.5999755859375,24.635000228881836
2020-11-18,1873.5,946.7000122070312,24.433000564575195
2020-11-19,1861.0999755859375,948.2000122070312,24.033000946044922
2020-11-20,1872.5999755859375,954.0999755859375,24.347999572753906
2020-11-23,1837.800048828125,929.0999755859375,23.624000549316406
2020-11-24,1804.800048828125,955.7000122070312,23.29199981689453
2020-11-25,1805.699951171875,967.2999877929688,23.356000900268555
2020-11-26,1805.699951171875,967.2999877929688,23.356000900268555
2020-11-27,1781.9000244140625,963.0,22.55299949645996
2020-11-30,1775.699951171875,964.0999755859375,22.534000396728516
2020-12-01,1814.0999755859375,1002.2000122070312,24.033000946044922
2020-12-02,1825.699951171875,1010.4000244140625,24.024999618530273
2020-12-03,1836.800048828125,1037.0,24.086999893188477
2020-12-04,1835.9000244140625,1071.199951171875,24.202999114990234
2020-12-07,1861.800048828125,1047.199951171875,24.740999221801758
2020-12-08,1870.800048828125,1035.0,24.68400001525879
2020-12-09,1834.5999755859375,1016.9000244140625,23.93000030517578
2020-12-10,1833.5999755859375,1026.199951171875,24.0310001373291
2020-12-11,1839.800048828125,1020.5999755859375,24.031999588012695
2020-12-14,1828.699951171875,1014.4000244140625,23.985000610351562
2020-12-15,1852.300048828125,1038.0999755859375,24.58099937438965
2020-12-16,1856.0999755859375,1034.199951171875,24.985000610351562
2020-12-17,1887.199951171875,1048.9000244140625,26.100000381469727
2020-12-18,1885.699951171875,1041.9000244140625,25.948999404907227
2020-12-21,1879.199951171875,1015.0,26.277999877929688
2020-12-22,1866.5999755859375,1008.5,25.43400001525879
2020-12-23,1874.699951171875,1016.2000122070312,25.823999404907227
2020-12-24,1879.9000244140625,1028.0,25.81100082397461
2020-12-25,1879.9000244140625,1028.0,25.81100082397461
2020-12-28,1877.199951171875,1042.199951171875,26.459999084472656
2020-12-29,1879.699951171875,1055.699951171875,26.13800048828125
2020-12-30,1891.0,1072.5999755859375,26.488000869750977
2020-12-31,1893.0999755859375,1075.4000244140625,26.332000732421875
2021-01-01,1893.0999755859375,1075.4000244140625,26.332000732421875
2021-01-04,1944.699951171875,1066.0,27.284000396728516
2021-01-05,1952.699951171875,1114.699951171875,27.570999145507812
2021-01-06,1906.9000244140625,1105.699951171875,26.972999572753906
2021-01-07,1912.300048828125,1119.699951171875,27.200000762939453
2021-01-08,1834.0999755859375,1065.699951171875,24.582000732421875
2021-01-11,1849.5999755859375,1039.5999755859375,25.23900032043457
2021-01-12,1842.9000244140625,1062.9000244140625,25.384000778198242
2021-01-13,1853.5999755859375,1105.9000244140625,25.520000457763672
2021-01-14,1850.300048828125,1121.5999755859375,25.746000289916992
2021-01-15,1829.300048828125,1085.699951171875,24.825000762939453
2021-01-18,1829.300048828125,1085.699951171875,24.825000762939453
2021-01-19,1839.5,1088.4000244140625,25.27899932861328
2021-01-20,1865.9000244140625,1112.800048828125,25.733999252319336
2021-01-21,1865.300048828125,1124.199951171875,25.82200050354004
2021-01-22,1855.699951171875,1108.199951171875,25.52400016784668
2021-01-25,1854.9000244140625,1101.199951171875,25.454999923706055
2021-01-26,1850.699951171875,1103.800048828125,25.52899932861328
2021-01-27,1844.9000244140625,1075.5,25.375999450683594
2021-01-28,1837.9000244140625,1068.699951171875,25.909000396728516
2021-01-29,1847.300048828125,1075.800048828125,26.899999618530273
2021-02-01,1860.800048828125,1135.5,29.398000717163086
2021-02-02,1830.5,1092.699951171875,26.384000778198242
2021-02-03,1832.199951171875,1111.5999755859375,26.878000259399414
2021-02-04,1788.9000244140625,1100.0999755859375,26.222999572753906
2021-02-05,1810.9000244140625,1130.300048828125,27.013999938964844
2021-02-08,1831.9000244140625,1172.4000244140625,27.56999969482422
2021-02-09,1835.300048828125,1191.4000244140625,27.395999908447266
2021-02-10,1840.5999755859375,1244.199951171875,27.073999404907227
2021-02-11,1824.9000244140625,1244.4000244140625,27.04199981689453
2021-02-12,1821.5999755859375,1256.4000244140625,27.322999954223633
2021-02-15,1821.5999755859375,1256.4000244140625,27.322999954223633
2021-02-16,1797.199951171875,1277.0,27.319000244140625
2021-02-17,1771.0999755859375,1255.300048828125,27.31399917602539
2021-02-18,1773.4000244140625,1272.4000244140625,27.07699966430664
2021-02-19,1775.800048828125,1290.5999755859375,27.25200080871582
2021-02-22,1806.699951171875,1280.0,28.08300018310547
2021-02-23,1804.4000244140625,1237.4000244140625,27.68600082397461
2021-02-24,1796.4000244140625,1255.5999755859375,27.85700035095215
2021-02-25,1774.4000244140625,1229.699951171875,27.636999130249023
2021-02-26,1728.0999755859375,1183.5,26.402000427246094
2021-03-01,1722.5,1189.5999755859375,26.64699935913086
2021-03-02,1733.0999755859375,1212.699951171875,26.850000381469727
2021-03-03,1715.300048828125,1180.4000244140625,26.35700035095215
2021-03-04,1700.199951171875,1134.199951171875,25.43400001525879
2021-03-05,1698.0,1127.0999755859375,25.256999969482422
2021-03-08,1677.699951171875,1151.0999755859375,25.239999771118164
2021-03-09,1716.5999755859375,1174.199951171875,26.148000717163086
2021-03-10,1721.5,1200.5999755859375,26.101999282836914
2021-03-11,1722.300048828125,1201.0999755859375,26.16200065612793
2021-03-12,1719.5,1199.0999755859375,25.8799991607666
2021-03-15,1728.9000244140625,1208.300048828125,26.253000259399414
2021-03-16,1730.5999755859375,1217.9000244140625,25.974000930786133
2021-03-17,1726.800048828125,1198.0999755859375,26.030000686645508
2021-03-18,1732.199951171875,1216.199951171875,26.320999145507812
2021-03-19,1741.4000244140625,1198.9000244140625,26.29199981689453
2021-03-22,1737.800048828125,1182.800048828125,25.740999221801758
2021-03-23,1724.699951171875,1173.800048828125,25.200000762939453
2021-03-24,1732.9000244140625,1179.5999755859375,25.201000213623047
2021-03-25,1724.9000244140625,1153.699951171875,25.02199935913086
2021-03-26,1732.199951171875,1177.5,25.091999053955078
2021-03-29,1712.0999755859375,1181.300048828125,24.746999740600586
2021-03-30,1683.9000244140625,1157.699951171875,24.121000289916992
2021-03-31,1713.800048828125,1188.5,24.517000198364258
2021-04-01,1726.5,1206.199951171875,24.934999465942383
2021-04-02,1726.5,1206.199951171875,24.934999465942383
2021-04-05,1727.0,1207.0,24.76300048828125
2021-04-06,1741.5,1237.800048828125,25.211999893188477
2021-04-07,1740.0999755859375,1229.300048828125,25.232999801635742
2021-04-08,1756.800048828125,1233.300048828125,25.569000244140625
2021-04-09,1743.300048828125,1207.300048828125,25.31100082397461
2021-04-12,1731.199951171875,1172.199951171875,24.85300064086914
2021-04-13,1746.199951171875,1155.0,25.41699981689453
2021-04-14,1734.9000244140625,1175.199951171875,25.514999389648438
2021-04-15,1765.4000244140625,1197.800048828125,25.95599937438965
2021-04-16,1779.0,1206.199951171875,26.099000930786133
2021-04-19,1769.4000244140625,1204.0,25.83099937438965
2021-04-20,1777.300048828125,1193.800048828125,25.834999084472656
2021-04-21,1792.300048828125,1212.199951171875,26.565000534057617
2021-04-22,1781.199951171875,1206.0,26.173999786376953
2021-04-23,1777.0,1230.5,26.07699966430664
2021-04-26,1779.199951171875,1242.5999755859375,26.211000442504883
2021-04-27,1778.0,1246.9000244140625,26.41200065612793
2021-04-28,1773.199951171875,1209.4000244140625,26.08099937438965
2021-04-29,1768.0999755859375,1195.0999755859375,26.05299949645996
2021-04-30,1767.300048828125,1203.0,25.85300064086914
2021-05-03,1791.4000244140625,1227.9000244140625,26.94300079345703
2021-05-04,1775.800048828125,1229.5999755859375,26.538999557495117
2021-05-05,1784.0999755859375,1226.5999755859375,26.50200080871582
2021-05-06,1815.5,1255.5,27.461999893188477
2021-05-07,1831.0999755859375,1252.300048828125,27.461999893188477
2021-05-10,1837.5,1263.0,27.479000091552734
2021-05-11,1835.9000244140625,1238.699951171875,27.656999588012695
2021-05-12,1822.5999755859375,1223.5,27.231000900268555
2021-05-13,1823.800048828125,1204.5999755859375,27.04400062561035
2021-05-14,1837.9000244140625,1220.800048828125,27.35300064086914
2021-05-17,1867.5,1242.5,28.260000228881836
2021-05-18,1867.800048828125,1223.4000244140625,28.31399917602539
2021-05-19,1881.300048828125,1199.800048828125,28.007999420166016
2021-05-20,1881.800048828125,1203.199951171875,28.052000045776367
2021-05-21,1876.699951171875,1167.800048828125,27.472999572753906
2021-05-24,1884.5999755859375,1175.800048828125,27.886999130249023
2021-05-25,1898.0999755859375,1195.0999755859375,28.03700065612793
2021-05-26,1901.300048828125,1198.4000244140625,27.85300064086914
2021-05-27,1895.699951171875,1177.4000244140625,27.91900062561035
2021-05-28,1902.5,1180.800048828125,27.993000030517578
2021-05-31,1902.5,1180.800048828125,27.993000030517578
2021-06-01,1902.9000244140625,1198.4000244140625,28.08300018310547
2021-06-02,1907.5,1191.4000244140625,28.18600082397461
2021-06-03,1871.199951171875,1161.300048828125,27.459999084472656
2021-06-04,1889.800048828125,1163.199951171875,27.878999710083008
2021-06-07,1896.800048828125,1173.5999755859375,28.000999450683594
2021-06-08,1892.199951171875,1161.5999755859375,27.71500015258789
2021-06-09,1893.199951171875,1150.5999755859375,27.985000610351562
2021-06-10,1894.199951171875,1144.800048828125,28.014999389648438
2021-06-11,1877.4000244140625,1149.9000244140625,28.131000518798828
2021-06-14,1864.0,1164.0999755859375,28.02400016784668
2021-06-15,1854.5,1147.5999755859375,27.679000854492188
2021-06-16,1859.5,1141.0,27.799999237060547
2021-06-17,1773.800048828125,1054.300048828125,25.8439998626709
2021-06-18,1767.9000244140625,1040.0999755859375,25.95800018310547
2021-06-21,1781.800048828125,1049.699951171875,26.014999389648438
2021-06-22,1776.300048828125,1069.300048828125,25.847999572753906
2021-06-23,1782.300048828125,1085.699951171875,26.107999801635742
2021-06-24,1775.5999755859375,1093.0999755859375,26.047000885009766
2021-06-25,1776.5999755859375,1102.800048828125,26.082000732421875
2021-06-28,1779.5999755859375,1096.9000244140625,26.218000411987305
2021-06-29,1762.800048828125,1067.5,25.871999740600586
2021-06-30,1770.800048828125,1070.5,26.165000915527344
2021-07-01,1775.9000244140625,1078.4000244140625,26.075000762939453
2021-07-02,1782.5999755859375,1085.4000244140625,26.481000900268555
2021-07-05,1782.5999755859375,1085.4000244140625,26.481000900268555
2021-07-06,1793.5,1081.9000244140625,26.15399932861328
2021-07-07,1801.5,1080.199951171875,26.110000610351562
2021-07-08,1799.5999755859375,1073.199951171875,25.966999053955078
2021-07-09,1810.0,1094.4000244140625,26.211000442504883
2021-07-12,1805.5,1121.699951171875,26.216999053955078
2021-07-13,1809.4000244140625,1109.800048828125,26.114999771118164
2021-07-14,1824.300048828125,1126.5,26.246000289916992
2021-07-15,1828.4000244140625,1136.0,26.375
2021-07-16,1814.5,1107.0,25.777000427246094
2021-07-19,1808.699951171875,1069.300048828125,25.125999450683594
2021-07-20,1810.9000244140625,1064.300048828125,24.976999282836914
2021-07-21,1802.9000244140625,1073.5999755859375,25.238000869750977
2021-07-22,1805.0,1088.800048828125,25.364999771118164
2021-07-23,1801.4000244140625,1059.5999755859375,25.218000411987305
2021-07-26,1798.699951171875,1068.699951171875,25.295000076293945
2021-07-27,1799.5,1047.800048828125,24.631999969482422
2021-07-28,1799.5,1056.0999755859375,24.856000900268555
2021-07-29,1831.199951171875,1065.5,25.763999938964844
2021-07-30,1812.5999755859375,1046.9000244140625,25.527999877929688
2021-08-02,1818.0999755859375,1054.9000244140625,25.55699920654297
2021-08-03,1810.0999755859375,1045.800048828125,25.56599998474121
2021-08-04,1810.5,1020.4000244140625,25.445999145507812
2021-08-05,1805.0999755859375,1005.5,25.277000427246094
2021-08-06,1760.0,972.2999877929688,24.312000274658203
2021-08-09,1723.4000244140625,970.9000244140625,23.2549991607666
2021-08-10,1728.800048828125,987.2000122070312,23.37700080871582
2021-08-11,1750.4000244140625,1015.5,23.474000930786133
2021-08-12,1749.0,1017.2999877929688,23.104999542236328
2021-08-13,1775.199951171875,1025.5,23.76799964904785
2021-08-16,1786.9000244140625,1020.5,23.780000686645508
2021-08-17,1785.0,993.4000244140625,23.648000717163086
2021-08-18,1781.5999755859375,995.7999877929688,23.41200065612793
2021-08-19,1780.199951171875,970.5999755859375,23.219999313354492
2021-08-20,1781.0,993.5,23.104999542236328
2021-08-23,1803.199951171875,1013.4000244140625,23.64900016784668
2021-08-24,1805.5999755859375,1009.4000244140625,23.889999389648438
2021-08-25,1788.199951171875,992.7999877929688,23.770999908447266
2021-08-26,1792.199951171875,975.0,23.54599952697754
2021-08-27,1816.5999755859375,1005.7999877929688,24.059999465942383
2021-08-30,1809.0,1001.9000244140625,23.959999084472656
2021-08-31,1815.0,1013.9000244140625,23.959999084472656
2021-09-01,1813.0999755859375,1000.0,24.177000045776367
2021-09-02,1808.699951171875,993.9000244140625,23.875
2021-09-03,1830.9000244140625,1021.2000122070312,24.761999130249023
2021-09-06,1830.9000244140625,1021.2000122070312,24.761999130249023
2021-09-07,1795.9000244140625,995.4000244140625,24.333999633789062
2021-09-08,1790.699951171875,975.2999877929688,24.011999130249023
2021-09-09,1797.4000244140625,973.7999877929688,24.132999420166016
2021-09-10,1789.5999755859375,956.7000122070312,23.854999542236328
2021-09-13,1792.0,957.7000122070312,23.753000259399414
2021-09-14,1804.699951171875,939.0999755859375,23.841999053955078
2021-09-15,1792.4000244140625,932.4000244140625,23.759000778198242
2021-09-16,1754.5999755859375,925.2000122070312,22.75200080871582
2021-09-17,1749.4000244140625,932.5,22.295000076293945
2021-09-20,1761.800048828125,900.7999877929688,22.163000106811523
2021-09-21,1776.0,951.9000244140625,22.572999954223633
2021-09-22,1776.699951171875,1001.2999877929688,22.868999481201172
2021-09-23,1747.699951171875,997.2000122070312,22.642000198364258
2021-09-24,1749.699951171875,980.9000244140625,22.38800048828125
2021-09-27,1750.0,982.5999755859375,22.656999588012695
2021-09-28,1735.800048828125,960.5999755859375,22.43000030517578
2021-09-29,1721.5,944.2999877929688,21.458999633789062
2021-09-30,1755.300048828125,960.9000244140625,22.020999908447266
2021-10-01,1757.0,972.0999755859375,22.510000228881836
2021-10-04,1766.199951171875,960.2000122070312,22.618000030517578
2021-10-05,1759.5999755859375,959.0,22.582000732421875
2021-10-06,1760.5,975.7999877929688,22.506000518798828
2021-10-07,1757.9000244140625,983.9000244140625,22.631999969482422
2021-10-08,1756.300048828125,1026.5999755859375,22.679000854492188
2021-10-11,1754.5999755859375,1004.9000244140625,22.639999389648438
2021-10-12,1758.300048828125,1009.7000122070312,22.490999221801758
2021-10-13,1793.699951171875,1022.2999877929688,23.14900016784668
2021-10-14,1796.699951171875,1050.5,23.45599937438965
2021-10-15,1767.199951171875,1056.699951171875,23.327999114990234
2021-10-18,1764.800048828125,1035.9000244140625,23.243000030517578
2021-10-19,1769.699951171875,1044.5999755859375,23.86199951171875
2021-10-20,1784.0999755859375,1050.199951171875,24.423999786376953
2021-10-21,1781.199951171875,1047.699951171875,24.149999618530273
2021-10-22,1795.5,1050.199951171875,24.429000854492188
2021-10-25,1806.0,1062.199951171875,24.57200050354004
2021-10-26,1792.699951171875,1032.199951171875,24.086000442504883
2021-10-27,1797.9000244140625,1018.4000244140625,24.18899917602539
2021-10-28,1801.5999755859375,1022.7000122070312,24.117000579833984
2021-10-29,1783.0,1019.5999755859375,23.94499969482422
2021-11-01,1795.0999755859375,1066.300048828125,24.06399917602539
2021-11-02,1788.699951171875,1038.199951171875,23.5
2021-11-03,1763.5999755859375,1021.2999877929688,23.22599983215332
2021-11-04,1793.0,1028.199951171875,23.9060001373291
2021-11-05,1816.4000244140625,1034.699951171875,24.152000427246094
2021-11-08,1827.4000244140625,1058.9000244140625,24.53700065612793
2021-11-09,1830.199951171875,1060.199951171875,24.312999725341797
2021-11-10,1847.5999755859375,1075.800048828125,24.767000198364258
2021-11-11,1863.199951171875,1093.300048828125,25.301000595092773
2021-11-12,1867.9000244140625,1088.0999755859375,25.3439998626709
2021-11-15,1866.0999755859375,1095.800048828125,25.10700035095215
2021-11-16,1853.5999755859375,1073.0,24.944000244140625
2021-11-17,1869.699951171875,1067.699951171875,25.16699981689453
2021-11-18,1861.0,1055.0,24.900999069213867
2021-11-19,1851.199951171875,1034.5999755859375,24.780000686645508
2021-11-22,1806.0,1014.0,24.297000885009766
2021-11-23,1783.5,963.0999755859375,23.434999465942383
2021-11-24,1784.0999755859375,974.2999877929688,23.496000289916992
2021-11-25,1784.0999755859375,974.2999877929688,23.496000289916992
2021-11-26,1785.300048828125,953.4000244140625,23.10700035095215
2021-11-29,1782.300048828125,963.5999755859375,22.798999786376953
2021-11-30,1773.5999755859375,926.5999755859375,22.764999389648438
2021-12-01,1781.5999755859375,934.5,22.298999786376953
2021-12-02,1760.699951171875,932.4000244140625,22.280000686645508
2021-12-03,1782.0,925.5,22.44499969482422
2021-12-06,1777.5,935.9000244140625,22.22800064086914
2021-12-07,1782.5999755859375,949.2999877929688,22.48699951171875
2021-12-08,1783.4000244140625,955.2000122070312,22.389999389648438
2021-12-09,1774.5999755859375,937.2999877929688,21.974000930786133
2021-12-10,1782.9000244140625,933.7999877929688,22.15999984741211
2021-12-13,1786.300048828125,924.0999755859375,22.290000915527344
2021-12-14,1770.4000244140625,910.2999877929688,21.886999130249023
2021-12-15,1762.5999755859375,893.5999755859375,21.507999420166016
2021-12-16,1796.5999755859375,928.2999877929688,22.454999923706055
2021-12-17,1803.800048828125,933.9000244140625,22.506999969482422
2021-12-20,1793.699951171875,926.2000122070312,22.274999618530273
2021-12-21,1787.9000244140625,927.5,22.50200080871582
2021-12-22,1801.5999755859375,968.0999755859375,22.79199981689453
2021-12-23,1811.199951171875,974.5999755859375,22.930999755859375
2021-12-24,1811.199951171875,974.5999755859375,22.930999755859375
2021-12-27,1808.0999755859375,968.9000244140625,22.979000091552734
2021-12-28,1810.199951171875,979.0999755859375,23.111000061035156
2021-12-29,1805.0999755859375,968.2000122070312,22.847999572753906
2021-12-30,1812.699951171875,963.5999755859375,23.027999877929688
2021-12-31,1827.5,964.4000244140625,23.327999114990234
2022-01-03,1799.4000244140625,953.7000122070312,22.790000915527344
2022-01-04,1814.0,970.4000244140625,23.038000106811523
2022-01-05,1824.5999755859375,1001.9000244140625,23.149999618530273
2022-01-06,1788.699951171875,960.5999755859375,22.173999786376953
2022-01-07,1797.0,957.0,22.393999099731445
2022-01-10,1798.4000244140625,934.4000244140625,22.445999145507812
2022-01-11,1818.5999755859375,973.7999877929688,22.805999755859375
2022-01-12,1827.199951171875,979.9000244140625,23.200000762939453
2022-01-13,1821.199951171875,971.9000244140625,23.155000686645508
2022-01-14,1816.5,964.4000244140625,22.910999298095703
2022-01-17,1816.5,964.4000244140625,22.910999298095703
2022-01-18,1812.300048828125,979.2999877929688,23.48699951171875
2022-01-19,1843.0999755859375,1028.199951171875,24.22599983215332
2022-01-20,1842.5,1050.5999755859375,24.711000442504883
2022-01-21,1831.800048828125,1034.699951171875,24.31399917602539
2022-01-24,1841.699951171875,1019.9000244140625,23.795000076293945
2022-01-25,1852.699951171875,1023.7999877929688,23.895999908447266
2022-01-26,1829.9000244140625,1046.0999755859375,23.80699920654297
2022-01-27,1793.300048828125,1021.7000122070312,22.67300033569336
2022-01-28,1784.9000244140625,1004.9000244140625,22.302000045776367
2022-01-31,1795.0,1019.2000122070312,22.395000457763672
2022-02-01,1800.300048828125,1021.7999877929688,22.59600067138672
2022-02-02,1809.199951171875,1042.300048828125,22.711000442504883
2022-02-03,1803.0,1028.9000244140625,22.375
2022-02-04,1806.5999755859375,1022.7999877929688,22.475000381469727
2022-02-07,1820.5999755859375,1018.9000244140625,23.076000213623047
2022-02-08,1826.5999755859375,1035.199951171875,23.19499969482422
2022-02-09,1835.199951171875,1036.0,23.336000442504883
2022-02-10,1836.199951171875,1041.0999755859375,23.518999099731445
2022-02-11,1840.800048828125,1017.2999877929688,23.365999221801758
2022-02-14,1868.0,1026.5999755859375,23.844999313354492
2022-02-15,1854.800048828125,1019.0,23.33799934387207
2022-02-16,1870.199951171875,1062.199951171875,23.60099983215332
2022-02-17,1900.699951171875,1091.199951171875,23.874000549316406
2022-02-18,1898.5999755859375,1075.300048828125,23.990999221801758
2022-02-21,1898.5999755859375,1075.300048828125,23.990999221801758
2022-02-22,1906.0999755859375,1084.5,24.31100082397461
2022-02-23,1909.199951171875,1090.0999755859375,24.55500030517578
2022-02-24,1925.0999755859375,1060.4000244140625,24.68600082397461
2022-02-25,1886.5,1048.9000244140625,23.996999740600586
2022-02-28,1899.4000244140625,1037.800048828125,24.361000061035156
2022-03-01,1942.4000244140625,1051.0999755859375,25.534000396728516
2022-03-02,1920.9000244140625,1067.5999755859375,25.183000564575195
2022-03-03,1934.4000244140625,1080.0999755859375,25.204999923706055
2022-03-04,1965.0999755859375,1116.0999755859375,25.781999588012695
2022-03-07,1993.9000244140625,1115.9000244140625,25.71299934387207
2022-03-08,2040.0999755859375,1152.5,26.88800048828125
2022-03-09,1985.9000244140625,1106.699951171875,25.756999969482422
2022-03-10,1998.0999755859375,1094.4000244140625,26.20199966430664
2022-03-11,1982.699951171875,1087.800048828125,26.106000900268555
2022-03-14,1959.5999755859375,1051.5,25.243999481201172
2022-03-15,1928.5,1001.7999877929688,25.12299919128418
2022-03-16,1908.0,1007.4000244140625,24.670000076293945
2022-03-17,1942.0999755859375,1030.5999755859375,25.583999633789062
2022-03-18,1928.199951171875,1035.199951171875,25.05500030517578
2022-03-21,1928.5999755859375,1044.4000244140625,25.281999588012695
2022-03-22,1920.699951171875,1024.800048828125,24.885000228881836
2022-03-23,1936.5999755859375,1020.7000122070312,25.170000076293945
2022-03-24,1961.5999755859375,1030.5,25.899999618530273
2022-03-25,1953.800048828125,1007.7999877929688,25.594999313354492
2022-03-28,1939.5999755859375,990.4000244140625,25.176000595092773
2022-03-29,1912.0,972.2999877929688,24.715999603271484
2022-03-30,1933.5,996.7999877929688,25.10300064086914
2022-03-31,1949.199951171875,992.5,25.121000289916992
2022-04-01,1919.0999755859375,985.0,24.642000198364258
2022-04-04,1929.199951171875,986.5,24.583999633789062
2022-04-05,1922.9000244140625,969.4000244140625,24.527999877929688
2022-04-06,1918.4000244140625,950.0999755859375,24.454999923706055
2022-04-07,1933.800048828125,954.9000244140625,24.732999801635742
2022-04-08,1941.5999755859375,972.2000122070312,24.819000244140625
2022-04-11,1944.300048828125,973.9000244140625,24.97800064086914
2022-04-12,1972.0999755859375,969.0,25.725000381469727
2022-04-13,1981.0,985.2000122070312,26.020000457763672
2022-04-14,1970.9000244140625,989.5999755859375,25.690000534057617
2022-04-15,1970.9000244140625,989.5999755859375,25.690000534057617
2022-04-18,1982.9000244140625,1015.4000244140625,26.139999389648438
2022-04-19,1955.699951171875,984.4000244140625,25.391000747680664
2022-04-20,1952.300048828125,982.7999877929688,25.270000457763672
2022-04-21,1944.9000244140625,965.2999877929688,24.621000289916992
2022-04-22,1931.0,925.0999755859375,24.256999969482422
2022-04-25,1893.199951171875,902.2999877929688,23.667999267578125
2022-04-26,1901.4000244140625,911.9000244140625,23.54199981689453
2022-04-27,1885.9000244140625,910.0999755859375,23.45800018310547
2022-04-28,1888.699951171875,910.4000244140625,23.128999710083008
2022-04-29,1909.300048828125,937.5999755859375,23.040000915527344
2022-05-02,1861.800048828125,930.5999755859375,22.54400062561035
2022-05-03,1868.800048828125,956.5,22.621000289916992
2022-05-04,1867.0,978.2000122070312,22.36199951171875
2022-05-05,1874.0,971.7999877929688,22.399999618530273
2022-05-06,1881.199951171875,954.5999755859375,22.325000762939453
2022-05-09,1857.0999755859375,938.5,21.781999588012695
2022-05-10,1839.9000244140625,953.5,21.389999389648438
2022-05-11,1852.5999755859375,995.7000122070312,21.549999237060547
2022-05-12,1823.800048828125,936.9000244140625,20.756999969482422
2022-05-13,1807.4000244140625,936.4000244140625,20.983999252319336
2022-05-16,1813.5,929.0,21.53499984741211
2022-05-17,1818.199951171875,947.0999755859375,21.73699951171875
2022-05-18,1815.9000244140625,927.9000244140625,21.533000946044922
2022-05-19,1841.199951171875,957.5,21.898000717163086
2022-05-20,1841.800048828125,946.2000122070312,21.66900062561035
2022-05-23,1847.800048828125,955.5,21.722999572753906
2022-05-24,1865.0999755859375,946.7999877929688,22.062999725341797
2022-05-25,1846.199951171875,933.4000244140625,21.860000610351562
2022-05-26,1847.4000244140625,941.5,21.94099998474121
2022-05-27,1851.300048828125,945.5,22.059999465942383
2022-05-30,1851.300048828125,945.5,22.059999465942383
2022-05-31,1842.699951171875,969.2999877929688,21.650999069213867
2022-06-01,1843.300048828125,997.2000122070312,21.884000778198242
2022-06-02,1866.5,1029.199951171875,22.253999710083008
2022-06-03,1845.4000244140625,1017.2000122070312,21.889999389648438
2022-06-06,1839.199951171875,1030.800048828125,22.073999404907227
2022-06-07,1847.5,1013.7000122070312,22.159000396728516
2022-06-08,1851.9000244140625,1012.4000244140625,22.073999404907227
2022-06-09,1848.800048828125,976.7000122070312,21.797000885009766
2022-06-10,1871.5,971.7999877929688,21.913000106811523
2022-06-13,1828.0,933.0999755859375,21.236000061035156
2022-06-14,1809.5,911.5,20.93600082397461
2022-06-15,1815.300048828125,925.4000244140625,21.402000427246094
2022-06-16,1845.699951171875,951.9000244140625,21.867000579833984
2022-06-17,1835.5999755859375,931.0,21.572999954223633
2022-06-20,1835.5999755859375,931.0,21.572999954223633
2022-06-21,1834.5999755859375,940.0,21.753999710083008
2022-06-22,1834.300048828125,927.4000244140625,21.406999588012695
2022-06-23,1825.699951171875,904.9000244140625,21.031999588012695
2022-06-24,1826.5,904.5,21.115999221801758
2022-06-27,1820.9000244140625,904.9000244140625,21.159000396728516
2022-06-28,1817.5,910.5999755859375,20.797000885009766
2022-06-29,1813.699951171875,910.7999877929688,20.667999267578125
2022-06-30,1804.0999755859375,898.4000244140625,20.281999588012695
2022-07-01,1798.9000244140625,875.4000244140625,19.597000122070312
2022-07-04,1798.9000244140625,875.4000244140625,19.597000122070312
2022-07-05,1761.800048828125,856.7999877929688,19.052000045776367
2022-07-06,1734.9000244140625,847.7999877929688,19.084999084472656
2022-07-07,1737.9000244140625,876.4000244140625,19.121999740600586
2022-07-08,1740.5999755859375,894.0,19.16699981689453
2022-07-11,1730.0,872.2000122070312,19.066999435424805
2022-07-12,1723.300048828125,839.7000122070312,18.89900016784668
2022-07-13,1734.199951171875,849.9000244140625,19.13800048828125
2022-07-14,1704.5,830.5999755859375,18.16900062561035
2022-07-15,1702.4000244140625,844.2000122070312,18.54800033569336
2022-07-18,1709.199951171875,864.7999877929688,18.791000366210938
2022-07-19,1710.0,867.5999755859375,18.670000076293945
2022-07-20,1699.5,851.5,18.638999938964844
2022-07-21,1712.699951171875,857.0999755859375,18.687000274658203
2022-07-22,1727.0999755859375,861.2000122070312,18.584999084472656
2022-07-25,1719.0,864.2999877929688,18.29400062561035
2022-07-26,1717.699951171875,859.0999755859375,18.48699951171875
2022-07-27,1719.0999755859375,871.7999877929688,18.55299949645996
2022-07-28,1750.300048828125,871.9000244140625,19.82699966430664
2022-07-29,1762.9000244140625,884.9000244140625,20.1560001373291
2022-08-01,1769.0,896.7000122070312,20.32200050354004
2022-08-02,1771.0999755859375,900.0999755859375,20.104999542236328
2022-08-03,1758.0,885.5999755859375,19.864999771118164
2022-08-04,1788.5,922.4000244140625,20.099000930786133
2022-08-05,1772.9000244140625,921.9000244140625,19.819000244140625
2022-08-08,1786.800048828125,937.2999877929688,20.591999053955078
2022-08-09,1794.0,931.9000244140625,20.45800018310547
2022-08-10,1795.5999755859375,945.0,20.718000411987305
2022-08-11,1789.699951171875,958.2999877929688,20.326000213623047
2022-08-12,1798.5999755859375,958.2999877929688,20.677000045776367
2022-08-15,1781.4000244140625,932.5,20.250999450683594
2022-08-16,1773.199951171875,929.9000244140625,20.065000534057617
2022-08-17,1760.300048828125,918.0,19.711000442504883
2022-08-18,1755.300048828125,903.5999755859375,19.447999954223633
2022-08-19,1747.5999755859375,886.9000244140625,19.058000564575195
2022-08-22,1734.0,866.9000244140625,18.87299919128418
2022-08-23,1746.800048828125,875.2999877929688,19.011999130249023
2022-08-24,1747.800048828125,866.2999877929688,18.895000457763672
2022-08-25,1757.699951171875,873.2999877929688,19.111000061035156
2022-08-26,1736.0999755859375,854.5999755859375,18.739999771118164
2022-08-29,1736.5999755859375,853.5,18.55500030517578
2022-08-30,1723.199951171875,830.5999755859375,18.159000396728516
2022-08-31,1712.800048828125,826.4000244140625,17.761999130249023
2022-09-01,1696.5999755859375,804.0,17.551000595092773
2022-09-02,1709.800048828125,817.0999755859375,17.775999069213867
2022-09-05,1709.800048828125,817.0999755859375,17.775999069213867
2022-09-06,1700.4000244140625,832.7000122070312,17.795000076293945
2022-09-07,1715.300048828125,846.0,18.136999130249023
2022-09-08,1708.0,865.2000122070312,18.329999923706055
2022-09-09,1716.199951171875,876.0,18.658000946044922
2022-09-12,1728.0999755859375,903.2999877929688,19.7549991607666
2022-09-13,1705.0,882.7999877929688,19.389999389648438
2022-09-14,1696.5,904.5,19.47100067138672
2022-09-15,1665.4000244140625,905.0,19.174999237060547
2022-09-16,1671.699951171875,900.5,19.29599952697754
2022-09-19,1666.199951171875,918.0,19.273000717163086
2022-09-20,1659.699951171875,922.0,19.101999282836914
2022-09-21,1664.5999755859375,915.9000244140625,19.410999298095703
2022-09-22,1670.800048828125,905.7999877929688,19.54800033569336
2022-09-23,1645.300048828125,858.5,18.840999603271484
2022-09-26,1623.300048828125,849.9000244140625,18.4060001373291
2022-09-27,1626.699951171875,847.9000244140625,18.256999969482422
2022-09-28,1660.4000244140625,871.0999755859375,18.79599952697754
2022-09-29,1658.5,871.2999877929688,18.611000061035156
2022-09-30,1662.4000244140625,870.0,18.959999084472656
2022-10-03,1692.9000244140625,911.2999877929688,20.518999099731445
2022-10-04,1721.0999755859375,943.7000122070312,21.03700065612793
2022-10-05,1711.4000244140625,924.5999755859375,20.479000091552734
2022-10-06,1711.699951171875,931.7000122070312,20.594999313354492
2022-10-07,1700.5,929.2000122070312,20.191999435424805
2022-10-10,1667.300048828125,906.2000122070312,19.555999755859375
2022-10-11,1678.699951171875,909.5,19.427000045776367
2022-10-12,1670.300048828125,891.4000244140625,18.878000259399414
2022-10-13,1670.0,906.7999877929688,18.857999801635742
2022-10-14,1641.699951171875,905.2999877929688,18.014999389648438
2022-10-17,1657.0,924.0,18.673999786376953
2022-10-18,1649.0,917.7000122070312,18.570999145507812
2022-10-19,1627.5,891.5,18.336000442504883
2022-10-20,1630.800048828125,930.0999755859375,18.666000366210938
2022-10-21,1651.0,954.5999755859375,19.042999267578125
2022-10-24,1648.699951171875,947.2999877929688,19.173999786376953
2022-10-25,1652.800048828125,939.7000122070312,19.339000701904297
2022-10-26,1664.0,982.5,19.479999542236328
2022-10-27,1660.699951171875,987.4000244140625,19.47800064086914
2022-10-28,1639.5999755859375,958.4000244140625,19.14699935913086
2022-10-31,1635.9000244140625,939.4000244140625,19.125
2022-11-01,1645.0,959.7999877929688,19.67300033569336
2022-11-02,1645.699951171875,960.2000122070312,19.600000381469727
2022-11-03,1627.300048828125,933.4000244140625,19.43600082397461
2022-11-04,1672.5,969.7999877929688,20.790000915527344
2022-11-07,1676.5,998.7000122070312,20.898000717163086
2022-11-08,1712.0999755859375,1023.7999877929688,21.476999282836914
2022-11-09,1710.0999755859375,1006.5999755859375,21.29800033569336
2022-11-10,1750.300048828125,1064.300048828125,21.677000045776367
2022-11-11,1766.0,1047.4000244140625,21.645999908447266
2022-11-14,1773.5999755859375,1042.300048828125,22.091999053955078
2022-11-15,1773.800048828125,1031.699951171875,21.499000549316406
2022-11-16,1773.0,1025.5,21.503999710083008
2022-11-17,1760.800048828125,1000.7999877929688,20.954999923706055
2022-11-18,1751.9000244140625,1002.0,20.97599983215332
2022-11-21,1737.4000244140625,1005.5999755859375,20.849000930786133
2022-11-22,1738.300048828125,1013.4000244140625,21.034000396728516
2022-11-23,1744.9000244140625,1014.5,21.35700035095215
2022-11-24,1744.9000244140625,1014.5,21.35700035095215
2022-11-25,1753.300048828125,1005.5,21.424999237060547
2022-11-28,1740.0999755859375,1017.0,20.90999984741211
2022-11-29,1748.4000244140625,1021.5999755859375,21.20400047302246
2022-11-30,1746.0,1052.300048828125,21.549999237060547
2022-12-01,1801.0999755859375,1067.9000244140625,22.636999130249023
2022-12-02,1795.9000244140625,1039.5999755859375,23.038000106811523
2022-12-05,1767.4000244140625,1020.5,22.198999404907227
2022-12-06,1769.300048828125,1008.4000244140625,22.12299919128418
2022-12-07,1785.5,1024.5,22.709999084472656
2022-12-08,1788.699951171875,1027.5999755859375,23.062999725341797
2022-12-09,1798.0999755859375,1049.199951171875,23.53499984741211
2022-12-12,1780.5,1021.0,23.219999313354492
2022-12-13,1813.9000244140625,1051.9000244140625,23.801000595092773
2022-12-14,1807.5,1051.699951171875,23.945999145507812
2022-12-15,1777.199951171875,1026.199951171875,23.128000259399414
2022-12-16,1790.0,1013.0,23.150999069213867
2022-12-19,1787.699951171875,1000.7000122070312,23.02899932861328
2022-12-20,1815.9000244140625,1026.0,24.0939998626709
2022-12-21,1815.9000244140625,1015.0,24.03499984741211
2022-12-22,1787.0,997.5999755859375,23.47599983215332
2022-12-23,1795.9000244140625,1042.5999755859375,23.763999938964844
2022-12-26,1795.9000244140625,1042.5999755859375,23.763999938964844
2022-12-27,1814.800048828125,1042.699951171875,24.040000915527344
2022-12-28,1807.9000244140625,1029.800048828125,23.663000106811523
2022-12-29,1819.5,1049.699951171875,24.077999114990234
2022-12-30,1819.699951171875,1073.699951171875,23.86199951171875
2023-01-02,1819.699951171875,1073.699951171875,23.86199951171875
2023-01-03,1839.699951171875,1082.0,24.05900001525879
2023-01-04,1852.800048828125,1080.699951171875,23.79199981689453
2023-01-05,1834.800048828125,1059.0999755859375,23.257999420166016
2023-01-06,1864.199951171875,1092.5999755859375,23.82200050354004
2023-01-09,1872.699951171875,1086.300048828125,23.711999893188477
2023-01-10,1871.5999755859375,1076.5999755859375,23.506999969482422
2023-01-11,1874.5999755859375,1073.800048828125,23.32699966430664
2023-01-12,1895.5,1074.5999755859375,23.863000869750977
2023-01-13,1918.4000244140625,1063.699951171875,24.231000900268555
2023-01-16,1918.4000244140625,1063.699951171875,24.231000900268555
2023-01-17,1907.199951171875,1037.5,23.944000244140625
2023-01-18,1904.4000244140625,1034.5,23.530000686645508
2023-01-19,1922.0999755859375,1032.0,23.753999710083008
2023-01-20,1926.4000244140625,1038.0999755859375,23.829999923706055
2023-01-23,1927.0999755859375,1046.699951171875,23.45199966430664
2023-01-24,1933.9000244140625,1057.699951171875,23.64900016784668
2023-01-25,1941.199951171875,1037.0,23.839000701904297
2023-01-26,1929.0999755859375,1013.5999755859375,23.93000030517578
2023-01-27,1928.5999755859375,1007.4000244140625,23.527000427246094
2023-01-30,1922.9000244140625,1011.4000244140625,23.645000457763672
2023-01-31,1929.5,1012.0,23.74799919128418
2023-02-01,1927.800048828125,992.5999755859375,23.520999908447266
2023-02-02,1916.300048828125,1023.5,23.534000396728516
2023-02-03,1862.9000244140625,971.7999877929688,22.333999633789062
2023-02-06,1866.199951171875,966.0999755859375,22.177000045776367
2023-02-07,1871.699951171875,977.7000122070312,22.117000579833984
2023-02-08,1877.4000244140625,978.7000122070312,22.367000579833984
2023-02-09,1866.199951171875,957.9000244140625,22.097000122070312
2023-02-10,1862.800048828125,945.5999755859375,22.034000396728516
2023-02-13,1851.9000244140625,953.2999877929688,21.81800079345703
2023-02-14,1854.0,933.0999755859375,21.841999053955078
2023-02-15,1834.199951171875,911.7000122070312,21.54599952697754
2023-02-16,1842.0,925.0999755859375,21.68400001525879
2023-02-17,1840.4000244140625,915.5,21.694000244140625
2023-02-20,1840.4000244140625,915.5,21.694000244140625
2023-02-21,1833.0,942.7000122070312,21.868999481201172
2023-02-22,1832.0,947.4000244140625,21.660999298095703
2023-02-23,1818.0,939.5999755859375,21.298999786376953
2023-02-24,1808.800048828125,902.0,20.805999755859375
2023-02-27,1817.0,941.5999755859375,20.670000076293945
2023-02-28,1828.9000244140625,955.2000122070312,20.961000442504883
2023-03-01,1837.699951171875,961.5,20.958999633789062
2023-03-02,1833.5,962.9000244140625,20.766000747680664
2023-03-03,1847.699951171875,977.2000122070312,21.093000411987305
2023-03-06,1847.9000244140625,976.0999755859375,20.983999252319336
2023-03-07,1813.9000244140625,933.4000244140625,20.054000854492188
2023-03-08,1812.699951171875,938.0999755859375,20.0049991607666
2023-03-09,1829.300048828125,946.7999877929688,20.024999618530273
2023-03-10,1862.0,959.7000122070312,20.375
2023-03-13,1911.699951171875,1002.5,21.792999267578125
2023-03-14,1906.199951171875,994.9000244140625,21.929000854492188
2023-03-15,1926.5999755859375,967.9000244140625,21.77400016784668
2023-03-16,1919.0,974.7000122070312,21.58799934387207
2023-03-17,1969.800048828125,976.7000122070312,22.35099983215332
2023-03-20,1979.199951171875,994.9000244140625,22.533000946044922
2023-03-21,1938.0,974.7999877929688,22.323999404907227
2023-03-22,1946.800048828125,985.0999755859375,22.674999237060547
2023-03-23,1993.800048828125,991.0,23.143999099731445
2023-03-24,1982.0999755859375,982.0,23.246999740600586
2023-03-27,1952.4000244140625,975.2000122070312,23.054000854492188
2023-03-28,1972.4000244140625,961.5,23.323999404907227
2023-03-29,1966.0999755859375,963.5999755859375,23.375999450683594
2023-03-30,1980.300048828125,985.2000122070312,23.902000427246094
2023-03-31,1969.0,994.0999755859375,24.076000213623047
2023-04-03,1983.9000244140625,986.9000244140625,23.94099998474121
2023-04-04,2022.199951171875,1018.7000122070312,25.02199935913086
2023-04-05,2020.9000244140625,997.5,24.96299934387207
2023-04-06,2011.9000244140625,1006.9000244140625,25.024999618530273
2023-04-07,2011.9000244140625,1006.9000244140625,25.024999618530273
2023-04-10,1989.0999755859375,993.0999755859375,24.84600067138672
2023-04-11,2004.800048828125,995.5999755859375,25.131000518798828
2023-04-12,2010.9000244140625,1018.0,25.40399932861328
2023-04-13,2041.300048828125,1056.0999755859375,25.874000549316406
2023-04-14,2002.199951171875,1044.5999755859375,25.423999786376953
2023-04-17,1994.199951171875,1050.4000244140625,25.05299949645996
2023-04-18,2007.4000244140625,1087.9000244140625,25.24799919128418
2023-04-19,1995.199951171875,1096.699951171875,25.365999221801758
2023-04-20,2007.5999755859375,1098.699951171875,25.368000030517578
2023-04-21,1979.5,1129.800048828125,25.05299949645996
2023-04-24,1989.0999755859375,1088.800048828125,25.305999755859375
2023-04-25,1994.0,1089.300048828125,24.87700080871582
2023-04-26,1985.699951171875,1097.0999755859375,24.871000289916992
2023-04-27,1989.9000244140625,1091.300048828125,24.982999801635742
2023-04-28,1990.0999755859375,1088.199951171875,24.999000549316406
2023-05-01,1983.4000244140625,1062.800048828125,25.009000778198242
2023-05-02,2014.300048828125,1076.4000244140625,25.40399932861328
2023-05-03,2028.5999755859375,1059.9000244140625,25.47599983215332
2023-05-04,2048.0,1048.4000244140625,26.03499984741211
2023-05-05,2017.4000244140625,1066.4000244140625,25.743000030517578
2023-05-08,2026.300048828125,1088.800048828125,25.63599967956543
2023-05-09,2036.199951171875,1117.0999755859375,25.697999954223633
2023-05-10,2030.5,1122.199951171875,25.461000442504883
2023-05-11,2014.699951171875,1108.0999755859375,24.2549991607666
2023-05-12,2014.5,1070.0999755859375,23.992000579833984
2023-05-15,2018.0,1077.800048828125,24.12700080871582
2023-05-16,1988.4000244140625,1070.0,23.73699951171875
2023-05-17,1980.699951171875,1085.699951171875,23.75200080871582
2023-05-18,1956.5,1061.300048828125,23.4950008392334
2023-05-19,1978.699951171875,1078.800048828125,23.920000076293945
2023-05-22,1974.800048828125,1080.4000244140625,23.71500015258789
2023-05-23,1972.4000244140625,1060.699951171875,23.474000930786133
2023-05-24,1962.800048828125,1032.5999755859375,23.114999771118164
2023-05-25,1943.0999755859375,1029.4000244140625,22.785999298095703
2023-05-26,1944.0999755859375,1031.199951171875,23.239999771118164
2023-05-29,1944.0999755859375,1031.199951171875,23.239999771118164
2023-05-30,1958.0,1030.0,23.125
2023-05-31,1963.9000244140625,1007.0999755859375,23.474000930786133
2023-06-01,1978.0,1018.2000122070312,23.875
2023-06-02,1952.4000244140625,1011.5999755859375,23.64299964904785
2023-06-05,1958.0,1044.5,23.534000396728516
2023-06-06,1965.5,1046.800048828125,23.573999404907227
2023-06-07,1942.699951171875,1032.699951171875,23.43899917602539
2023-06-08,1963.5999755859375,1022.0,24.263999938964844
2023-06-09,1962.199951171875,1020.9000244140625,24.333999633789062
2023-06-12,1955.300048828125,1003.4000244140625,23.985000610351562
2023-06-13,1944.5999755859375,990.0,23.756000518798828
2023-06-14,1955.300048828125,988.0999755859375,24.04400062561035
2023-06-15,1957.800048828125,1000.0,23.891000747680664
2023-06-16,1958.4000244140625,995.4000244140625,24.076000213623047
2023-06-19,1958.4000244140625,995.4000244140625,24.076000213623047
2023-06-20,1935.5,976.0999755859375,23.19300079345703
2023-06-21,1933.300048828125,957.0999755859375,22.77400016784668
2023-06-22,1912.699951171875,934.5999755859375,22.43600082397461
2023-06-23,1919.0999755859375,931.7999877929688,22.327999114990234
2023-06-26,1923.699951171875,936.7000122070312,22.80500030517578
2023-06-27,1914.0,936.5999755859375,22.93899917602539
2023-06-28,1912.300048828125,923.4000244140625,22.868000030517578
2023-06-29,1909.199951171875,897.7999877929688,22.590999603271484
2023-06-30,1921.0999755859375,904.5,22.809999465942383
2023-07-03,1921.699951171875,909.2999877929688,22.895999908447266
2023-07-04,1921.699951171875,909.2999877929688,22.895999908447266
2023-07-05,1919.5999755859375,918.0999755859375,23.19700050354004
2023-07-06,1908.699951171875,904.5,22.68600082397461
2023-07-07,1926.199951171875,910.0999755859375,23.091999053955078
2023-07-10,1925.0,929.2000122070312,23.150999069213867
2023-07-11,1931.300048828125,925.5999755859375,23.086000442504883
2023-07-12,1956.199951171875,948.9000244140625,24.118999481201172
2023-07-13,1959.199951171875,975.2999877929688,24.76799964904785
2023-07-14,1960.0999755859375,974.0,25.013999938964844
2023-07-17,1952.4000244140625,977.7999877929688,24.8439998626709
2023-07-18,1977.199951171875,985.2000122070312,25.083999633789062
2023-07-19,1977.5,975.4000244140625,25.2189998626709
2023-07-20,1968.300048828125,954.7000122070312,24.80500030517578
2023-07-21,1964.300048828125,963.0999755859375,24.697999954223633
2023-07-24,1960.300048828125,960.5,24.43600082397461
2023-07-25,1962.0999755859375,967.7000122070312,24.68000030517578
2023-07-26,1968.9000244140625,964.0,24.825000762939453
2023-07-27,1945.4000244140625,937.0,24.236000061035156
2023-07-28,1960.4000244140625,937.5999755859375,24.3700008392334
2023-07-31,1970.5,949.7000122070312,24.854000091552734
2023-08-01,1940.699951171875,931.4000244140625,24.20800018310547
2023-08-02,1937.4000244140625,921.2999877929688,23.753999710083008
2023-08-03,1932.0,912.7999877929688,23.586000442504883
2023-08-04,1939.5999755859375,919.4000244140625,23.617000579833984
2023-08-07,1933.5,921.5,23.142000198364258
2023-08-08,1924.0999755859375,897.9000244140625,22.716999053955078
2023-08-09,1915.4000244140625,886.2000122070312,22.649999618530273
2023-08-10,1914.4000244140625,908.2000122070312,22.746000289916992
2023-08-11,1912.9000244140625,907.9000244140625,22.673999786376953
2023-08-14,1910.5999755859375,900.0999755859375,22.643999099731445
2023-08-15,1902.5,885.9000244140625,22.594999313354492
2023-08-16,1896.0999755859375,885.2999877929688,22.479999542236328
2023-08-17,1884.0999755859375,889.5999755859375,22.670000076293945
2023-08-18,1886.0999755859375,909.2000122070312,22.69499969482422
2023-08-21,1893.300048828125,908.0,23.304000854492188
2023-08-22,1896.4000244140625,919.5,23.420000076293945
2023-08-23,1918.5,932.7000122070312,24.363000869750977
2023-08-24,1918.199951171875,939.0999755859375,24.211000442504883
2023-08-25,1911.0999755859375,944.2999877929688,24.219999313354492
2023-08-28,1917.9000244140625,968.2999877929688,24.238000869750977
2023-08-29,1936.5,982.2000122070312,24.777000427246094
2023-08-30,1944.300048828125,980.2000122070312,24.733999252319336
2023-08-31,1938.199951171875,971.2999877929688,24.472000122070312
2023-09-01,1939.800048828125,965.5999755859375,24.23200035095215
2023-09-04,1939.800048828125,965.5999755859375,24.23200035095215
2023-09-05,1926.199951171875,930.4000244140625,23.558000564575195
2023-09-06,1918.0999755859375,912.2000122070312,23.20599937438965
2023-09-07,1917.5,906.5,22.950000762939453
2023-09-08,1918.4000244140625,891.7000122070312,22.892000198364258
2023-09-11,1923.300048828125,899.2000122070312,23.10300064086914
2023-09-12,1911.300048828125,909.7000122070312,23.12700080871582
2023-09-13,1909.0999755859375,902.0999755859375,22.91200065612793
2023-09-14,1910.0,908.0,22.74799919128418
2023-09-15,1923.699951171875,926.4000244140625,23.125999450683594
2023-09-18,1931.5,938.2999877929688,23.23200035095215
2023-09-19,1932.0,948.4000244140625,23.194000244140625
2023-09-20,1945.5999755859375,942.2999877929688,23.57900047302246
2023-09-21,1919.199951171875,924.5999755859375,23.444000244140625
2023-09-22,1925.4000244140625,934.0999755859375,23.59600067138672
2023-09-25,1916.5999755859375,917.5,23.145000457763672
2023-09-26,1900.4000244140625,906.5,22.950000762939453
2023-09-27,1871.5999755859375,886.7999877929688,22.476999282836914
2023-09-28,1860.4000244140625,905.2999877929688,22.514999389648438
2023-09-29,1848.0999755859375,906.7999877929688,22.236000061035156
2023-10-02,1830.0,876.9000244140625,21.218000411987305
2023-10-03,1824.5999755859375,868.2999877929688,21.17799949645996
2023-10-04,1818.5,864.5,20.95599937438965
2023-10-05,1816.5999755859375,852.7999877929688,20.847999572753906
2023-10-06,1830.199951171875,871.7000122070312,21.540000915527344
2023-10-09,1849.5,879.2000122070312,21.740999221801758
2023-10-10,1861.0,880.5,21.775999069213867
2023-10-11,1872.800048828125,881.5999755859375,21.957000732421875
2023-10-12,1869.300048828125,867.0,21.79199981689453
2023-10-13,1927.4000244140625,875.5,22.726999282836914
2023-10-16,1921.0999755859375,890.4000244140625,22.610000610351562
2023-10-17,1922.699951171875,896.9000244140625,22.863000869750977
2023-10-18,1955.300048828125,884.5999755859375,22.944000244140625
2023-10-19,1968.4000244140625,889.2999877929688,22.886999130249023
2023-10-20,1982.5,896.7000122070312,23.35099983215332
2023-10-23,1976.300048828125,896.5999755859375,23.07200050354004
2023-10-24,1975.0,884.5999755859375,22.979999542236328
2023-10-25,1984.0999755859375,904.7999877929688,22.87700080871582
2023-10-26,1987.199951171875,900.0999755859375,22.78700065612793
2023-10-27,1988.5999755859375,897.2000122070312,22.770000457763672
2023-10-30,1996.199951171875,931.7999877929688,23.281999588012695
2023-10-31,1985.199951171875,936.5,22.840999603271484
2023-11-01,1978.800048828125,922.5999755859375,22.684999465942383
2023-11-02,1985.5999755859375,922.5,22.750999450683594
2023-11-03,1991.5,936.5999755859375,23.201000213623047
2023-11-06,1981.5999755859375,910.2000122070312,23.14900016784668
2023-11-07,1966.800048828125,891.5,22.507999420166016
2023-11-08,1951.5,865.4000244140625,22.64699935913086
2023-11-09,1964.199951171875,856.5999755859375,22.83099937438965
2023-11-10,1932.5999755859375,838.5999755859375,22.21500015258789
2023-11-13,1945.5,857.0,22.298999786376953
2023-11-14,1961.800048828125,886.2000122070312,23.07900047302246
2023-11-15,1960.0999755859375,895.2999877929688,23.485000610351562
2023-11-16,1983.9000244140625,897.0999755859375,23.892000198364258
2023-11-17,1981.5999755859375,894.7000122070312,23.80900001525879
2023-11-20,1977.699951171875,921.5,23.57900047302246
2023-11-21,1999.300048828125,940.0,23.843000411987305
2023-11-22,1991.4000244140625,924.5999755859375,23.672000885009766
2023-11-23,1991.4000244140625,924.5999755859375,23.672000885009766
2023-11-24,2002.199951171875,931.0999755859375,24.32900047302246
2023-11-27,2011.800048828125,917.0999755859375,24.672000885009766
2023-11-28,2039.699951171875,944.0999755859375,24.93000030517578
2023-11-29,2047.0999755859375,936.4000244140625,25.07200050354004
2023-11-30,2038.0999755859375,931.2000122070312,25.292999267578125
2023-12-01,2071.0,932.0,25.499000549316406
2023-12-04,2024.0999755859375,921.0999755859375,24.55500030517578
2023-12-05,2018.5,902.5999755859375,24.201000213623047
2023-12-06,2030.5,889.7000122070312,23.888999938964844
2023-12-07,2029.9000244140625,908.0999755859375,23.73200035095215
2023-12-08,1998.300048828125,916.2000122070312,22.97100067138672
2023-12-11,1978.0,912.0999755859375,22.773000717163086
2023-12-12,1977.800048828125,927.4000244140625,22.72800064086914
2023-12-13,1982.300048828125,918.5,22.638999938964844
2023-12-14,2030.199951171875,965.0999755859375,24.09600067138672
2023-12-15,2021.0999755859375,949.7999877929688,23.8700008392334
2023-12-18,2026.300048828125,951.5,23.83099937438965
2023-12-19,2038.4000244140625,963.0,24.040000915527344
2023-12-20,2034.5,971.2999877929688,24.347000122070312
2023-12-21,2039.0999755859375,967.5999755859375,24.30699920654297
2023-12-22,2057.10009765625,979.5,24.290000915527344
2023-12-25,2057.10009765625,979.5,24.290000915527344
2023-12-26,2058.199951171875,980.0999755859375,24.143999099731445
2023-12-27,2081.89990234375,1000.0999755859375,24.375
2023-12-28,2073.89990234375,1007.4000244140625,24.134000778198242
2023-12-29,2062.39990234375,995.0,23.85300064086914
2024-01-01,2062.39990234375,995.0,23.85300064086914
2024-01-02,2064.39990234375,985.5,23.732999801635742
2024-01-03,2034.199951171875,974.4000244140625,22.945999145507812
2024-01-04,2042.300048828125,953.9000244140625,22.98900032043457
2024-01-05,2042.4000244140625,959.2999877929688,23.121999740600586
2024-01-08,2026.5999755859375,946.7000122070312,23.1200008392334
2024-01-09,2026.4000244140625,931.0,22.90399932861328
2024-01-10,2021.699951171875,918.7999877929688,22.884000778198242
2024-01-11,2014.300048828125,909.0,22.53700065612793
2024-01-12,2046.699951171875,910.0999755859375,23.16200065612793
2024-01-15,2046.699951171875,910.0999755859375,23.16200065612793
2024-01-16,2026.0,895.0999755859375,22.933000564575195
2024-01-17,2002.5999755859375,882.7999877929688,22.516000747680664
2024-01-18,2018.5999755859375,903.2999877929688,22.66699981689453
2024-01-19,2026.5,897.2999877929688,22.570999145507812
2024-01-22,2019.800048828125,894.4000244140625,22.163000106811523
2024-01-23,2023.699951171875,896.2000122070312,22.333999633789062
2024-01-24,2013.9000244140625,905.5999755859375,22.7549991607666
2024-01-25,2016.9000244140625,887.4000244140625,22.808000564575195
2024-01-26,2016.800048828125,911.2999877929688,22.7549991607666
2024-01-29,2025.199951171875,928.5999755859375,23.13800048828125
2024-01-30,2031.5,923.2999877929688,23.10700035095215
2024-01-31,2048.39990234375,924.4000244140625,23.051000595092773
2024-02-01,2053.0,914.0,23.1299991607666
2024-02-02,2036.0999755859375,893.7999877929688,22.701000213623047
2024-02-05,2025.699951171875,895.9000244140625,22.334999084472656
2024-02-06,2034.5,903.2000122070312,22.39299964904785
2024-02-07,2035.199951171875,879.4000244140625,22.277999877929688
2024-02-08,2032.199951171875,886.5999755859375,22.565000534057617
2024-02-09,2023.300048828125,871.4000244140625,22.527999877929688
2024-02-12,2018.199951171875,891.0999755859375,22.708999633789062
2024-02-13,1992.9000244140625,872.7000122070312,22.09600067138672
2024-02-14,1990.300048828125,891.2000122070312,22.33099937438965
2024-02-15,2002.0999755859375,899.0999755859375,22.91200065612793
2024-02-16,2011.5,907.5999755859375,23.43899917602539
2024-02-19,2011.5,907.5999755859375,23.43899917602539
2024-02-20,2027.5,909.7000122070312,23.106000900268555
2024-02-21,2022.300048828125,885.0,22.85099983215332
2024-02-22,2019.699951171875,901.7000122070312,22.764999389648438
2024-02-23,2038.5999755859375,906.0,22.9689998626709
2024-02-26,2028.5,876.7999877929688,22.517000198364258
2024-02-27,2034.0,892.7999877929688,22.523000717163086
2024-02-28,2033.0,880.7000122070312,22.40999984741211
2024-02-29,2045.699951171875,879.9000244140625,22.666000366210938
2024-03-01,2086.89990234375,884.2000122070312,23.149999618530273
2024-03-04,2117.699951171875,900.5,23.77899932861328
2024-03-05,2133.5,883.2999877929688,23.76300048828125
2024-03-06,2150.300048828125,910.7000122070312,24.27199935913086
2024-03-07,2158.0,920.0999755859375,24.3700008392334
2024-03-08,2178.60009765625,912.0,24.339000701904297
2024-03-11,2182.5,937.7000122070312,24.511999130249023
2024-03-12,2160.39990234375,925.4000244140625,24.194000244140625
2024-03-13,2175.39990234375,942.2999877929688,24.958999633789062
2024-03-14,2163.0,933.4000244140625,24.874000549316406
2024-03-15,2157.300048828125,941.2000122070312,25.200000762939453
2024-03-18,2160.699951171875,918.5,25.090999603271484
2024-03-19,2156.300048828125,898.9000244140625,24.964000701904297
2024-03-20,2157.89990234375,897.0999755859375,24.933000564575195
2024-03-21,2182.39990234375,910.7000122070312,24.849000930786133
2024-03-22,2158.10009765625,896.0999755859375,24.691999435424805
2024-03-25,2174.800048828125,906.7000122070312,24.7450008392334
2024-03-26,2175.60009765625,908.5999755859375,24.482999801635742
2024-03-27,2190.60009765625,895.9000244140625,24.625
2024-03-28,2217.39990234375,907.7000122070312,24.797000885009766
2024-03-29,2217.39990234375,907.7000122070312,24.797000885009766
2024-04-01,2236.5,900.9000244140625,24.95400047302246
2024-04-02,2261.0,922.2000122070312,25.804000854492188
2024-04-03,2294.39990234375,934.0,26.94499969482422
2024-04-04,2288.800048828125,939.7999877929688,27.139999389648438
2024-04-05,2325.699951171875,928.5,27.399999618530273
2024-04-08,2331.699951171875,961.9000244140625,27.711999893188477
2024-04-09,2343.5,972.4000244140625,27.891000747680664
2024-04-10,2329.60009765625,964.5999755859375,27.961000442504883
2024-04-11,2354.800048828125,976.0999755859375,28.176000595092773
2024-04-12,2356.199951171875,990.5,28.2549991607666
2024-04-15,2365.800048828125,969.7999877929688,28.650999069213867
2024-04-16,2390.800048828125,964.0,28.31800079345703
2024-04-17,2371.699951171875,942.7000122070312,28.34600067138672
2024-04-18,2382.300048828125,945.2999877929688,28.32900047302246
2024-04-19,2398.39990234375,934.0999755859375,28.808000564575195
2024-04-22,2332.199951171875,922.2000122070312,27.21299934387207
2024-04-23,2327.699951171875,913.7000122070312,27.33099937438965
2024-04-24,2324.5,910.0,27.323999404907227
2024-04-25,2329.800048828125,913.7000122070312,27.341999053955078
2024-04-26,2334.800048828125,914.2999877929688,27.240999221801758
2024-04-29,2345.39990234375,954.0999755859375,27.37299919128418
2024-04-30,2291.39990234375,941.2000122070312,26.391000747680664
2024-05-01,2299.89990234375,949.0,26.48900032043457
2024-05-02,2299.199951171875,956.7000122070312,26.58300018310547
2024-05-03,2299.0,959.5999755859375,26.44499969482422
2024-05-06,2321.60009765625,959.2999877929688,27.368999481201172
2024-05-07,2315.199951171875,981.4000244140625,27.30299949645996
2024-05-08,2313.60009765625,978.5999755859375,27.361000061035156
2024-05-09,2332.10009765625,984.7000122070312,28.131999969482422
2024-05-10,2367.300048828125,1001.0999755859375,28.274999618530273
2024-05-13,2336.10009765625,1005.2999877929688,28.22100067138672
2024-05-14,2353.39990234375,1039.300048828125,28.485000610351562
2024-05-15,2388.699951171875,1063.300048828125,29.513999938964844
2024-05-16,2380.0,1065.4000244140625,29.665000915527344
2024-05-17,2412.199951171875,1084.5999755859375,31.047000885009766
2024-05-20,2433.89990234375,1059.699951171875,32.20500183105469
2024-05-21,2421.699951171875,1056.699951171875,31.868000030517578
2024-05-22,2389.199951171875,1044.0999755859375,31.295000076293945
2024-05-23,2335.0,1025.699951171875,30.284000396728516
2024-05-24,2332.5,1034.800048828125,30.329999923706055
2024-05-27,2332.5,1034.800048828125,30.329999923706055
2024-05-28,2355.199951171875,1061.699951171875,31.97100067138672
2024-05-29,2340.300048828125,1042.699951171875,32.202999114990234
2024-05-30,2342.89990234375,1032.9000244140625,31.38800048828125
2024-05-31,2322.89990234375,1037.699951171875,30.297000885009766
2024-06-03,2346.60009765625,1018.5,30.641000747680664
2024-06-04,2325.5,991.5999755859375,29.488000869750977
2024-06-05,2354.10009765625,996.0,29.947999954223633
2024-06-06,2370.300048828125,1008.2999877929688,31.246999740600586
2024-06-07,2305.199951171875,967.7999877929688,29.334999084472656
2024-06-10,2307.699951171875,972.5,29.768999099731445
2024-06-11,2307.5,955.5999755859375,29.132999420166016
2024-06-12,2336.0,968.2000122070312,30.176000595092773
2024-06-13,2300.199951171875,951.2999877929688,28.989999771118164
2024-06-14,2331.39990234375,955.2999877929688,29.402000427246094
2024-06-17,2312.39990234375,967.7999877929688,29.325000762939453
2024-06-18,2330.39990234375,974.0999755859375,29.5049991607666
2024-06-19,2330.39990234375,974.0999755859375,29.5049991607666
2024-06-20,2353.800048828125,981.5999755859375,30.775999069213867
2024-06-21,2316.39990234375,993.7000122070312,29.572999954223633
2024-06-24,2330.0,999.0999755859375,29.48900032043457
2024-06-25,2316.60009765625,983.7000122070312,28.836999893188477
2024-06-26,2299.199951171875,1020.7000122070312,28.909000396728516
2024-06-27,2324.5,991.7000122070312,28.917999267578125
2024-06-28,2327.699951171875,1001.9000244140625,29.23699951171875
2024-07-01,2327.60009765625,978.2999877929688,29.299999237060547
2024-07-02,2323.0,998.2000122070312,29.35300064086914
2024-07-03,2359.800048828125,1002.0,30.54800033569336
2024-07-04,2359.800048828125,1002.0,30.54800033569336
2024-07-05,2388.5,1035.300048828125,31.38800048828125
2024-07-08,2355.199951171875,1003.7000122070312,30.618000030517578
2024-07-09,2360.10009765625,989.7000122070312,30.77199935913086
2024-07-10,2372.199951171875,997.5,30.726999282836914
2024-07-11,2415.0,1005.5,31.393999099731445
2024-07-12,2414.0,999.0,30.88599967956543
2024-07-15,2422.89990234375,998.5,30.672000885009766
2024-07-16,2462.39990234375,1000.0,31.19499969482422
2024-07-17,2454.800048828125,996.9000244140625,30.136999130249023
2024-07-18,2451.800048828125,974.7000122070312,29.9950008392334
2024-07-19,2395.5,962.5,29.08799934387207
2024-07-22,2392.0,945.4000244140625,29.124000549316406
2024-07-23,2404.60009765625,945.0,29.131999969482422
2024-07-24,2413.300048828125,958.7999877929688,29.115999221801758
2024-07-25,2351.89990234375,934.9000244140625,27.80699920654297
2024-07-26,2380.0,934.0999755859375,27.860000610351562
2024-07-29,2377.300048828125,949.0,27.702999114990234
2024-07-30,2405.0,965.0,28.364999771118164
2024-07-31,2426.5,982.2000122070312,28.777999877929688
2024-08-01,2435.0,965.4000244140625,28.33099937438965
2024-08-02,2425.699951171875,962.7000122070312,28.246000289916992
2024-08-05,2401.699951171875,911.0,27.076000213623047
2024-08-06,2389.10009765625,915.4000244140625,27.09600067138672
2024-08-07,2390.5,924.0999755859375,26.829999923706055
2024-08-08,2422.199951171875,934.2999877929688,27.5
2024-08-09,2432.10009765625,927.5999755859375,27.48699951171875
2024-08-12,2462.39990234375,945.0999755859375,27.91699981689453
2024-08-13,2466.699951171875,943.0999755859375,27.69499969482422
2024-08-14,2439.39990234375,927.5999755859375,27.253999710083008
2024-08-15,2453.10009765625,960.0,28.341999053955078
2024-08-16,2498.60009765625,957.2999877929688,28.777999877929688
2024-08-19,2501.800048828125,958.9000244140625,29.239999771118164
2024-08-20,2511.300048828125,951.5999755859375,29.454999923706055
2024-08-21,2508.39990234375,968.2000122070312,29.47599983215332
2024-08-22,2478.89990234375,948.5999755859375,29.006000518798828
2024-08-23,2508.39990234375,960.4000244140625,29.785999298095703
2024-08-26,2517.699951171875,968.5999755859375,29.976999282836914
2024-08-27,2516.0,959.0,29.951000213623047
2024-08-28,2501.0,933.7000122070312,29.176000595092773
2024-08-29,2525.699951171875,941.4000244140625,29.55699920654297
2024-08-30,2493.800048828125,927.7999877929688,28.731000900268555
2024-09-02,2493.800048828125,927.7999877929688,28.731000900268555
2024-09-03,2489.89990234375,905.2999877929688,27.951000213623047
2024-09-04,2493.39990234375,903.7999877929688,28.16699981689453
2024-09-05,2511.39990234375,925.9000244140625,28.719999313354492
2024-09-06,2493.5,914.2999877929688,27.808000564575195
2024-09-09,2501.800048828125,942.5,28.291000366210938
2024-09-10,2512.300048828125,939.9000244140625,28.256999969482422
2024-09-11,2512.10009765625,952.4000244140625,28.562999725341797
2024-09-12,2551.199951171875,981.9000244140625,29.743000030517578
2024-09-13,2581.300048828125,1006.5,30.698999404907227
2024-09-16,2580.39990234375,987.9000244140625,30.770999908447266
2024-09-17,2564.300048828125,982.7999877929688,30.618999481201172
2024-09-18,2570.699951171875,974.7999877929688,30.340999603271484
2024-09-19,2588.0,994.0999755859375,31.0939998626709
2024-09-20,2619.89990234375,981.5999755859375,31.176000595092773
2024-09-23,2626.5,961.5,30.767000198364258
2024-09-24,2651.199951171875,987.4000244140625,32.111000061035156
2024-09-25,2659.199951171875,991.4000244140625,31.697999954223633
2024-09-26,2669.89990234375,1011.0999755859375,32.025001525878906
2024-09-27,2644.300048828125,1008.5,31.518999099731445
2024-09-30,2636.10009765625,979.0,31.163999557495117
2024-10-01,2667.300048828125,988.4000244140625,31.44499969482422
2024-10-02,2647.10009765625,1004.4000244140625,31.628000259399414
2024-10-03,2657.10009765625,993.2000122070312,32.18899917602539
2024-10-04,2645.800048828125,989.7999877929688,32.12799835205078
2024-10-07,2644.800048828125,977.0,31.7450008392334
2024-10-08,2615.0,951.7000122070312,30.354999542236328
2024-10-09,2606.0,948.7000122070312,30.424999237060547
2024-10-10,2620.60009765625,967.7000122070312,31.0049991607666
2024-10-11,2657.60009765625,985.0,31.520000457763672
2024-10-14,2647.800048828125,994.9000244140625,31.08300018310547
2024-10-15,2661.39990234375,987.7000122070312,31.527000427246094
2024-10-16,2674.0,993.7999877929688,31.760000228881836
2024-10-17,2691.0,997.0,31.572999954223633
2024-10-18,2713.699951171875,1015.0999755859375,33.03200149536133
2024-10-21,2723.10009765625,1007.5999755859375,33.86899948120117
2024-10-22,2744.199951171875,1033.0,34.83100128173828
2024-10-23,2714.39990234375,1019.7999877929688,33.63999938964844
2024-10-24,2734.89990234375,1024.199951171875,33.611000061035156
2024-10-25,2740.89990234375,1027.199951171875,33.60300064086914
2024-10-28,2742.89990234375,1037.300048828125,33.83000183105469
2024-10-29,2768.39990234375,1051.0,34.26900100708008
2024-10-30,2788.5,1013.0999755859375,33.91400146484375
2024-10-31,2738.300048828125,991.5999755859375,32.65299987792969
2024-11-01,2738.60009765625,995.0999755859375,32.54199981689453
2024-11-04,2736.10009765625,982.4000244140625,32.47999954223633
2024-11-05,2740.300048828125,1000.4000244140625,32.654998779296875
2024-11-06,2667.60009765625,986.0,31.22100067138672
2024-11-07,2698.39990234375,992.7999877929688,31.764999389648438
2024-11-08,2687.5,973.5999755859375,31.358999252319336
2024-11-11,2611.199951171875,964.2999877929688,30.540000915527344
2024-11-12,2600.0,942.9000244140625,30.68600082397461
2024-11-13,2580.800048828125,938.0999755859375,30.59000015258789
2024-11-14,2568.199951171875,938.7000122070312,30.507999420166016
2024-11-15,2565.699951171875,939.7999877929688,30.371000289916992
2024-11-18,2610.60009765625,969.0999755859375,31.163000106811523
2024-11-19,2627.10009765625,973.2999877929688,31.20800018310547
2024-11-20,2648.199951171875,960.7000122070312,30.95599937438965
2024-11-21,2672.10009765625,965.2000122070312,30.91200065612793
2024-11-22,2709.89990234375,969.7000122070312,31.30900001525879
2024-11-25,2616.800048828125,938.7999877929688,30.209999084472656
2024-11-26,2620.300048828125,923.2999877929688,30.38800048828125
2024-11-27,2639.89990234375,926.9000244140625,30.111000061035156
2024-11-28,2639.89990234375,926.9000244140625,30.111000061035156
2024-11-29,2657.0,949.5,30.684999465942383
2024-12-02,2634.89990234375,945.9000244140625,30.448999404907227
2024-12-03,2644.699951171875,955.7999877929688,31.07699966430664
2024-12-04,2653.800048828125,948.9000244140625,31.5049991607666
2024-12-05,2626.60009765625,937.2000122070312,31.134000778198242
2024-12-06,2638.60009765625,930.0,31.18600082397461
2024-12-09,2664.89990234375,950.2000122070312,32.215999603271484
2024-12-10,2697.60009765625,945.2999877929688,32.362998962402344
2024-12-11,2733.800048828125,947.0,32.5620002746582
2024-12-12,2687.5,936.5999755859375,31.22800064086914
2024-12-13,2656.0,921.2999877929688,30.655000686645508
2024-12-16,2651.39990234375,938.2999877929688,30.69700050354004
2024-12-17,2644.39990234375,941.5,30.572999954223633
2024-12-18,2636.5,932.5999755859375,30.40999984741211
2024-12-19,2592.199951171875,921.5,29.0939998626709
2024-12-20,2628.699951171875,934.4000244140625,29.65999984741211
2024-12-23,2612.300048828125,946.9000244140625,29.88800048828125
2024-12-24,2620.0,958.5,29.974000930786133
2024-12-25,2620.0,958.5,29.974000930786133
2024-12-26,2638.800048828125,952.2000122070312,30.047000885009766
2024-12-27,2617.199951171875,917.5,29.655000686645508
2024-12-30,2606.10009765625,902.4000244140625,29.106000900268555
2024-12-31,2629.199951171875,894.0,28.940000534057617
2025-01-01,2629.199951171875,894.0,28.940000534057617
2025-01-02,2658.89990234375,908.9000244140625,29.621999740600586
2025-01-03,2645.0,934.5999755859375,29.805999755859375
2025-01-06,2638.39990234375,929.2999877929688,30.341999053955078
2025-01-07,2656.699951171875,962.7999877929688,30.44700050354004
2025-01-08,2664.5,969.7999877929688,30.45199966430664
2025-01-09,2683.800048828125,970.2999877929688,30.791000366210938
2025-01-10,2708.5,982.0999755859375,31.090999603271484
2025-01-13,2673.5,962.0999755859375,30.090999603271484
2025-01-14,2677.5,936.2000122070312,30.131999969482422
2025-01-15,2712.5,931.2999877929688,31.319000244140625
2025-01-16,2746.39990234375,934.2999877929688,31.523000717163086
2025-01-17,2744.300048828125,951.0999755859375,30.951000213623047
2025-01-20,2744.300048828125,951.0999755859375,30.951000213623047
2025-01-21,2755.0,957.2000122070312,31.31100082397461
2025-01-22,2767.60009765625,958.2000122070312,31.23900032043457
2025-01-23,2763.10009765625,957.0999755859375,30.67300033569336
2025-01-24,2777.300048828125,957.5999755859375,31.023000717163086
2025-01-27,2737.5,946.9000244140625,30.253999710083008
2025-01-28,2766.800048828125,947.0,30.726999282836914
2025-01-29,2769.10009765625,965.4000244140625,31.238000869750977
2025-01-30,2823.0,1016.5,32.36399841308594
2025-01-31,2812.5,1033.199951171875,32.12799835205078
2025-02-03,2833.89990234375,991.7999877929688,32.391998291015625
2025-02-04,2853.300048828125,1002.5,32.88800048828125
2025-02-05,2871.60009765625,1015.5999755859375,32.856998443603516
2025-02-06,2856.0,1013.7000122070312,32.518001556396484
2025-02-07,2867.300048828125,1011.0999755859375,32.334999084472656
2025-02-10,2914.300048828125,1022.5,32.391998291015625
2025-02-11,2912.5,1026.9000244140625,32.23099899291992
2025-02-12,2909.0,1038.699951171875,32.69499969482422
2025-02-13,2925.89990234375,1033.699951171875,32.650001525878906
2025-02-14,2883.60009765625,1009.7999877929688,32.80099868774414
2025-02-17,2883.60009765625,1009.7999877929688,32.80099868774414
2025-02-18,2931.60009765625,996.5999755859375,33.31700134277344
2025-02-19,2919.39990234375,976.7000122070312,32.99300003051758
2025-02-20,2940.0,987.7999877929688,33.444000244140625
2025-02-21,2937.60009765625,978.2999877929688,32.97600173950195
2025-02-24,2947.89990234375,961.2000122070312,32.57500076293945
2025-02-25,2904.5,960.5999755859375,31.801000595092773
2025-02-26,2916.800048828125,967.7999877929688,32.25299835205078
2025-02-27,2883.199951171875,951.9000244140625,31.801000595092773
2025-02-28,2836.800048828125,932.2999877929688,31.2189998626709
2025-03-03,2890.199951171875,966.5999755859375,32.03200149536133
2025-03-04,2909.60009765625,966.5,32.108001708984375
2025-03-05,2915.300048828125,969.4000244140625,32.858001708984375
2025-03-06,2916.60009765625,974.7999877929688,33.0629997253418
2025-03-07,2904.699951171875,961.5999755859375,32.54800033569336
2025-03-10,2891.0,962.0,32.275001525878906
2025-03-11,2912.89990234375,975.4000244140625,32.88800048828125
2025-03-12,2939.10009765625,992.2000122070312,33.48400115966797
2025-03-13,2984.300048828125,1002.5,34.05099868774414
2025-03-14,2994.5,1010.0,34.1870002746582
2025-03-17,3000.0,1023.5,34.07400131225586
2025-03-18,3035.10009765625,1020.5,34.57899856567383
2025-03-19,3035.89990234375,1006.2999877929688,33.974998474121094
2025-03-20,3040.0,989.5,33.7859992980957
2025-03-21,3018.199951171875,976.2000122070312,33.290000915527344
2025-03-24,3013.10009765625,962.5999755859375,33.26499938964844
2025-03-25,3023.699951171875,973.0999755859375,34.00199890136719
2025-03-26,3020.89990234375,967.9000244140625,34.03300094604492
2025-03-27,3060.199951171875,983.2000122070312,34.89699935913086
2025-03-28,3086.5,977.7000122070312,34.64400100708008
2025-03-31,3122.800048828125,1009.7000122070312,34.457000732421875
2025-04-01,3118.89990234375,987.0999755859375,34.15800094604492
2025-04-02,3139.89990234375,977.9000244140625,34.499000549316406
2025-04-03,3097.0,942.5,31.8439998626709
2025-04-04,3012.0,902.0,29.115999221801758
2025-04-07,2951.300048828125,894.0,29.510000228881836
2025-04-08,2968.39990234375,899.5999755859375,29.591999053955078
2025-04-09,3056.5,908.5999755859375,30.322999954223633
2025-04-10,3155.199951171875,922.4000244140625,30.67099952697754
2025-04-11,3222.199951171875,934.2999877929688,31.823999404907227
2025-04-14,3204.800048828125,948.5999755859375,32.09199905395508
2025-04-15,3218.699951171875,960.2000122070312,32.22700119018555
2025-04-16,3326.60009765625,969.7000122070312,32.92599868774414
2025-04-17,3308.699951171875,967.2999877929688,32.41999816894531
2025-04-18,3308.699951171875,967.2999877929688,32.41999816894531
2025-04-21,3406.199951171875,957.7999877929688,32.49599838256836
2025-04-22,3400.800048828125,953.4000244140625,32.880001068115234
2025-04-23,3276.300048828125,970.7000122070312,33.518001556396484
2025-04-24,3332.0,971.5999755859375,33.481998443603516
2025-04-25,3282.39990234375,964.7999877929688,32.98899841308594
2025-04-28,3332.5,987.4000244140625,32.9900016784668
2025-04-29,3318.800048828125,978.7000122070312,33.275001525878906
2025-04-30,3305.0,963.7999877929688,32.53099822998047
2025-05-01,3210.0,964.7999877929688,32.18899917602539
2025-05-02,3231.89990234375,962.9000244140625,31.98900032043457
2025-05-05,3311.300048828125,957.5,32.20500183105469
2025-05-06,3411.39990234375,987.7999877929688,33.112998962402344
2025-05-07,3381.39990234375,979.7999877929688,32.53099822998047
2025-05-08,3296.60009765625,976.2999877929688,32.37799835205078
2025-05-09,3335.39990234375,998.5,32.67599868774414
2025-05-12,3220.0,974.2999877929688,32.38800048828125
2025-05-13,3240.300048828125,991.0,32.86800003051758
2025-05-14,3181.39990234375,980.7999877929688,32.22600173950195
2025-05-15,3220.699951171875,996.5,32.48099899291992
2025-05-16,3182.0,990.2000122070312,32.15800094604492
2025-05-19,3228.89990234375,1004.5,32.3129997253418
2025-05-20,3280.300048828125,1053.800048828125,32.97999954223633
2025-05-21,3309.300048828125,1082.5999755859375,33.4630012512207
2025-05-22,3292.300048828125,1078.199951171875,33.047000885009766
2025-05-23,3363.60009765625,1087.4000244140625,33.44200134277344
2025-05-26,3363.60009765625,1087.4000244140625,33.44200134277344
2025-05-27,3299.10009765625,1075.5999755859375,33.145999908447266
2025-05-28,3293.60009765625,1070.5999755859375,33.0
2025-05-29,3317.10009765625,1074.699951171875,33.28300094604492
2025-05-30,3288.89990234375,1051.699951171875,32.891998291015625
2025-06-02,3370.60009765625,1060.300048828125,34.5629997253418
2025-06-03,3350.199951171875,1071.300048828125,34.50299835205078
2025-06-04,3373.5,1088.699951171875,34.51900100708008
2025-06-05,3350.699951171875,1133.699951171875,35.68899917602539
2025-06-06,3322.699951171875,1166.699951171875,36.025001525878906
2025-06-09,3332.10009765625,1213.5999755859375,36.6879997253418
2025-06-10,3320.89990234375,1209.800048828125,36.54199981689453
2025-06-11,3321.300048828125,1258.0999755859375,36.16600036621094
2025-06-12,3380.89990234375,1272.699951171875,36.2130012512207
2025-06-13,3431.199951171875,1210.800048828125,36.28099822998047
2025-06-16,3396.39990234375,1251.5,36.37900161743164
2025-06-17,3386.60009765625,1260.0999755859375,37.09000015258789
2025-06-18,3389.800048828125,1311.5,36.86600112915039
2025-06-19,3389.800048828125,1311.5,36.86600112915039
2025-06-20,3368.10009765625,1263.699951171875,35.97600173950195
2025-06-23,3377.699951171875,1283.4000244140625,36.15299987792969
2025-06-24,3317.39990234375,1304.199951171875,35.70100021362305
2025-06-25,3327.10009765625,1329.5999755859375,36.084999084472656
2025-06-26,3333.5,1399.800048828125,36.58599853515625
2025-06-27,3273.699951171875,1340.9000244140625,36.0369987487793
2025-06-30,3294.39990234375,1334.0,35.85200119018555
2025-07-01,3336.699951171875,1345.9000244140625,36.082000732421875
2025-07-02,3348.0,1421.0,36.42599868774414
2025-07-03,3331.60009765625,1372.0,36.784000396728516
2025-07-04,3332.5,1382.5,36.775001525878906
2025-07-07,3332.199951171875,1361.800048828125,36.6150016784668
2025-07-08,3307.0,1376.5999755859375,36.47200012207031
2025-07-09,3311.60009765625,1370.5999755859375,36.35100173950195
2025-07-10,3317.39990234375,1394.9000244140625,37.03799819946289
2025-07-11,3356.0,1452.0,38.67599868774414
2025-07-14,3351.5,1399.699951171875,38.46200180053711
2025-07-15,3329.800048828125,1395.0,37.83399963378906
2025-07-16,3352.5,1417.0999755859375,37.85300064086914
2025-07-17,3340.10009765625,1454.4000244140625,38.055999755859375
2025-07-18,3353.0,1438.5,38.222999572753906
2025-07-21,3401.89990234375,1477.699951171875,39.10100173950195
2025-07-22,3439.199951171875,1465.5,39.31999969482422
2025-07-23,3394.10009765625,1437.699951171875,39.27799987792969
2025-07-24,3371.0,1424.5999755859375,39.020999908447266
2025-07-25,3334.0,1407.4000244140625,38.16699981689453
2025-07-28,3309.10009765625,1404.0999755859375,38.0260009765625
2025-07-29,3323.39990234375,1404.0,38.08399963378906
2025-07-30,3295.800048828125,1360.699951171875,37.566001892089844
2025-07-31,3293.199951171875,1286.4000244140625,36.551998138427734
2025-08-01,3347.699951171875,1304.0,36.7869987487793
2025-08-04,3374.39990234375,1326.4000244140625,37.19200134277344
2025-08-05,3381.89990234375,1317.199951171875,37.6870002746582
2025-08-06,3380.0,1326.0,37.76599884033203
2025-08-07,3400.300048828125,1339.9000244140625,38.15800094604492
2025-08-08,3439.10009765625,1325.5999755859375,38.41699981689453
