Date,XLRE,XLU
2020-08-10,30.78636360168457,52.63789749145508
2020-08-11,30.194969177246094,51.49898147583008
2020-08-12,30.575149536132812,52.24397659301758
2020-08-13,30.22031593322754,52.15835189819336
2020-08-14,30.29635238647461,51.70450210571289
2020-08-17,30.566707611083984,51.635990142822266
2020-08-18,30.532913208007812,51.40479278564453
2020-08-19,29.907724380493164,51.25065994262695
2020-08-20,30.228761672973633,50.79680633544922
2020-08-21,30.330148696899414,50.88243865966797
2020-08-24,30.372390747070312,51.327720642089844
2020-08-25,30.465316772460938,50.839622497558594
2020-08-26,30.254112243652344,50.274452209472656
2020-08-27,30.659643173217773,50.437156677246094
2020-08-28,30.896194458007812,50.582725524902344
2020-08-31,30.62584686279297,50.73685836791992
2020-09-01,30.575149536132812,50.15456771850586
2020-09-02,31.259475708007812,51.71305465698242
2020-09-03,30.735679626464844,51.13076400756836
2020-09-04,30.62584686279297,50.839622497558594
2020-09-07,30.62584686279297,50.839622497558594
2020-09-08,30.237211227416992,50.55704116821289
2020-09-09,30.566707611083984,51.2249641418457
2020-09-10,30.135826110839844,50.342952728271484
2020-09-11,30.034446716308594,50.46284484863281
2020-09-14,30.76947021484375,51.15645980834961
2020-09-15,31.174997329711914,51.49898147583008
2020-09-16,31.377756118774414,51.430484771728516
2020-09-17,30.68498420715332,51.010887145996094
2020-09-18,30.076690673828125,50.11174774169922
2020-09-21,29.271800994873047,49.799957275390625
2020-09-22,29.62027931213379,50.11088180541992
2020-09-23,28.770336151123047,49.34221649169922
2020-09-24,28.90633201599121,49.89496612548828
2020-09-25,29.467288970947266,50.71548080444336
2020-09-28,29.97724723815918,50.84502410888672
2020-09-29,29.824262619018555,50.82774353027344
2020-09-30,29.97724723815918,51.28549575805664
2020-10-01,30.470205307006836,51.8036994934082
2020-10-02,30.96317481994629,52.416908264160156
2020-10-05,31.133161544799805,53.073326110839844
2020-10-06,30.86968231201172,53.52242660522461
2020-10-07,30.95467758178711,53.85062789916992
2020-10-08,31.47313117980957,54.835227966308594
2020-10-09,31.38813591003418,54.826595306396484
2020-10-12,31.549633026123047,55.17206954956055
2020-10-13,31.014175415039062,54.79204177856445
2020-10-14,30.65719985961914,54.72294616699219
2020-10-15,30.80169105529785,54.688411712646484
2020-10-16,30.691200256347656,55.27570724487305
2020-10-19,30.206727981567383,54.80931854248047
2020-10-20,30.410715103149414,55.13751983642578
2020-10-21,30.30022430419922,54.99069595336914
2020-10-22,30.087743759155273,55.768009185791016
2020-10-23,30.283227920532227,55.9234733581543
2020-10-26,29.917753219604492,55.90619659423828
2020-10-27,29.5352840423584,55.86301803588867
2020-10-28,28.880834579467773,54.239288330078125
2020-10-29,29.212305068969727,54.38611602783203
2020-10-30,29.025318145751953,53.87655258178711
2020-11-02,29.739273071289062,55.059791564941406
2020-11-03,30.206727981567383,55.85438537597656
2020-11-04,30.29172134399414,55.01660919189453
2020-11-05,30.402217864990234,55.50890350341797
2020-11-06,30.283227920532227,55.38798904418945
2020-11-09,31.082164764404297,56.415771484375
2020-11-10,31.252159118652344,57.22763442993164
2020-11-11,31.490135192871094,57.44356155395508
2020-11-12,31.167165756225586,56.51941680908203
2020-11-13,31.881101608276367,57.080814361572266
2020-11-16,32.0850830078125,57.659481048583984
2020-11-17,32.102081298828125,56.528045654296875
2020-11-18,31.558130264282227,55.42253494262695
2020-11-19,31.609127044677734,54.86978530883789
2020-11-20,31.396644592285156,54.878414154052734
2020-11-23,31.294645309448242,54.88705062866211
2020-11-24,31.277650833129883,55.47435760498047
2020-11-25,31.354145050048828,55.621192932128906
2020-11-26,31.354145050048828,55.621192932128906
2020-11-27,31.294645309448242,55.06842803955078
2020-11-30,31.022668838500977,54.27383804321289
2020-12-01,31.413646697998047,54.65385437011719
2020-12-02,31.082164764404297,55.01660919189453
2020-12-03,31.3116455078125,54.44657897949219
2020-12-04,31.728118896484375,53.9024543762207
2020-12-07,31.413646697998047,54.20474624633789
2020-12-08,31.26915168762207,54.04064178466797
2020-12-09,30.980173110961914,53.94563674926758
2020-12-10,30.810190200805664,53.66925811767578
2020-12-11,30.82718276977539,53.75563430786133
2020-12-14,30.606204986572266,53.479251861572266
2020-12-15,31.14166259765625,54.53294372558594
2020-12-16,31.150169372558594,53.9024543762207
2020-12-17,31.515634536743164,54.265201568603516
2020-12-18,30.97167205810547,53.79881286621094
2020-12-21,30.692731857299805,53.14731979370117
2020-12-22,30.90796661376953,53.04279708862305
2020-12-23,30.615234375,52.93828582763672
2020-12-24,30.916568756103516,53.312808990478516
2020-12-25,30.916568756103516,53.312808990478516
2020-12-28,31.166244506835938,53.547969818115234
2020-12-29,30.9251766204834,53.53926086425781
2020-12-30,31.097373962402344,53.809261322021484
2020-12-31,31.476194381713867,54.61056900024414
2021-01-01,31.476194381713867,54.61056900024414
2021-01-04,30.460269927978516,53.234413146972656
2021-01-05,30.42583656311035,53.225704193115234
2021-01-06,30.279468536376953,54.54959487915039
2021-01-07,30.37417984008789,53.83539581298828
2021-01-08,30.701332092285156,54.28829574584961
2021-01-11,30.184768676757812,53.78314208984375
2021-01-12,30.210599899291992,53.49570846557617
2021-01-13,30.623844146728516,54.540889739990234
2021-01-14,30.813262939453125,54.33185958862305
2021-01-15,31.286775588989258,54.86315155029297
2021-01-18,31.286775588989258,54.86315155029297
2021-01-19,31.08014678955078,54.654117584228516
2021-01-20,31.725854873657227,54.97638702392578
2021-01-21,31.622554779052734,54.654117584228516
2021-01-22,31.70003890991211,54.732505798339844
2021-01-25,31.98415184020996,55.82994079589844
2021-01-26,32.31131362915039,55.27251434326172
2021-01-27,31.898056030273438,53.78314208984375
2021-01-28,31.98415184020996,54.42766189575195
2021-01-29,31.64837074279785,54.13153839111328
2021-02-01,32.36296463012695,54.39282989501953
2021-02-02,32.50071334838867,54.8370246887207
2021-02-03,32.37157440185547,54.6628303527832
2021-02-04,32.5523681640625,55.08961486816406
2021-02-05,32.664283752441406,55.385746002197266
2021-02-08,32.73316955566406,54.95895767211914
2021-02-09,32.87952423095703,55.03734588623047
2021-02-10,33.1033821105957,55.255088806152344
2021-02-11,33.04311752319336,54.94153594970703
2021-02-12,33.03449630737305,54.540889739990234
2021-02-15,33.03449630737305,54.540889739990234
2021-02-16,32.6815071105957,53.93119812011719
2021-02-17,32.70733642578125,53.97475051879883
2021-02-18,32.690120697021484,54.29702377319336
2021-02-19,32.793434143066406,53.48700714111328
2021-02-22,32.98284912109375,52.44182586669922
2021-02-23,33.1033821105957,52.877315521240234
2021-02-24,33.25834274291992,52.258914947509766
2021-02-25,32.715946197509766,51.78858947753906
2021-02-26,32.14773178100586,50.830509185791016
2021-03-01,32.182167053222656,51.954078674316406
2021-03-02,31.98415184020996,51.797298431396484
2021-03-03,31.588106155395508,51.18761444091797
2021-03-04,31.355655670166016,51.144065856933594
2021-03-05,31.717248916625977,51.98020553588867
2021-03-08,31.87222671508789,52.71183776855469
2021-03-09,32.23381805419922,53.40861892700195
2021-03-10,32.5523681640625,53.774436950683594
2021-03-11,33.03449630737305,53.63506317138672
2021-03-12,33.60272216796875,54.35798263549805
2021-03-15,33.98154067993164,55.05476760864258
2021-03-16,33.98154067993164,55.124446868896484
2021-03-17,33.92988204956055,54.22733688354492
2021-03-18,33.71463394165039,54.02700424194336
2021-03-19,33.2669563293457,54.175079345703125
2021-03-22,33.633907318115234,54.09698486328125
2021-03-23,33.73824691772461,54.90426254272461
2021-03-24,33.59042739868164,54.92182159423828
2021-03-25,33.87737274169922,55.509735107421875
2021-03-26,34.703433990478516,55.694007873535156
2021-03-29,34.62516784667969,56.290687561035156
2021-03-30,34.47736358642578,55.78175735473633
2021-03-31,34.33823776245117,56.19417953491211
2021-04-01,34.886043548583984,56.14152145385742
2021-04-02,34.886043548583984,56.14152145385742
2021-04-05,35.06864929199219,56.75577163696289
2021-04-06,35.15560531616211,57.054107666015625
2021-04-07,35.19908142089844,56.98390579223633
2021-04-08,35.02516555786133,56.940040588378906
2021-04-09,35.07734298706055,56.878604888916016
2021-04-12,35.28602981567383,56.93125915527344
2021-04-13,35.49471664428711,57.60693359375
2021-04-14,35.2773323059082,57.86139678955078
2021-04-15,35.94688415527344,58.501953125
2021-04-16,35.99906539916992,58.975807189941406
2021-04-19,36.112098693847656,58.677459716796875
2021-04-20,36.512088775634766,59.42332077026367
2021-04-21,36.67730712890625,58.92314910888672
2021-04-22,36.52078628540039,58.501953125
2021-04-23,36.7294807434082,58.422977447509766
2021-04-26,36.807735443115234,58.089542388916016
2021-04-27,36.807735443115234,57.64202117919922
2021-04-28,36.67730712890625,57.56304931640625
2021-04-29,36.94685363769531,58.089542388916016
2021-04-30,37.19032669067383,58.545841217041016
2021-05-03,36.99033737182617,58.53705978393555
2021-05-04,36.76425552368164,58.317691802978516
2021-05-05,36.225135803222656,57.33489990234375
2021-05-06,36.399044036865234,57.773651123046875
2021-05-07,36.84251403808594,57.94915771484375
2021-05-10,37.00773239135742,58.53705978393555
2021-05-11,36.57295608520508,57.81752014160156
2021-05-12,35.6860237121582,56.4661979675293
2021-05-13,36.13819122314453,57.55427169799805
2021-05-14,36.4773063659668,57.83507537841797
2021-05-17,36.49469757080078,57.36122512817383
2021-05-18,36.56425857543945,57.35244369506836
2021-05-19,36.425132751464844,57.255924224853516
2021-05-20,36.877296447753906,57.756099700927734
2021-05-21,36.816429138183594,58.054443359375
2021-05-24,37.21642303466797,57.94915771484375
2021-05-25,37.320762634277344,57.24715042114258
2021-05-26,37.40771484375,57.255924224853516
2021-05-27,37.36424255371094,56.86983871459961
2021-05-28,37.61640548706055,57.176963806152344
2021-05-31,37.61640548706055,57.176963806152344
2021-06-01,38.25986862182617,56.82596206665039
2021-06-02,38.7902946472168,57.12431335449219
2021-06-03,38.7120361328125,57.46653747558594
2021-06-04,38.7468147277832,57.3787841796875
2021-06-07,39.11201858520508,57.48407745361328
2021-06-08,39.32071304321289,56.992679595947266
2021-06-09,39.364192962646484,57.501625061035156
2021-06-10,39.764183044433594,57.87894058227539
2021-06-11,39.51200485229492,58.01057434082031
2021-06-14,39.73807907104492,58.13340759277344
2021-06-15,39.37287902832031,58.30891036987305
2021-06-16,39.01636505126953,57.43142318725586
2021-06-17,39.1641960144043,57.7473258972168
2021-06-18,38.54682159423828,56.24681854248047
2021-06-21,39.312583923339844,56.975486755371094
2021-06-22,39.13755416870117,56.630615234375
2021-06-23,39.01503372192383,56.0292854309082
2021-06-24,38.83124542236328,55.97622299194336
2021-06-25,39.111305236816406,56.57754898071289
2021-06-28,39.128807067871094,56.94010925292969
2021-06-29,39.10254669189453,56.02043533325195
2021-06-30,38.796241760253906,55.91432571411133
2021-07-01,38.95378112792969,56.52449035644531
2021-07-02,39.13755416870117,56.612918853759766
2021-07-05,39.13755416870117,56.612918853759766
2021-07-06,39.48762512207031,56.851688385009766
2021-07-07,39.68891525268555,57.22308349609375
2021-07-08,39.65391159057617,57.05506134033203
2021-07-09,40.17900466918945,57.12582015991211
2021-07-12,40.529083251953125,57.311519622802734
2021-07-13,40.00398254394531,56.87821578979492
2021-07-14,40.35403823852539,57.37342071533203
2021-07-15,40.41530990600586,58.01896286010742
2021-07-16,40.45906066894531,58.60260009765625
2021-07-19,39.82893753051758,57.6740837097168
2021-07-20,40.54658126831055,57.921688079833984
2021-07-21,40.42405319213867,57.284996032714844
2021-07-22,40.135250091552734,57.37342071533203
2021-07-23,40.5028190612793,58.107398986816406
2021-07-26,40.5028190612793,58.12508010864258
2021-07-27,40.82663345336914,59.12434005737305
2021-07-28,40.58158493041992,58.67333221435547
2021-07-29,40.45906066894531,58.83252716064453
2021-07-30,40.590335845947266,58.337310791015625
2021-08-02,40.60783767700195,58.788307189941406
2021-08-03,40.774131774902344,59.12434005737305
2021-08-04,40.642845153808594,59.03589630126953
2021-08-05,40.966670989990234,59.68144607543945
2021-08-06,40.896636962890625,59.646060943603516
2021-08-09,40.712860107421875,59.62839126586914
2021-08-10,40.27528762817383,59.69029235839844
2021-08-11,40.49407196044922,60.24739456176758
2021-08-12,40.634098052978516,60.30929946899414
2021-08-13,40.90540313720703,60.73377227783203
2021-08-16,40.949153900146484,61.105159759521484
2021-08-17,41.02792739868164,61.14054489135742
2021-08-18,40.599082946777344,60.831031799316406
2021-08-19,40.94041061401367,61.07863235473633
2021-08-20,41.13294219970703,61.83913803100586
2021-08-23,40.97541427612305,61.04326629638672
2021-08-24,40.669105529785156,60.64535140991211
2021-08-25,40.62533950805664,60.760292053222656
2021-08-26,40.6515998840332,60.60995864868164
2021-08-27,40.984169006347656,60.592281341552734
2021-08-30,41.483009338378906,60.68071365356445
2021-08-31,41.72805404663086,60.60995864868164
2021-09-01,42.44568634033203,61.40583419799805
2021-09-02,42.646995544433594,61.962928771972656
2021-09-03,42.646995544433594,61.450042724609375
2021-09-06,42.646995544433594,61.450042724609375
2021-09-07,42.17438888549805,60.636497497558594
2021-09-08,42.428192138671875,61.724178314208984
2021-09-09,41.526771545410156,61.38813781738281
2021-09-10,41.00167465209961,60.53038024902344
2021-09-13,41.229209899902344,60.424259185791016
2021-09-14,41.141693115234375,60.22087097167969
2021-09-15,41.299224853515625,60.14128494262695
2021-09-16,41.37799072265625,59.63723373413086
2021-09-17,41.00167465209961,58.71755599975586
2021-09-20,40.72092819213867,58.60974884033203
2021-09-21,40.72972106933594,58.449363708496094
2021-09-22,41.07294845581055,58.413734436035156
2021-09-23,40.87053298950195,58.10188293457031
2021-09-24,40.40409469604492,58.03950881958008
2021-09-27,39.7352409362793,57.35344314575195
2021-09-28,39.49762725830078,56.63174057006836
2021-09-29,39.75284194946289,57.37126159667969
2021-09-30,39.11919021606445,56.91686248779297
2021-10-01,39.54163360595703,56.91686248779297
2021-10-04,39.585628509521484,57.700931549072266
2021-10-05,39.27760314941406,57.55836486816406
2021-10-06,39.656044006347656,58.449363708496094
2021-10-07,39.700035095214844,58.13751983642578
2021-10-08,39.26880645751953,57.709835052490234
2021-10-11,39.32160568237305,56.925758361816406
2021-10-12,39.84964370727539,57.30889129638672
2021-10-13,40.07847213745117,57.97713851928711
2021-10-14,40.6417236328125,58.68993377685547
2021-10-15,40.65932083129883,58.520652770996094
2021-10-18,40.72972106933594,57.95932388305664
2021-10-19,40.9145393371582,58.68993377685547
2021-10-20,41.539390563964844,59.616573333740234
2021-10-21,41.67140197753906,59.616573333740234
2021-10-22,41.97062683105469,59.91951370239258
2021-10-25,42.093841552734375,59.66112518310547
2021-10-26,42.287452697753906,59.98188781738281
2021-10-27,41.97943115234375,59.580936431884766
2021-10-28,42.595481872558594,59.972965240478516
2021-10-29,42.08502960205078,59.616573333740234
2021-11-01,42.18183898925781,59.830413818359375
2021-11-02,42.577877044677734,59.88387680053711
2021-11-03,42.82429504394531,59.66112518310547
2021-11-04,42.34025573730469,59.33145523071289
2021-11-05,42.43707275390625,59.892791748046875
2021-11-08,42.428253173828125,59.00178527832031
2021-11-09,42.58667755126953,59.304725646972656
2021-11-10,42.37546157836914,59.78586196899414
2021-11-11,42.393062591552734,59.42055130004883
2021-11-12,42.41065979003906,59.384918212890625
2021-11-15,42.648284912109375,60.16899490356445
2021-11-16,42.38425827026367,59.88387680053711
2021-11-17,42.66588592529297,59.937320709228516
2021-11-18,42.657081604003906,59.625484466552734
2021-11-19,42.428253173828125,59.96406555175781
2021-11-22,42.2170524597168,60.32938003540039
2021-11-23,42.66588592529297,60.39173889160156
2021-11-24,43.23793029785156,60.4273796081543
2021-11-25,43.23793029785156,60.4273796081543
2021-11-26,42.06742858886719,59.4829216003418
2021-11-29,42.595481872558594,60.36500930786133
2021-11-30,41.706607818603516,58.600830078125
2021-12-01,41.16096115112305,58.707759857177734
2021-12-02,42.287452697753906,59.456199645996094
2021-12-03,42.07623291015625,60.05316162109375
2021-12-06,42.68347930908203,60.970882415771484
2021-12-07,43.44034957885742,61.42529296875
2021-12-08,43.62516403198242,61.36293411254883
2021-12-09,43.07071304321289,61.282745361328125
2021-12-10,43.29072570800781,61.6124153137207
2021-12-13,43.871585845947266,62.36975860595703
2021-12-14,43.38753890991211,61.99553680419922
2021-12-15,44.02999496459961,63.01125717163086
2021-12-16,44.19721603393555,63.33202362060547
2021-12-17,44.04759216308594,62.3786735534668
2021-12-20,43.75912094116211,62.437931060791016
2021-12-21,44.007652282714844,62.3481330871582
2021-12-22,44.44257736206055,62.6175422668457
2021-12-23,44.3094367980957,62.60856628417969
2021-12-24,44.3094367980957,62.60856628417969
2021-12-27,45.21479797363281,62.913875579833984
2021-12-28,45.410072326660156,63.47959899902344
2021-12-29,45.68524169921875,63.82086181640625
2021-12-30,45.88937759399414,64.0543441772461
2021-12-31,45.98701858520508,64.27883911132812
2022-01-03,45.56097412109375,63.64126205444336
2022-01-04,45.38344955444336,63.443695068359375
2022-01-05,43.91001892089844,63.40777587890625
2022-01-06,43.96327209472656,62.75223922729492
2022-01-07,43.73250198364258,63.22818374633789
2022-01-10,43.47509765625,62.815093994140625
2022-01-11,43.404083251953125,62.24934005737305
2022-01-12,43.519474029541016,62.4469108581543
2022-01-13,43.36857604980469,62.75223922729492
2022-01-14,42.862640380859375,62.321197509765625
2022-01-17,42.862640380859375,62.321197509765625
2022-01-18,42.56972122192383,61.57584762573242
2022-01-19,42.019412994384766,61.85422134399414
2022-01-20,41.646610260009766,61.935062408447266
2022-01-21,41.61998748779297,61.81832504272461
2022-01-24,41.708744049072266,61.22562789916992
2022-01-25,41.593353271484375,60.2647705078125
2022-01-26,40.90102767944336,59.770870208740234
2022-01-27,40.16429901123047,60.300697326660156
2022-01-28,41.55785369873047,61.028076171875
2022-01-31,42.019412994384766,62.186500549316406
2022-02-01,41.73537826538086,61.36033630371094
2022-02-02,42.454341888427734,62.26731491088867
2022-02-03,42.019412994384766,61.988929748535156
2022-02-04,41.44245910644531,61.49503707885742
2022-02-07,41.451332092285156,61.40522766113281
2022-02-08,41.07854080200195,61.45012664794922
2022-02-09,42.072669982910156,61.71953582763672
2022-02-10,40.87439727783203,60.15700912475586
2022-02-11,40.3151969909668,60.192935943603516
2022-02-14,39.88027572631836,59.681068420410156
2022-02-15,40.07555389404297,59.40269470214844
2022-02-16,40.18206787109375,59.53739929199219
2022-02-17,39.83589172363281,59.57331466674805
2022-02-18,39.658363342285156,59.46554946899414
2022-02-21,39.658363342285156,59.46554946899414
2022-02-22,39.551856994628906,59.40269470214844
2022-02-23,39.03703689575195,58.39692306518555
2022-02-24,39.71162796020508,58.8639030456543
2022-02-25,40.70574951171875,60.68684005737305
2022-02-28,40.00453567504883,61.001129150390625
2022-03-01,39.92464828491211,60.471309661865234
2022-03-02,40.63473892211914,61.20767593383789
2022-03-03,41.07854080200195,62.2852668762207
2022-03-04,41.42470932006836,63.659217834472656
2022-03-07,40.67024612426758,64.48536682128906
2022-03-08,40.30632400512695,63.488609313964844
2022-03-09,40.98090744018555,63.03958511352539
2022-03-10,41.122920989990234,63.461647033691406
2022-03-11,40.71462631225586,63.24612808227539
2022-03-14,40.466094970703125,63.17428970336914
2022-03-15,40.7856330871582,63.98249053955078
2022-03-16,41.238311767578125,63.865753173828125
2022-03-17,41.82413101196289,64.1351547241211
2022-03-18,41.92177200317383,63.58736801147461
2022-03-21,41.706634521484375,64.01224517822266
2022-03-22,41.73341369628906,64.10264587402344
2022-03-23,41.26028823852539,64.19304656982422
2022-03-24,41.5816535949707,64.85296630859375
2022-03-25,42.07263946533203,65.79312133789062
2022-03-28,42.60825729370117,66.21800994873047
2022-03-29,43.8580207824707,66.83272552490234
2022-03-30,43.61699676513672,67.38417053222656
2022-03-31,43.134944915771484,67.31185913085938
2022-04-01,43.99192810058594,68.25201416015625
2022-04-04,43.8580207824707,67.72769165039062
2022-04-05,43.893733978271484,68.1525650024414
2022-04-06,44.54539489746094,69.5085678100586
2022-04-07,44.17938995361328,69.3368148803711
2022-04-08,44.3400764465332,69.57184600830078
2022-04-11,43.73304748535156,68.62265014648438
2022-04-12,43.59914016723633,68.88479614257812
2022-04-13,43.777687072753906,68.74921417236328
2022-04-14,43.52772521972656,68.7853775024414
2022-04-15,43.52772521972656,68.7853775024414
2022-04-18,43.420597076416016,68.41472625732422
2022-04-19,44.33115005493164,68.85768127441406
2022-04-20,45.17028045654297,69.41815948486328
2022-04-21,44.875694274902344,68.27007293701172
2022-04-22,44.072269439697266,67.12200927734375
2022-04-25,43.86695098876953,66.66097259521484
2022-04-26,43.17957305908203,65.99201202392578
2022-04-27,42.92069625854492,65.67560577392578
2022-04-28,43.70627212524414,66.40784454345703
2022-04-29,41.59950256347656,64.4190673828125
2022-05-02,40.519351959228516,63.759124755859375
2022-05-03,41.01033401489258,64.00321960449219
2022-05-04,41.49237823486328,65.43152618408203
2022-05-05,40.430076599121094,64.7625732421875
2022-05-06,40.019447326660156,65.2778549194336
2022-05-09,38.153709411621094,64.78968048095703
2022-05-10,37.3056526184082,64.00321960449219
2022-05-11,37.25209045410156,64.46424865722656
2022-05-12,37.52882766723633,63.81337356567383
2022-05-13,38.46615219116211,64.57274627685547
2022-05-16,38.153709411621094,64.77161407470703
2022-05-17,38.56435012817383,65.44055938720703
2022-05-18,37.43955612182617,64.80776977539062
2022-05-19,37.368141174316406,64.67218017578125
2022-05-20,37.80556106567383,64.85296630859375
2022-05-23,38.29654312133789,65.63041687011719
2022-05-24,38.74288558959961,66.94122314453125
2022-05-25,38.95713424682617,66.89601135253906
2022-05-26,38.91250228881836,67.08584594726562
2022-05-27,40.01051712036133,68.1344985961914
2022-05-30,40.01051712036133,68.1344985961914
2022-05-31,39.47489547729492,67.1943359375
2022-06-01,39.046409606933594,67.08584594726562
2022-06-02,39.63558578491211,67.53785705566406
2022-06-03,39.13567352294922,67.21240997314453
2022-06-06,39.01961898803711,67.51072692871094
2022-06-07,39.47489547729492,67.91751861572266
2022-06-08,38.52864074707031,66.58866119384766
2022-06-09,37.644874572753906,64.98856353759766
2022-06-10,36.75218963623047,64.49137115478516
2022-06-13,34.984649658203125,61.526241302490234
2022-06-14,34.73469543457031,59.97136306762695
2022-06-15,35.52919006347656,60.360084533691406
2022-06-16,34.68113708496094,59.19392395019531
2022-06-17,34.8864631652832,58.642494201660156
2022-06-20,34.8864631652832,58.642494201660156
2022-06-21,35.536170959472656,59.75874328613281
2022-06-22,36.11208724975586,60.38750076293945
2022-06-23,36.822994232177734,61.80902862548828
2022-06-24,37.62388229370117,62.8842887878418
2022-06-27,37.4889030456543,63.394569396972656
2022-06-28,36.97597885131836,63.15766525268555
2022-06-29,36.742000579833984,63.203216552734375
2022-06-30,36.76899719238281,63.90486526489258
2022-07-01,37.42591094970703,65.47219848632812
2022-07-04,37.42591094970703,65.47219848632812
2022-07-05,37.27293014526367,63.23967361450195
2022-07-06,37.245933532714844,63.895774841308594
2022-07-07,37.27293014526367,63.83198547363281
2022-07-08,37.101959228515625,63.622379302978516
2022-07-11,37.101959228515625,64.02333068847656
2022-07-12,36.867984771728516,63.713497161865234
2022-07-13,36.670013427734375,63.449249267578125
2022-07-14,36.310054779052734,63.449249267578125
2022-07-15,36.89497756958008,63.56770706176758
2022-07-18,36.535037994384766,62.683815002441406
2022-07-19,37.54289245605469,63.08477783203125
2022-07-20,37.35392379760742,62.246421813964844
2022-07-21,37.740867614746094,62.41043472290039
2022-07-22,38.02882766723633,63.267005920410156
2022-07-25,38.055824279785156,64.05978393554688
2022-07-26,38.12781524658203,64.44249725341797
2022-07-27,38.33478546142578,64.4971694946289
2022-07-28,39.747596740722656,66.81169128417969
2022-07-29,39.900577545166016,67.38578796386719
2022-08-01,39.54062271118164,67.45867156982422
2022-08-02,39.01869201660156,67.32198333740234
2022-08-03,39.1806640625,67.74115753173828
2022-08-04,39.216670989990234,67.88697814941406
2022-08-05,39.3426513671875,67.64093017578125
2022-08-08,39.630615234375,67.74115753173828
2022-08-09,39.9455680847168,68.49748992919922
2022-08-10,40.48548889160156,68.7981948852539
2022-08-11,40.29652404785156,68.78909301757812
2022-08-12,40.980430603027344,69.90990447998047
2022-08-15,41.160400390625,70.49310302734375
2022-08-16,40.99843215942383,70.69356536865234
2022-08-17,40.88144302368164,70.57510375976562
2022-08-18,40.60247802734375,70.83936309814453
2022-08-19,40.20653533935547,70.80291748046875
2022-08-22,39.36964416503906,69.8370132446289
2022-08-23,38.775726318359375,69.41783142089844
2022-08-24,39.08168411254883,69.63652801513672
2022-08-25,39.68460464477539,70.06481170654297
2022-08-26,38.676734924316406,68.98956298828125
2022-08-29,38.343788146972656,69.19914245605469
2022-08-30,37.79486083984375,68.18767547607422
2022-08-31,37.65987777709961,67.74115753173828
2022-09-01,37.79486083984375,68.7161865234375
2022-09-02,37.14694595336914,67.97808837890625
2022-09-05,37.14694595336914,67.97808837890625
2022-09-06,37.53388977050781,68.15122985839844
2022-09-07,38.2537956237793,70.28351593017578
2022-09-08,38.361778259277344,70.22883605957031
2022-09-09,38.73073959350586,70.51131439208984
2022-09-12,39.0546875,71.18563842773438
2022-09-13,37.56988525390625,69.29026794433594
2022-09-14,37.11095428466797,69.85523223876953
2022-09-15,36.30106735229492,68.11477661132812
2022-09-16,36.310054779052734,67.85961151123047
2022-09-19,36.24104309082031,68.7687759399414
2022-09-20,35.28757858276367,67.76879119873047
2022-09-21,34.76997756958008,66.84222412109375
2022-09-22,34.44307327270508,66.60369110107422
2022-09-23,34.01627731323242,65.83306884765625
2022-09-26,33.09912872314453,64.2459487915039
2022-09-27,32.66325759887695,63.163414001464844
2022-09-28,33.28074264526367,63.8422966003418
2022-09-29,32.35451126098633,61.282737731933594
2022-09-30,32.6995735168457,60.09928894042969
2022-10-03,33.3079833984375,61.86070251464844
2022-10-04,33.83465576171875,63.17259979248047
2022-10-05,33.208099365234375,61.76896667480469
2022-10-06,32.118412017822266,59.732330322265625
2022-10-07,31.355632781982422,58.49381637573242
2022-10-10,31.00148582458496,58.59473419189453
2022-10-11,31.292076110839844,58.38372802734375
2022-10-12,30.874361038208008,56.43883514404297
2022-10-13,31.455533981323242,57.85164260864258
2022-10-14,30.66550064086914,57.01679992675781
2022-10-17,31.809661865234375,58.20942306518555
2022-10-18,32.22737503051758,59.27362060546875
2022-10-19,31.41919708251953,58.50299835205078
2022-10-20,31.264833450317383,57.02597427368164
2022-10-21,31.482765197753906,58.08099365234375
2022-10-24,31.464609146118164,58.56721878051758
2022-10-25,32.70866394042969,59.74149703979492
2022-10-26,32.645084381103516,59.71397399902344
2022-10-27,32.66325759887695,60.19102478027344
2022-10-28,33.435115814208984,61.84236526489258
2022-10-31,33.3533935546875,61.2643928527832
2022-11-01,33.29890441894531,61.50292205810547
2022-11-02,32.42715835571289,60.9066047668457
2022-11-03,32.409000396728516,61.17264938354492
2022-11-04,32.8630256652832,61.54878234863281
2022-11-07,32.85395050048828,60.37450408935547
2022-11-08,33.0537223815918,60.796512603759766
2022-11-09,32.690494537353516,60.31946563720703
2022-11-10,35.19676208496094,63.163414001464844
2022-11-11,35.178611755371094,62.45702362060547
2022-11-14,34.243289947509766,61.71391296386719
2022-11-15,34.67008972167969,62.392799377441406
2022-11-16,34.4249153137207,62.952415466308594
2022-11-17,34.11616897583008,61.85153579711914
2022-11-18,34.552040100097656,63.163414001464844
2022-11-21,34.797218322753906,63.44780731201172
2022-11-22,34.96975326538086,63.98908233642578
2022-11-23,35.02423095703125,64.70467376708984
2022-11-24,35.02423095703125,64.70467376708984
2022-11-25,35.233089447021484,65.0807876586914
2022-11-28,34.243289947509766,64.41109466552734
2022-11-29,34.81538009643555,63.934043884277344
2022-11-30,35.63264083862305,65.53033447265625
2022-12-01,35.55999755859375,65.47528076171875
2022-12-02,35.38746643066406,65.16336822509766
2022-12-05,34.78813552856445,64.7964096069336
2022-12-06,34.52479553222656,65.2000732421875
2022-12-07,34.59744644165039,64.89730834960938
2022-12-08,34.85170364379883,65.31932067871094
2022-12-09,34.779056549072266,64.9798812866211
2022-12-12,35.06962966918945,66.46607971191406
2022-12-13,35.841495513916016,66.66790008544922
2022-12-14,35.49642562866211,66.5853500366211
2022-12-15,35.087791442871094,65.77803802490234
2022-12-16,34.0526008605957,64.65879821777344
2022-12-19,33.64943313598633,64.40165710449219
2022-12-20,33.57596206665039,64.420166015625
2022-12-21,33.91576385498047,65.31733703613281
2022-12-22,33.75045394897461,64.91963195800781
2022-12-23,34.053524017333984,65.58555603027344
2022-12-26,34.053524017333984,65.58555603027344
2022-12-27,34.02596664428711,65.99252319335938
2022-12-28,33.4841194152832,65.36357879638672
2022-12-29,34.22800827026367,65.83528900146484
2022-12-30,33.91576385498047,65.20634460449219
2023-01-02,33.91576385498047,65.20634460449219
2023-01-03,34.04433822631836,65.20634460449219
2023-01-04,34.82495880126953,65.79828643798828
2023-01-05,33.8055534362793,64.37393188476562
2023-01-06,34.78822326660156,65.66879272460938
2023-01-09,34.76985168457031,66.11276245117188
2023-01-10,34.870880126953125,66.1312484741211
2023-01-11,36.13823699951172,66.6677017211914
2023-01-12,36.54232406616211,66.2145004272461
2023-01-13,36.33110046386719,65.97402954101562
2023-01-16,36.33110046386719,65.97402954101562
2023-01-17,36.34028244018555,65.88153839111328
2023-01-18,35.78007507324219,64.29991912841797
2023-01-19,35.6055793762207,63.652488708496094
2023-01-20,36.018856048583984,64.03170776367188
2023-01-23,36.119873046875,64.05020141601562
2023-01-24,36.2760009765625,64.37393188476562
2023-01-25,36.31272888183594,63.5045051574707
2023-01-26,36.72600173950195,63.71723175048828
2023-01-27,37.056617736816406,63.71723175048828
2023-01-30,36.60661697387695,63.43051528930664
2023-01-31,37.27703857421875,63.9022216796875
2023-02-01,37.55254364013672,64.0132064819336
2023-02-02,38.41582489013672,64.15193939208984
2023-02-03,37.6168327331543,62.81082534790039
2023-02-06,37.3780517578125,63.347267150878906
2023-02-07,37.231109619140625,63.319515228271484
2023-02-08,37.130088806152344,62.255859375
2023-02-09,36.77192306518555,61.40495300292969
2023-02-10,36.845394134521484,62.62583541870117
2023-02-13,37.1851921081543,63.00506591796875
2023-02-14,36.79947280883789,62.7368278503418
2023-02-15,36.90049743652344,63.14379119873047
2023-02-16,36.56069564819336,62.6628303527832
2023-02-17,36.377010345458984,63.3380241394043
2023-02-20,36.377010345458984,63.3380241394043
2023-02-21,35.660682678222656,62.15412902832031
2023-02-22,35.3392448425293,61.913658142089844
2023-02-23,35.679054260253906,61.589935302734375
2023-02-24,35.017818450927734,61.608428955078125
2023-02-27,35.07291793823242,61.19222640991211
2023-02-28,35.09128952026367,60.119327545166016
2023-03-01,34.54944610595703,59.129669189453125
2023-03-02,34.99945068359375,60.24880599975586
2023-03-03,35.58721160888672,61.27545928955078
2023-03-06,35.4494514465332,61.571434020996094
2023-03-07,34.55863571166992,60.56327819824219
2023-03-08,35.04536819458008,61.02573776245117
2023-03-09,34.246376037597656,60.535526275634766
2023-03-10,33.15350341796875,59.58287048339844
2023-03-13,33.68616485595703,60.49854278564453
2023-03-14,34.035160064697266,61.29396057128906
2023-03-15,34.053524017333984,62.12638473510742
2023-03-16,34.053524017333984,62.54258728027344
2023-03-17,33.27289962768555,61.941410064697266
2023-03-20,33.62990951538086,62.425907135009766
2023-03-21,33.4356803894043,61.168060302734375
2023-03-22,32.21479797363281,59.96613311767578
2023-03-23,32.02055740356445,59.351192474365234
2023-03-24,32.84373092651367,61.20532989501953
2023-03-27,32.73274612426758,61.27986526489258
2023-03-28,32.62175750732422,61.44758224487305
2023-03-29,33.398685455322266,62.34204864501953
2023-03-30,33.83339309692383,62.612239837646484
2023-03-31,34.57332229614258,63.06880569458008
2023-04-03,34.24960708618164,62.64019775390625
2023-04-04,34.25885772705078,62.95697784423828
2023-04-05,34.08312225341797,64.58751678466797
2023-04-06,34.31435012817383,65.04405975341797
2023-04-07,34.31435012817383,65.04405975341797
2023-04-10,34.490081787109375,64.91361236572266
2023-04-11,34.65657043457031,64.96952819824219
2023-04-12,34.55482864379883,64.904296875
2023-04-13,34.4438362121582,64.91361236572266
2023-04-14,33.85189437866211,64.18687438964844
2023-04-17,34.61956787109375,64.54093170166016
2023-04-18,34.5640754699707,64.20549774169922
2023-04-19,34.767555236816406,64.6993179321289
2023-04-20,34.351341247558594,64.68067169189453
2023-04-21,34.38834762573242,64.86703491210938
2023-04-24,34.29585647583008,65.1931381225586
2023-04-25,33.98138427734375,65.12791442871094
2023-04-26,33.70390701293945,63.599884033203125
2023-04-27,34.51782989501953,64.36389923095703
2023-04-28,34.91554641723633,64.2707290649414
2023-05-01,34.591819763183594,64.38253784179688
2023-05-02,33.999874114990234,63.599884033203125
2023-05-03,33.787147521972656,63.422847747802734
2023-05-04,34.10162353515625,63.9073486328125
2023-05-05,34.62881851196289,64.31730651855469
2023-05-08,34.38834762573242,64.12165069580078
2023-05-09,34.27736282348633,64.03778839111328
2023-05-10,34.60107421875,64.6247787475586
2023-05-11,34.240360260009766,63.963253021240234
2023-05-12,34.30510330200195,64.31730651855469
2023-05-15,34.240360260009766,63.506717681884766
2023-05-16,33.32468795776367,62.099788665771484
2023-05-17,33.7593994140625,61.87617492675781
2023-05-18,33.54667282104492,61.68982696533203
2023-05-19,33.491172790527344,61.59666061401367
2023-05-22,33.713157653808594,61.615291595458984
2023-05-23,33.296939849853516,61.400997161865234
2023-05-24,32.56625747680664,61.00035858154297
2023-05-25,32.6402587890625,60.1804313659668
2023-05-26,33.019474029541016,60.1804313659668
2023-05-29,33.019474029541016,60.1804313659668
2023-05-30,33.121212005615234,59.9474983215332
2023-05-31,33.33394241333008,60.49722671508789
2023-06-01,33.34318542480469,60.04998779296875
2023-06-02,34.04612350463867,60.67425537109375
2023-06-05,33.88888931274414,60.96308517456055
2023-06-06,34.092369079589844,60.91649627685547
2023-06-07,34.721317291259766,61.95071792602539
2023-06-08,34.508583068847656,62.22091293334961
2023-06-09,34.33284378051758,61.8575325012207
2023-06-12,34.31435012817383,61.7457389831543
2023-06-13,34.5640754699707,61.736419677734375
2023-06-14,34.749061584472656,61.699161529541016
2023-06-15,34.89704132080078,62.3700065612793
2023-06-16,34.860050201416016,62.705421447753906
2023-06-19,34.860050201416016,62.705421447753906
2023-06-20,34.485591888427734,61.97001266479492
2023-06-21,34.336181640625,62.46780014038086
2023-06-22,33.85060119628906,61.98880386352539
2023-06-23,33.486419677734375,61.0777473449707
2023-06-26,34.23346710205078,61.67885208129883
2023-06-27,34.606990814208984,61.697628021240234
2023-06-28,34.70036697387695,60.786590576171875
2023-06-29,35.01786422729492,60.786590576171875
2023-06-30,35.195289611816406,61.46283721923828
2023-07-03,35.475433349609375,61.92304229736328
2023-07-04,35.475433349609375,61.92304229736328
2023-07-05,35.652854919433594,62.62746047973633
2023-07-06,35.456756591796875,61.86669921875
2023-07-07,35.288673400878906,61.41586685180664
2023-07-10,35.410064697265625,61.15288543701172
2023-07-11,35.81160354614258,61.91365051269531
2023-07-12,35.97968673706055,62.81529998779297
2023-07-13,36.222476959228516,63.03132629394531
2023-07-14,36.222476959228516,62.78712463378906
2023-07-17,35.91432189941406,62.06393051147461
2023-07-18,35.615501403808594,61.584922790527344
2023-07-19,36.00770568847656,62.214210510253906
2023-07-20,35.88630294799805,63.35065841674805
2023-07-21,36.045047760009766,64.29928588867188
2023-07-24,36.390567779541016,64.13021087646484
2023-07-25,36.11975860595703,64.24293518066406
2023-07-26,36.250492095947266,64.24293518066406
2023-07-27,35.484771728515625,63.10647201538086
2023-07-28,35.38204574584961,62.96559143066406
2023-07-31,35.662193298339844,62.99375534057617
2023-08-01,35.59682846069336,62.22359848022461
2023-08-02,35.447410583496094,62.22359848022461
2023-08-03,34.96183395385742,60.80536651611328
2023-08-04,34.616329193115234,60.100955963134766
2023-08-07,35.05521774291992,60.09156036376953
2023-08-08,34.87778854370117,60.373329162597656
2023-08-09,34.96183395385742,60.504817962646484
2023-08-10,34.84977340698242,60.31697463989258
2023-08-11,34.91514205932617,60.64570236206055
2023-08-14,34.7283821105957,60.16669464111328
2023-08-15,34.37353515625,59.18990707397461
2023-08-16,33.95331954956055,59.452884674072266
2023-08-17,33.70119094848633,59.32139587402344
2023-08-18,33.7945671081543,59.63134002685547
2023-08-21,33.50509262084961,59.255645751953125
2023-08-22,33.60781478881836,59.42470932006836
2023-08-23,34.102725982666016,59.659523010253906
2023-08-24,33.9439811706543,59.312007904052734
2023-08-25,34.03736114501953,59.76283645629883
2023-08-28,34.308170318603516,59.753440856933594
2023-08-29,34.70036697387695,59.978851318359375
2023-08-30,34.8217658996582,59.706478118896484
2023-08-31,34.569637298583984,59.133548736572266
2023-09-01,34.550960540771484,58.83300018310547
2023-09-04,34.550960540771484,58.83300018310547
2023-09-05,34.205448150634766,57.93134307861328
2023-09-06,34.140079498291016,58.062835693359375
2023-09-07,34.420223236083984,58.8236083984375
2023-09-08,34.196109771728516,59.34018325805664
2023-09-11,34.214786529541016,59.58437728881836
2023-09-12,34.214786529541016,59.659523010253906
2023-09-13,33.86927795410156,60.373329162597656
2023-09-14,34.485591888427734,61.25620651245117
2023-09-15,34.354862213134766,60.99321746826172
2023-09-18,34.054595947265625,60.94776916503906
2023-09-19,33.875762939453125,60.61637496948242
2023-09-20,33.941646575927734,60.673187255859375
2023-09-21,32.76507568359375,60.0388069152832
2023-09-22,32.539180755615234,59.9251823425293
2023-09-25,32.482704162597656,59.839969635009766
2023-09-26,31.908538818359375,58.05044937133789
2023-09-27,31.626157760620117,56.93318557739258
2023-09-28,31.955598831176758,55.702301025390625
2023-09-29,32.06855392456055,55.7969856262207
2023-10-02,31.484973907470703,53.20265197753906
2023-10-03,30.910808563232422,53.81809997558594
2023-10-04,31.240245819091797,53.761287689208984
2023-10-05,31.46615219116211,53.44883346557617
2023-10-06,31.588510513305664,54.206302642822266
2023-10-09,32.002662658691406,54.745994567871094
2023-10-10,32.11561584472656,55.493995666503906
2023-10-11,32.76507568359375,56.393489837646484
2023-10-12,32.33209991455078,55.52239990234375
2023-10-13,32.32269287109375,56.147308349609375
2023-10-16,32.65212631225586,56.724884033203125
2023-10-17,32.482704162597656,56.573387145996094
2023-10-18,31.767345428466797,56.081031799316406
2023-10-19,30.98610496520996,55.52239990234375
2023-10-20,30.82609748840332,54.9448356628418
2023-10-23,30.562545776367188,54.48088455200195
2023-10-24,30.948461532592773,55.88219451904297
2023-10-25,30.29899024963379,56.19465255737305
2023-10-26,30.939044952392578,56.67753601074219
2023-10-27,30.44959259033203,55.60761642456055
2023-10-30,30.543720245361328,56.033695220947266
2023-10-31,31.155532836914062,56.516578674316406
2023-11-01,31.3155517578125,57.160423278808594
2023-11-02,32.285037994384766,58.2303466796875
2023-11-03,33.04745864868164,58.57120895385742
2023-11-06,32.59565734863281,58.41971206665039
2023-11-07,32.32269287109375,57.9936408996582
2023-11-08,32.51094436645508,57.567562103271484
2023-11-09,32.0120735168457,56.81010055541992
2023-11-10,32.3697509765625,57.11308670043945
2023-11-13,32.0967903137207,56.43136215209961
2023-11-14,33.82869338989258,58.68482971191406
2023-11-15,33.90399932861328,58.50493240356445
2023-11-16,33.89458465576172,58.8173828125
2023-11-17,33.85693359375,58.97834777832031
2023-11-20,34.1204833984375,58.79844665527344
2023-11-21,33.95105743408203,58.92153549194336
2023-11-22,34.054595947265625,59.205589294433594
2023-11-23,34.054595947265625,59.205589294433594
2023-11-24,34.18637466430664,59.357078552246094
2023-11-27,34.30873107910156,59.4517707824707
2023-11-28,34.49699020385742,59.64113235473633
2023-11-29,34.76054000854492,59.16771697998047
2023-11-30,35.042911529541016,59.42336654663086
2023-12-01,35.77709197998047,60.15242385864258
2023-12-04,35.974761962890625,59.915714263916016
2023-12-05,35.82416534423828,59.48963928222656
2023-12-06,35.7017936706543,60.284976959228516
2023-12-07,35.74885559082031,60.15242385864258
2023-12-08,35.673561096191406,60.0388069152832
2023-12-11,35.795921325683594,60.42700958251953
2023-12-12,35.78650665283203,60.18083190917969
2023-12-13,37.08544158935547,62.45323181152344
2023-12-14,38.11140441894531,61.63895797729492
2023-12-15,37.65019226074219,60.56903076171875
2023-12-18,37.5465087890625,60.43235778808594
2023-12-19,37.8033447265625,60.77642822265625
2023-12-20,37.32770919799805,59.54351043701172
2023-12-21,37.64162826538086,59.64863967895508
2023-12-22,37.79383087158203,59.84934616088867
2023-12-25,37.79383087158203,59.84934616088867
2023-12-26,38.069698333740234,60.21253204345703
2023-12-27,38.28848648071289,60.17430114746094
2023-12-28,38.526309967041016,60.604393005371094
2023-12-29,38.10775375366211,60.52793502807617
2024-01-01,38.10775375366211,60.52793502807617
2024-01-02,38.459716796875,61.4072265625
2024-01-03,37.5465087890625,61.6366081237793
2024-01-04,37.451377868652344,61.445457458496094
2024-01-05,37.375282287597656,61.674835205078125
2024-01-08,37.88896179199219,62.124046325683594
2024-01-09,37.62260055541992,61.61749267578125
2024-01-10,37.67967987060547,61.60793685913086
2024-01-11,37.32770919799805,60.17430114746094
2024-01-12,37.61309051513672,60.518375396728516
2024-01-15,37.61309051513672,60.518375396728516
2024-01-16,37.38478469848633,59.85890579223633
2024-01-17,36.69987869262695,58.989173889160156
2024-01-18,36.46206283569336,58.358367919921875
2024-01-19,36.814029693603516,58.28190994262695
2024-01-22,36.98525619506836,57.98562240600586
2024-01-23,36.785484313964844,58.090755462646484
2024-01-24,36.28131866455078,57.2974853515625
2024-01-25,36.775978088378906,58.32969284057617
2024-01-26,36.614261627197266,58.50173568725586
2024-01-29,36.880619049072266,58.87447738647461
2024-01-30,36.53815841674805,58.85536575317383
2024-01-31,36.27180480957031,58.73111343383789
2024-02-01,36.90915298461914,59.84934616088867
2024-02-02,36.44303512573242,58.769344329833984
2024-02-05,35.72007369995117,57.54597854614258
2024-02-06,36.26229476928711,57.75624465942383
2024-02-07,36.24326705932617,57.79447555541992
2024-02-08,36.44303512573242,57.38349914550781
2024-02-09,36.53815841674805,57.60332107543945
2024-02-12,36.424007415771484,58.27235412597656
2024-02-13,35.75811767578125,57.307037353515625
2024-02-14,35.99593734741211,57.62244415283203
2024-02-15,36.86159133911133,58.58774948120117
2024-02-16,36.4810791015625,58.520843505859375
2024-02-19,36.4810791015625,58.520843505859375
2024-02-20,36.424007415771484,58.48261642456055
2024-02-21,36.69036102294922,59.256778717041016
2024-02-22,36.785484313964844,58.79801559448242
2024-02-23,36.83305358886719,59.21855163574219
2024-02-26,36.414493560791016,58.052528381347656
2024-02-27,36.44303512573242,59.151641845703125
2024-02-28,36.90915298461914,59.33324432373047
2024-02-29,37.20405197143555,59.352352142333984
2024-03-01,37.61309051513672,58.989173889160156
2024-03-04,38.04116439819336,59.983154296875
2024-03-05,37.55601501464844,59.81111526489258
2024-03-06,37.76529312133789,60.38456726074219
2024-03-07,37.76529312133789,60.77642822265625
2024-03-08,38.2123908996582,60.929351806640625
2024-03-11,38.02213668823242,61.23518371582031
2024-03-12,37.927005767822266,60.64262390136719
2024-03-13,37.68918991088867,61.0536003112793
2024-03-14,37.15647888183594,60.566162109375
2024-03-15,37.1374626159668,60.65217971801758
2024-03-18,37.131710052490234,60.931644439697266
2024-03-19,37.131710052490234,61.471290588378906
2024-03-20,37.284950256347656,61.54837417602539
2024-03-21,37.428611755371094,61.45201110839844
2024-03-22,36.9880485534668,61.53874206542969
2024-03-25,36.844390869140625,61.82783889770508
2024-03-26,36.6911506652832,61.12437438964844
2024-03-27,37.62015914916992,62.83002853393555
2024-03-28,37.859596252441406,63.263675689697266
2024-03-29,37.859596252441406,63.263675689697266
2024-04-01,37.198753356933594,62.878211975097656
2024-04-02,36.786922454833984,62.98421859741211
2024-04-03,36.80607604980469,62.733673095703125
2024-04-04,36.51875686645508,62.60839080810547
2024-04-05,36.75819396972656,62.79148864746094
2024-04-08,37.07424545288086,63.205848693847656
2024-04-09,37.543540954589844,63.55277633666992
2024-04-10,36.00157165527344,62.46384811401367
2024-04-11,36.039886474609375,62.33857345581055
2024-04-12,35.66636657714844,61.86637878417969
2024-04-15,35.043827056884766,61.297828674316406
2024-04-16,34.50749206542969,60.48836135864258
2024-04-17,34.22016906738281,61.75074768066406
2024-04-18,34.2297477722168,62.097660064697266
2024-04-19,34.363834381103516,63.05167007446289
2024-04-22,34.641578674316406,63.62985610961914
2024-04-23,34.95763397216797,63.9285888671875
2024-04-24,35.09172058105469,64.31404876708984
2024-04-25,34.89059066772461,64.48751068115234
2024-04-26,34.9193229675293,63.784053802490234
2024-04-29,35.3120002746582,64.65132904052734
2024-04-30,34.66073226928711,64.31404876708984
2024-05-01,34.67988586425781,65.05606079101562
2024-05-02,35.17790985107422,65.4029769897461
2024-05-03,35.455665588378906,65.92335510253906
2024-05-06,35.46523666381836,66.2606430053711
2024-05-07,35.8387565612793,67.01228332519531
2024-05-08,35.503543853759766,67.71572875976562
2024-05-09,36.34636688232422,68.7468490600586
2024-05-10,36.212276458740234,68.67938232421875
2024-05-13,36.308048248291016,68.67938232421875
2024-05-14,36.566646575927734,68.86249542236328
2024-05-15,37.189178466796875,69.89359283447266
2024-05-16,37.122135162353516,69.65267944335938
2024-05-17,37.122135162353516,69.71049499511719
2024-05-20,36.89227294921875,69.59485626220703
2024-05-21,36.86354446411133,70.22123718261719
2024-05-22,36.547489166259766,69.39248657226562
2024-05-23,35.77171325683594,68.21684265136719
2024-05-24,35.77171325683594,68.9010238647461
2024-05-27,35.77171325683594,68.9010238647461
2024-05-28,35.561012268066406,68.83358001708984
2024-05-29,35.22580337524414,67.947021484375
2024-05-30,35.7334098815918,68.86249542236328
2024-05-31,36.44213104248047,70.07669067382812
2024-06-03,36.2984733581543,69.27684783935547
2024-06-04,36.64325714111328,69.2479476928711
2024-06-05,36.595375061035156,68.85284423828125
2024-06-06,36.6528434753418,68.13975524902344
2024-06-07,36.365516662597656,67.39775085449219
2024-06-10,36.547489166259766,68.26502990722656
2024-06-11,36.432559967041016,67.85065460205078
2024-06-12,36.6911506652832,67.4073715209961
2024-06-13,36.87311935424805,67.56156158447266
2024-06-14,36.901851654052734,67.39775085449219
2024-06-17,36.71030807495117,66.65573120117188
2024-06-18,36.853965759277344,66.68463134765625
2024-06-19,36.853965759277344,66.68463134765625
2024-06-20,36.75819396972656,67.26283264160156
2024-06-21,36.853965759277344,66.86772918701172
2024-06-24,37.10260009765625,67.74686431884766
2024-06-25,36.580169677734375,67.10572814941406
2024-06-26,36.531795501708984,66.82401275634766
2024-06-27,36.86073684692383,66.94058990478516
2024-06-28,37.16065216064453,66.1926040649414
2024-07-01,36.80268859863281,65.73602294921875
2024-07-02,36.957481384277344,66.07601928710938
2024-07-03,36.918785095214844,66.47431182861328
2024-07-04,36.918785095214844,66.47431182861328
2024-07-05,37.05423355102539,66.59087371826172
2024-07-08,37.141300201416016,66.65887451171875
2024-07-09,37.15098571777344,66.85315704345703
2024-07-10,37.41219711303711,67.48458099365234
2024-07-11,38.408695220947266,68.7182846069336
2024-07-12,38.689266204833984,69.22341918945312
2024-07-15,38.85373306274414,67.5428695678711
2024-07-16,39.22137451171875,68.06742858886719
2024-07-17,39.569664001464844,68.10629272460938
2024-07-18,39.24072265625,68.04801177978516
2024-07-19,39.19234848022461,68.12571716308594
2024-07-22,39.57933807373047,68.69886016845703
2024-07-23,39.511619567871094,68.27143859863281
2024-07-24,38.969825744628906,69.03884887695312
2024-07-25,38.75698471069336,68.4657211303711
2024-07-26,39.405189514160156,69.135986328125
2024-07-29,39.656742095947266,69.44684600830078
2024-07-30,39.94697952270508,69.8062744140625
2024-07-31,39.85022735595703,70.70970153808594
2024-08-01,40.46941375732422,71.98226165771484
2024-08-02,40.498435974121094,72.09883880615234
2024-08-05,39.327796936035156,70.19483947753906
2024-08-06,40.19852066040039,70.78741455078125
2024-08-07,39.90827560424805,71.1856918334961
2024-08-08,40.24689483642578,71.2634048461914
2024-08-09,40.45006561279297,71.50626373291016
2024-08-12,40.208194732666016,71.6325454711914
2024-08-13,40.48876190185547,72.05025482177734
2024-08-14,40.63388442993164,72.00169372558594
2024-08-15,40.51778793334961,71.99197387695312
2024-08-16,40.498435974121094,72.31254577636719
2024-08-19,40.74030303955078,72.78853607177734
2024-08-20,40.77900695800781,72.63310241699219
2024-08-21,40.914451599121094,73.1479721069336
2024-08-22,41.165992736816406,73.06053161621094
2024-08-23,41.95932388305664,73.26453399658203
2024-08-26,41.9302978515625,73.74053955078125
2024-08-27,42.036720275878906,73.15767669677734
2024-08-28,41.891597747802734,73.15767669677734
2024-08-29,41.72713088989258,73.55596160888672
2024-08-30,42.13346481323242,74.10967254638672
2024-09-02,42.13346481323242,74.10967254638672
2024-09-03,42.23021697998047,74.00281524658203
2024-09-04,42.32696533203125,74.63423919677734
2024-09-05,42.21086502075195,74.44966888427734
2024-09-06,42.21086502075195,73.74053955078125
2024-09-09,42.713951110839844,74.48851776123047
2024-09-10,43.46857833862305,74.83824157714844
2024-09-11,43.35248947143555,75.07136535644531
2024-09-12,43.42988204956055,75.23651885986328
2024-09-13,43.73947525024414,76.29537963867188
2024-09-16,43.88459777832031,76.87821960449219
2024-09-17,43.53630447387695,76.81993103027344
2024-09-18,43.41053009033203,76.2370834350586
2024-09-19,43.30410385131836,75.79022216796875
2024-09-20,43.22671127319336,77.79135131835938
2024-09-23,43.705078125,78.56300354003906
2024-09-24,43.705078125,78.00553894042969
2024-09-25,43.519962310791016,78.41629791259766
2024-09-26,43.09129333496094,77.8783950805664
2024-09-27,43.14974594116211,78.6510238647461
2024-09-30,43.519962310791016,79.00309753417969
2024-10-01,43.25691223144531,79.63880920410156
2024-10-02,43.101036071777344,79.67792510986328
2024-10-03,42.682106018066406,79.64859008789062
2024-10-04,42.39957046508789,79.52144622802734
2024-10-07,42.08781051635742,77.69258117675781
2024-10-08,42.21446228027344,77.73169708251953
2024-10-09,42.233943939208984,77.06665802001953
2024-10-10,41.883216857910156,76.8319320678711
2024-10-11,42.3118896484375,77.50675964355469
2024-10-14,42.604164123535156,78.4847640991211
2024-10-15,43.14000701904297,78.83684539794922
2024-10-16,43.56867980957031,80.40164947509766
2024-10-17,43.28614044189453,79.68770599365234
2024-10-18,43.588165283203125,80.1473617553711
2024-10-21,42.69184494018555,79.83440399169922
2024-10-22,42.760047912597656,79.55078125
2024-10-23,43.17897415161133,80.31363677978516
2024-10-24,43.276397705078125,79.79527282714844
2024-10-25,42.9354133605957,78.61190032958984
2024-10-28,43.07180404663086,79.2280502319336
2024-10-29,42.682106018066406,77.53608703613281
2024-10-30,42.83798599243164,77.35028076171875
2024-10-31,42.08781051635742,78.1522445678711
2024-11-01,41.639652252197266,76.41139221191406
2024-11-04,42.107295989990234,75.50184631347656
2024-11-05,42.682106018066406,76.6363296508789
2024-11-06,41.5422248840332,75.84414672851562
2024-11-07,42.05857849121094,75.9810791015625
2024-11-08,42.77952575683594,77.43829345703125
2024-11-11,42.4093132019043,77.6534652709961
2024-11-12,41.87347412109375,76.76347351074219
2024-11-13,42.20471954345703,76.62654876708984
2024-11-14,41.82475662231445,76.36249542236328
2024-11-15,41.87347412109375,77.50675964355469
2024-11-18,42.243690490722656,78.18157958984375
2024-11-19,42.4190559387207,78.68035888671875
2024-11-20,42.350860595703125,78.71947479248047
2024-11-21,42.633392333984375,80.08867645263672
2024-11-22,42.95489501953125,79.65835571289062
2024-11-25,43.52970504760742,79.80506896972656
2024-11-26,43.74404525756836,81.07646942138672
2024-11-27,44.04606246948242,81.07646942138672
2024-11-28,44.04606246948242,81.07646942138672
2024-11-29,43.841468811035156,81.1058120727539
2024-12-02,43.17897415161133,79.36495971679688
2024-12-03,42.9256706237793,78.68035888671875
2024-12-04,42.808753967285156,78.67058563232422
2024-12-05,42.70159149169922,78.91508483886719
2024-12-06,42.64313507080078,77.93708038330078
2024-12-09,42.73081970214844,76.9590835571289
2024-12-10,42.039100646972656,76.40161895751953
2024-12-11,41.93193054199219,75.9223861694336
2024-12-12,41.90270233154297,75.88327026367188
2024-12-13,41.72733688354492,75.93217468261719
2024-12-16,41.51300048828125,75.3258056640625
2024-12-17,41.3278923034668,75.01284790039062
2024-12-18,39.71062469482422,73.24266052246094
2024-12-19,39.028648376464844,73.57518768310547
2024-12-20,39.73985290527344,74.74878692626953
2024-12-23,39.92104721069336,75.0031967163086
2024-12-24,40.18692398071289,75.41737365722656
2024-12-25,40.18692398071289,75.41737365722656
2024-12-26,40.24600601196289,75.2398681640625
2024-12-27,39.92104721069336,75.0229263305664
2024-12-30,39.733943939208984,74.7073745727539
2024-12-31,40.04905700683594,74.63834381103516
2025-01-01,40.04905700683594,74.63834381103516
2025-01-02,39.67486572265625,75.21028137207031
2025-01-03,40.21646499633789,76.009033203125
2025-01-06,39.66501235961914,75.16098022460938
2025-01-07,39.36959457397461,74.97361755371094
2025-01-08,39.5369987487793,74.95389556884766
2025-01-09,39.5369987487793,74.95389556884766
2025-01-10,38.581809997558594,74.52987670898438
2025-01-13,39.07417678833008,73.66209411621094
2025-01-14,39.40898513793945,74.62847900390625
2025-01-15,39.576385498046875,75.72306060791016
2025-01-16,40.462646484375,77.6361083984375
2025-01-17,40.45280456542969,77.74457550048828
2025-01-20,40.45280456542969,77.74457550048828
2025-01-21,41.191349029541016,78.9377670288086
2025-01-22,40.47249221801758,77.23180389404297
2025-01-23,40.797454833984375,77.59666442871094
2025-01-24,40.91562271118164,78.38554382324219
2025-01-27,41.319366455078125,76.57111358642578
2025-01-28,40.81715393066406,75.51598358154297
2025-01-29,40.344482421875,75.67375183105469
2025-01-30,40.87623596191406,77.25151824951172
2025-01-31,40.7876091003418,76.79791259765625
2025-02-03,40.71867752075195,77.21208190917969
2025-02-04,40.71867752075195,76.53166198730469
2025-02-05,41.3587532043457,77.30082702636719
2025-02-06,41.47692108154297,77.21208190917969
2025-02-07,41.32921600341797,77.05430603027344
2025-02-10,41.3882942199707,77.89249420166016
2025-02-11,41.61478042602539,78.28693389892578
2025-02-12,41.260284423828125,78.14888000488281
2025-02-13,41.58523941040039,78.32637786865234
2025-02-14,41.41783905029297,78.00096130371094
2025-02-17,41.41783905029297,78.00096130371094
2025-02-18,41.565547943115234,78.73067474365234
2025-02-19,41.644325256347656,79.14484405517578
2025-02-20,41.929901123046875,79.1349868774414
2025-02-21,41.58523941040039,79.15470123291016
2025-02-24,41.772342681884766,78.76026916503906
2025-02-25,42.21546936035156,78.3658218383789
2025-02-26,42.00867462158203,78.69123840332031
2025-02-27,42.195777893066406,76.94583129882812
2025-02-28,42.4911994934082,78.11930084228516
2025-03-03,42.85554885864258,78.22777557373047
2025-03-04,42.363182067871094,76.95569610595703
2025-03-05,42.75707244873047,76.413330078125
2025-03-06,41.58523941040039,74.82569885253906
2025-03-07,41.82157897949219,76.21611785888672
2025-03-10,41.41783905029297,77.05430603027344
2025-03-11,40.984554290771484,76.3344497680664
2025-03-12,40.83684539794922,76.0977783203125
2025-03-13,40.039215087890625,76.28514099121094
2025-03-14,40.81715393066406,77.77416229248047
2025-03-17,41.536006927490234,78.09957885742188
2025-03-18,41.279972076416016,77.55722045898438
2025-03-19,41.32921600341797,77.84319305419922
2025-03-20,41.279972076416016,78.15874481201172
2025-03-21,40.87623596191406,77.65582275390625
2025-03-24,41.445091247558594,77.63099670410156
2025-03-25,40.9495735168457,76.38961791992188
2025-03-26,41.15768814086914,76.89610290527344
2025-03-27,41.05858612060547,76.8762435913086
2025-03-28,41.03876495361328,77.44231414794922
2025-03-31,41.47481918334961,78.30630493164062
2025-04-01,41.504554748535156,78.50493621826172
2025-04-02,41.702762603759766,78.87237548828125
2025-04-03,40.45405578613281,78.37582397460938
2025-04-04,38.6107292175293,74.01609802246094
2025-04-07,37.67915725708008,72.88395690917969
2025-04-08,36.74758529663086,72.58602142333984
2025-04-09,38.85848617553711,75.4461669921875
2025-04-10,38.03593063354492,74.88009643554688
2025-04-11,38.57108688354492,75.79375457763672
2025-04-14,39.423377990722656,77.15431213378906
2025-04-15,39.48284149169922,77.14437866210938
2025-04-16,39.46302032470703,76.44921112060547
2025-04-17,40.087371826171875,77.23375701904297
2025-04-18,40.087371826171875,77.23375701904297
2025-04-21,39.25490188598633,75.40644073486328
2025-04-22,40.057640075683594,77.46217346191406
2025-04-23,40.10719299316406,77.7898941040039
2025-04-24,40.22611618041992,77.90906524658203
2025-04-25,40.16665267944336,77.67072296142578
2025-04-28,40.41441345214844,78.14741516113281
2025-04-29,40.741455078125,78.75321197509766
2025-04-30,40.929752349853516,78.35596466064453
2025-05-01,41.048675537109375,78.5843734741211
2025-05-02,41.55410385131836,79.20010375976562
2025-05-05,41.504554748535156,79.0014877319336
2025-05-06,41.2171516418457,79.96479034423828
2025-05-07,41.18742370605469,80.19320678710938
2025-05-08,40.98921585083008,79.54769134521484
2025-05-09,41.23697280883789,79.68672180175781
2025-05-12,41.276615142822266,79.21003723144531
2025-05-13,40.72163391113281,79.10079193115234
2025-05-14,40.37477493286133,78.75321197509766
2025-05-15,41.11804962158203,80.43154907226562
2025-05-16,41.633384704589844,81.61334991455078
2025-05-19,41.72257995605469,81.9609375
2025-05-20,41.504554748535156,82.19927978515625
2025-05-21,40.404502868652344,80.69969177246094
2025-05-22,40.2657585144043,79.54769134521484
2025-05-23,40.27566909790039,80.50106811523438
2025-05-26,40.27566909790039,80.50106811523438
2025-05-27,40.93966293334961,81.10686492919922
2025-05-28,40.93966293334961,79.97472381591797
2025-05-29,41.316253662109375,80.5308609008789
2025-05-30,41.35589599609375,81.35514068603516
2025-06-02,41.41535949707031,81.61334991455078
2025-06-03,41.26670455932617,81.83183288574219
2025-06-04,41.395538330078125,80.40176391601562
2025-06-05,41.38562774658203,80.27265930175781
2025-06-06,41.504554748535156,80.63018035888672
2025-06-09,41.48473358154297,80.11376190185547
2025-06-10,41.85141372680664,80.30245208740234
2025-06-11,41.623477935791016,80.35211181640625
2025-06-12,41.85141372680664,81.32534790039062
2025-06-13,41.514461517333984,80.85858917236328
2025-06-16,41.55410385131836,80.46134185791016
2025-06-17,41.38562774658203,79.79596710205078
2025-06-18,41.46491241455078,80.0045166015625
2025-06-19,41.46491241455078,80.0045166015625
2025-06-20,41.45500183105469,80.2229995727539
2025-06-23,42.060001373291016,81.23999786376953
2025-06-24,42.2599983215332,81.58999633789062
2025-06-25,41.22999954223633,80.5
2025-06-26,40.970001220703125,81.16999816894531
2025-06-27,41.119998931884766,81.33000183105469
2025-06-30,41.41999816894531,81.66000366210938
2025-07-01,41.70000076293945,81.94000244140625
2025-07-02,41.779998779296875,81.2300033569336
2025-07-03,41.79999923706055,81.83999633789062
2025-07-04,41.79999923706055,81.83999633789062
2025-07-07,41.47999954223633,82.01000213623047
2025-07-08,41.41999816894531,81.13999938964844
2025-07-09,41.400001525878906,81.9000015258789
2025-07-10,41.61000061035156,82.56999969482422
2025-07-11,41.56999969482422,82.44999694824219
2025-07-14,41.849998474121094,82.77999877929688
2025-07-15,41.310001373291016,81.98999786376953
2025-07-16,41.7599983215332,82.02999877929688
2025-07-17,41.720001220703125,82.37000274658203
2025-07-18,41.84000015258789,83.75
2025-07-21,42.0,84.0199966430664
2025-07-22,42.72999954223633,85.05000305175781
2025-07-23,42.849998474121094,84.41000366210938
2025-07-24,42.790000915527344,84.30000305175781
2025-07-25,42.790000915527344,84.5199966430664
2025-07-28,42.04999923706055,83.62000274658203
2025-07-29,42.75,84.58000183105469
2025-07-30,42.150001525878906,85.20999908447266
2025-07-31,41.40999984741211,85.66999816894531
2025-08-01,41.290000915527344,85.80000305175781
2025-08-04,41.63999938964844,87.31999969482422
2025-08-05,41.779998779296875,86.38999938964844
2025-08-06,41.43000030517578,85.62000274658203
2025-08-07,41.59000015258789,86.55000305175781
2025-08-08,41.25,86.18000030517578
