Date,ASML.AS,IFX.DE
2020-08-10,294.19989013671875,20.599308013916016
2020-08-11,297.9191589355469,21.47077751159668
2020-08-12,301.78143310546875,21.494718551635742
2020-08-13,304.02239990234375,21.288822174072266
2020-08-14,299.4449462890625,20.824357986450195
2020-08-17,304.1177978515625,21.547393798828125
2020-08-18,302.7350158691406,21.53302574157715
2020-08-19,302.7350158691406,21.53302574157715
2020-08-20,297.5376892089844,21.15953826904297
2020-08-21,299.0634765625,21.22657585144043
2020-08-24,303.78399658203125,21.82990074157715
2020-08-25,304.30853271484375,21.949609756469727
2020-08-26,310.50726318359375,22.840234756469727
2020-08-27,304.8807678222656,22.361404418945312
2020-08-28,302.01983642578125,22.3470401763916
2020-08-31,299.7309875488281,22.1794490814209
2020-09-01,308.17083740234375,22.505054473876953
2020-09-02,317.707275390625,23.026981353759766
2020-09-03,303.16412353515625,21.916093826293945
2020-09-04,290.67138671875,21.815540313720703
2020-09-07,289.9084777832031,22.514629364013672
2020-09-08,283.6143798828125,22.088470458984375
2020-09-09,290.71905517578125,22.945575714111328
2020-09-10,290.95745849609375,22.85938835144043
2020-09-11,293.24627685546875,22.8785400390625
2020-09-14,295.8687438964844,23.625518798828125
2020-09-15,297.9191589355469,23.3669490814209
2020-09-16,297.9191589355469,23.410045623779297
2020-09-17,292.7217102050781,23.065282821655273
2020-09-18,294.1522521972656,22.902482986450195
2020-09-21,288.90716552734375,22.002281188964844
2020-09-22,292.3880310058594,22.3901309967041
2020-09-23,297.5376892089844,22.457170486450195
2020-09-24,293.8660888671875,22.457170486450195
2020-09-25,292.960205078125,21.99749183654785
2020-09-28,300.20782470703125,22.892908096313477
2020-09-29,303.4979248046875,23.161052703857422
2020-09-30,300.11248779296875,23.094017028808594
2020-10-01,306.5019226074219,24.846534729003906
2020-10-02,305.0714416503906,24.34376335144043
2020-10-05,305.4052429199219,24.621484756469727
2020-10-06,302.4966125488281,24.659793853759766
2020-10-07,303.8794250488281,25.186506271362305
2020-10-08,307.2648620605469,25.698854446411133
2020-10-09,312.8913879394531,26.345279693603516
2020-10-12,320.32977294921875,26.89593505859375
2020-10-13,328.29278564453125,26.39794921875
2020-10-14,325.0980224609375,26.6325740814209
2020-10-15,313.844970703125,26.2064151763916
2020-10-16,315.27545166015625,26.441043853759766
2020-10-19,314.3218078613281,26.460195541381836
2020-10-20,311.03173828125,26.11543846130371
2020-10-21,309.4582214355469,25.81377601623535
2020-10-22,305.2621765136719,25.45943832397461
2020-10-23,301.9244384765625,25.66533660888672
2020-10-26,294.9627380371094,25.2966365814209
2020-10-27,295.1059265136719,24.5544490814209
2020-10-28,294.7243957519531,22.68701171875
2020-10-29,300.3985290527344,22.897693634033203
2020-10-30,297.5376892089844,22.888120651245117
2020-11-02,300.3617858886719,23.41962242126465
2020-11-03,304.8134460449219,24.453893661499023
2020-11-04,308.88201904296875,24.45868492126465
2020-11-05,320.9443359375,25.263118743896484
2020-11-06,324.77362060546875,25.29184913635254
2020-11-09,339.5644226074219,26.19205093383789
2020-11-10,326.1617736816406,25.07158851623535
2020-11-11,335.7829284667969,25.67491340637207
2020-11-12,337.8411560058594,25.028491973876953
2020-11-13,337.7453918457031,25.239177703857422
2020-11-16,342.81927490234375,25.689279556274414
2020-11-17,343.7287292480469,25.536054611206055
2020-11-18,342.38836669921875,25.66054916381836
2020-11-19,340.28240966796875,25.914331436157227
2020-11-20,345.7391662597656,26.24951171875
2020-11-23,342.0055236816406,26.431467056274414
2020-11-24,343.5851745605469,26.809743881225586
2020-11-25,339.85162353515625,27.173654556274414
2020-11-26,342.1970520019531,27.393917083740234
2020-11-27,350.7172546386719,28.351577758789062
2020-11-30,348.3238830566406,28.270177841186523
2020-12-01,356.9399108886719,28.193565368652344
2020-12-02,355.2645568847656,27.834442138671875
2020-12-03,357.22711181640625,27.51362419128418
2020-12-04,362.15728759765625,28.31805992126465
2020-12-07,370.2945861816406,28.806468963623047
2020-12-08,368.33203125,28.638877868652344
2020-12-09,366.9440002441406,28.456920623779297
2020-12-10,360.86492919921875,27.815288543701172
2020-12-11,357.8972473144531,27.657272338867188
2020-12-14,359.9554748535156,28.203144073486328
2020-12-15,366.0344543457031,28.935752868652344
2020-12-16,368.8585510253906,29.19911003112793
2020-12-17,373.8367614746094,29.634845733642578
2020-12-18,372.9272155761719,29.572595596313477
2020-12-21,364.35919189453125,28.394672393798828
2020-12-22,374.6983337402344,29.52950096130371
2020-12-23,373.5973815917969,29.955663681030273
2020-12-24,376.708740234375,29.955663681030273
2020-12-25,376.708740234375,29.955663681030273
2020-12-28,379.915771484375,30.45843505859375
2020-12-29,379.38916015625,30.104101181030273
2020-12-30,381.495361328125,30.061002731323242
2020-12-31,380.58587646484375,30.061002731323242
2021-01-01,380.58587646484375,30.061002731323242
2021-01-04,388.9146728515625,30.702638626098633
2021-01-05,389.536865234375,30.391399383544922
2021-01-06,385.6597595214844,30.204654693603516
2021-01-07,386.6649169921875,30.61644744873047
2021-01-08,398.29644775390625,32.775978088378906
2021-01-11,397.19549560546875,32.129554748535156
2021-01-12,401.0727844238281,33.15425109863281
2021-01-13,404.4234313964844,33.42239761352539
2021-01-14,428.2608337402344,32.876529693603516
2021-01-15,417.2516174316406,32.244468688964844
2021-01-18,418.9268798828125,33.14467239379883
2021-01-19,421.12872314453125,32.627540588378906
2021-01-20,433.8133544921875,33.40803146362305
2021-01-21,450.47088623046875,33.99699783325195
2021-01-22,443.1473083496094,33.17340850830078
2021-01-25,441.66351318359375,32.4599494934082
2021-01-26,438.98297119140625,31.98590660095215
2021-01-27,421.8467102050781,30.989938735961914
2021-01-28,429.8404235839844,32.17743682861328
2021-01-29,420.697998046875,31.72254753112793
2021-02-01,435.4886779785156,32.18701934814453
2021-02-02,437.9777526855469,32.56529235839844
2021-02-03,437.6427001953125,32.397701263427734
2021-02-04,439.9402160644531,32.18701934814453
2021-02-05,440.3710632324219,32.66585159301758
2021-02-08,447.1680603027344,33.920379638671875
2021-02-09,449.7050476074219,33.22128677368164
2021-02-10,444.2961120605469,32.53656005859375
2021-02-11,459.9483642578125,33.70011901855469
2021-02-12,473.6382141113281,34.05445861816406
2021-02-15,476.7494812011719,34.3896369934082
2021-02-16,478.52056884765625,34.882835388183594
2021-02-17,463.6819763183594,33.738426208496094
2021-02-18,460.80999755859375,33.71927261352539
2021-02-19,472.9201965332031,35.050418853759766
2021-02-22,463.05975341796875,34.59553527832031
2021-02-23,452.7205810546875,33.50859069824219
2021-02-24,453.2471923828125,33.85334777832031
2021-02-25,454.6831359863281,33.85334777832031
2021-02-26,445.4927978515625,34.69172668457031
2021-03-01,460.4270935058594,34.43635940551758
2021-03-02,451.3324890136719,33.80998611450195
2021-03-03,444.2003479003906,33.251060485839844
2021-03-04,417.01220703125,31.106916427612305
2021-03-05,410.1673889160156,30.610633850097656
2021-03-08,420.1235656738281,31.608020782470703
2021-03-09,430.462646484375,32.85596466064453
2021-03-10,425.5324401855469,31.58393096923828
2021-03-11,437.4033203125,32.72586441040039
2021-03-12,427.7821960449219,32.470497131347656
2021-03-15,434.5791931152344,32.88486862182617
2021-03-16,443.6259765625,33.275146484375
2021-03-17,441.4241638183594,32.995689392089844
2021-03-18,441.328369140625,32.7017707824707
2021-03-19,444.8226318359375,32.4271354675293
2021-03-22,457.60296630859375,33.9593505859375
2021-03-23,452.33770751953125,33.082420349121094
2021-03-24,471.19696044921875,33.202877044677734
2021-03-25,470.3833312988281,32.942691802978516
2021-03-26,494.8431091308594,33.84852981567383
2021-03-29,494.4600524902344,33.61243438720703
2021-03-30,494.2685546875,34.243629455566406
2021-03-31,494.9388122558594,34.841094970703125
2021-04-01,506.7138671875,35.269920349121094
2021-04-02,506.7138671875,35.269920349121094
2021-04-05,506.7138671875,35.269920349121094
2021-04-06,510.543212890625,35.096466064453125
2021-04-07,502.5016784667969,34.84592056274414
2021-04-08,509.29876708984375,34.595367431640625
2021-04-09,512.6492919921875,34.30626678466797
2021-04-12,502.0230712890625,33.90153121948242
2021-04-13,503.2676086425781,33.96898651123047
2021-04-14,507.6712341308594,34.18580627441406
2021-04-15,507.28826904296875,34.171356201171875
2021-04-16,513.5109252929688,34.20026779174805
2021-04-19,499.9168395996094,33.400428771972656
2021-04-20,490.152099609375,32.02721405029297
2021-04-21,510.1602783203125,32.109127044677734
2021-04-22,520.4994506835938,32.63913345336914
2021-04-23,530.4556884765625,33.30887985229492
2021-04-26,533.2318725585938,33.56425094604492
2021-04-27,529.115478515625,33.834075927734375
2021-04-28,526.3391723632812,32.88005065917969
2021-04-29,519.6378784179688,32.4560432434082
2021-04-30,518.1060791015625,32.345218658447266
2021-05-03,517.2899780273438,32.49458694458008
2021-05-04,493.4801025390625,30.576906204223633
2021-05-05,517.9622192382812,31.0780086517334
2021-05-06,508.64935302734375,30.22517204284668
2021-05-07,522.1864624023438,31.318923950195312
2021-05-10,504.7131042480469,30.403446197509766
2021-05-11,494.15216064453125,30.350444793701172
2021-05-12,483.5913391113281,29.357877731323242
2021-05-13,492.2320251464844,29.512062072753906
2021-05-14,506.92120361328125,30.47090721130371
2021-05-17,498.08843994140625,30.205896377563477
2021-05-18,502.0247802734375,30.263715744018555
2021-05-19,488.6797180175781,29.738523483276367
2021-05-20,503.94500732421875,30.7503662109375
2021-05-21,504.42510986328125,30.697362899780273
2021-05-24,514.9859008789062,30.697362899780273
2021-05-25,525.4507446289062,31.20810317993164
2021-05-26,520.2664184570312,30.99127960205078
2021-05-27,522.2824096679688,31.2611026763916
2021-05-28,530.2510375976562,32.007938385009766
2021-05-31,525.3546142578125,32.056121826171875
2021-06-01,529.0989379882812,32.224761962890625
2021-06-02,532.9392700195312,31.89711570739746
2021-06-03,527.467041015625,31.844114303588867
2021-06-04,535.8193969726562,32.16694259643555
2021-06-07,535.6275024414062,31.863388061523438
2021-06-08,534.5714721679688,31.767024993896484
2021-06-09,539.9479370117188,31.800752639770508
2021-06-10,548.3966064453125,32.49940490722656
2021-06-11,550.7006225585938,32.735504150390625
2021-06-14,554.636962890625,32.97159957885742
2021-06-15,555.4052124023438,32.75959777832031
2021-06-16,560.877685546875,32.72586441040039
2021-06-17,566.1580810546875,32.71141052246094
2021-06-18,541.2920532226562,31.2611026763916
2021-06-21,545.9963989257812,31.44901466369629
2021-06-22,552.52490234375,31.757389068603516
2021-06-23,547.6285400390625,31.16473960876465
2021-06-24,558.8613891601562,31.853757858276367
2021-06-25,558.2853393554688,31.873027801513672
2021-06-28,562.98974609375,32.13321304321289
2021-06-29,566.35009765625,33.226966857910156
2021-06-30,556.2692260742188,32.5909538269043
2021-07-01,548.4925537109375,31.964574813842773
2021-07-02,555.8851318359375,31.983844757080078
2021-07-05,558.1893920898438,32.21030807495117
2021-07-06,556.8452758789062,32.08985137939453
2021-07-07,560.3973999023438,32.23921585083008
2021-07-08,544.6522827148438,31.343019485473633
2021-07-09,559.8214111328125,31.90675926208496
2021-07-12,568.078125,31.723655700683594
2021-07-13,575.6627807617188,31.79593276977539
2021-07-14,584.7835693359375,32.28740310668945
2021-07-15,575.56689453125,31.47792625427246
2021-07-16,565.7740478515625,30.59617805480957
2021-07-19,554.2530517578125,29.690338134765625
2021-07-20,557.7093505859375,29.83970832824707
2021-07-21,575.1827392578125,30.837095260620117
2021-07-22,596.0162963867188,30.461267471313477
2021-07-23,613.2979125976562,30.899728775024414
2021-07-26,612.5297241210938,31.068376541137695
2021-07-27,598.128662109375,30.18662452697754
2021-07-28,616.8502197265625,30.740726470947266
2021-07-29,617.0421752929688,31.53574562072754
2021-07-30,613.4898071289062,30.96718406677246
2021-08-02,626.6428833007812,32.19585418701172
2021-08-03,625.0108032226562,32.07539749145508
2021-08-04,643.3483276367188,33.48715591430664
2021-08-05,645.7484741210938,34.084625244140625
2021-08-06,639.412109375,33.96898651123047
2021-08-09,644.2122802734375,34.27253723144531
2021-08-10,647.3806762695312,34.05571746826172
2021-08-11,642.004150390625,33.63652420043945
2021-08-12,642.580322265625,33.56425094604492
2021-08-13,639.0279541015625,33.34742736816406
2021-08-16,638.0678100585938,33.07760238647461
2021-08-17,638.1639404296875,32.64877700805664
2021-08-18,639.9880981445312,32.71622848510742
2021-08-19,637.8759155273438,32.268131256103516
2021-08-20,645.7484741210938,33.082420349121094
2021-08-23,658.9014892578125,33.13059997558594
2021-08-24,656.1173095703125,33.915985107421875
2021-08-25,660.9176025390625,34.31590270996094
2021-08-26,660.821533203125,34.14726257324219
2021-08-27,675.4148559570312,34.77845764160156
2021-08-30,681.2713012695312,35.091651916503906
2021-08-31,676.3748779296875,34.75436782836914
2021-09-01,685.687744140625,35.18801498413086
2021-09-02,693.368408203125,35.75175857543945
2021-09-03,692.984375,35.607208251953125
2021-09-06,711.3218383789062,35.891483306884766
2021-09-07,701.0490112304688,35.58793258666992
2021-09-08,693.5603637695312,34.91337203979492
2021-09-09,692.600341796875,35.3807487487793
2021-09-10,702.873046875,36.06976318359375
2021-09-13,705.6572265625,35.74211883544922
2021-09-14,723.3228149414062,36.537139892578125
2021-09-15,715.3541870117188,36.37813186645508
2021-09-16,718.234375,35.9830322265625
2021-09-17,701.7210693359375,35.4626579284668
2021-09-20,688.8560180664062,34.36890411376953
2021-09-21,702.4891967773438,35.0531005859375
2021-09-22,709.2095336914062,35.35665512084961
2021-09-23,723.7068481445312,36.368499755859375
2021-09-24,709.8816528320312,36.214317321777344
2021-09-27,688.2799682617188,36.25285339355469
2021-09-28,638.6439208984375,34.11835479736328
2021-09-29,621.842529296875,33.954532623291016
2021-09-30,620.1144409179688,34.2339973449707
2021-10-01,607.2493896484375,33.63170623779297
2021-10-04,587.1837768554688,32.72586441040039
2021-10-05,611.4737548828125,34.31108474731445
2021-10-06,604.177001953125,34.14726257324219
2021-10-07,625.4907836914062,34.65318298339844
2021-10-08,609.2655639648438,34.40262985229492
2021-10-11,605.13720703125,34.48454284667969
2021-10-12,601.3929443359375,34.06053161621094
2021-10-13,615.8900756835938,34.67245864868164
2021-10-14,639.6039428710938,35.607208251953125
2021-10-15,649.30078125,35.72284698486328
2021-10-18,647.9566040039062,36.1757698059082
2021-10-19,655.7332763671875,36.48413848876953
2021-10-20,630.8671875,36.25285339355469
2021-10-21,639.7000122070312,36.546775817871094
2021-10-22,662.9338989257812,37.206878662109375
2021-10-25,658.2294311523438,37.6068000793457
2021-10-26,652.757080078125,37.82362365722656
2021-10-27,667.062255859375,37.83325958251953
2021-10-28,670.5185546875,38.642730712890625
2021-10-29,672.5345458984375,38.9270133972168
2021-11-01,668.7904663085938,39.230567932128906
2021-11-02,678.4160766601562,39.876216888427734
2021-11-03,680.918701171875,40.47368621826172
2021-11-04,697.85986328125,40.492958068847656
2021-11-05,709.5068359375,41.3072509765625
2021-11-08,707.2930297851562,41.230159759521484
2021-11-09,704.30908203125,40.218318939208984
2021-11-10,692.7581787109375,39.73166275024414
2021-11-11,702.8651123046875,40.56041717529297
2021-11-12,711.2394409179688,41.191612243652344
2021-11-15,724.4265747070312,41.09524917602539
2021-11-16,726.2554931640625,41.36507034301758
2021-11-17,736.8438720703125,41.437347412109375
2021-11-18,741.6565551757812,41.8806266784668
2021-11-19,731.453369140625,41.596351623535156
2021-11-22,719.3250122070312,41.312068939208984
2021-11-23,679.6672973632812,39.7750358581543
2021-11-24,682.4588623046875,39.73166275024414
2021-11-25,684.3839111328125,39.80876159667969
2021-11-26,659.9346923828125,38.136810302734375
2021-11-29,678.4160766601562,38.75837326049805
2021-11-30,673.4105224609375,38.478912353515625
2021-12-01,705.4641723632812,40.56041717529297
2021-12-02,664.8438110351562,38.79209899902344
2021-12-03,655.6995239257812,38.70055389404297
2021-12-06,637.603271484375,38.89810562133789
2021-12-07,690.5443725585938,38.89810562133789
2021-12-08,679.08984375,39.42811584472656
2021-12-09,665.1325073242188,38.97519302368164
2021-12-10,659.357177734375,38.53191375732422
2021-12-13,653.7744140625,38.55600357055664
2021-12-14,636.2557373046875,37.29361343383789
2021-12-15,653.3893432617188,37.91035461425781
2021-12-16,650.5015869140625,37.81399154663086
2021-12-17,637.21826171875,37.49116134643555
2021-12-20,635.485595703125,37.4237060546875
2021-12-21,658.3947143554688,38.040443420410156
2021-12-22,671.2930297851562,38.262088775634766
2021-12-23,680.7261352539062,38.53672790527344
2021-12-24,676.587158203125,38.53672790527344
2021-12-27,686.4051513671875,39.43775177001953
2021-12-28,688.522705078125,39.51002883911133
2021-12-29,677.16455078125,39.01374053955078
2021-12-30,683.8062744140625,39.27874755859375
2021-12-31,680.2448120117188,39.27874755859375
2022-01-03,675.4320068359375,39.413658142089844
2022-01-04,655.7957763671875,38.54636764526367
2022-01-05,645.7850952148438,39.10047149658203
2022-01-06,633.8493041992188,38.03562927246094
2022-01-07,640.0096435546875,38.681278228759766
2022-01-10,599.0043334960938,37.13942337036133
2022-01-11,603.5283203125,38.064537048339844
2022-01-12,622.10595703125,37.75616455078125
2022-01-13,637.9880981445312,38.59455490112305
2022-01-14,618.1594848632812,37.81880187988281
2022-01-17,631.6353759765625,38.131996154785156
2022-01-18,617.3894653320312,37.05270004272461
2022-01-19,602.7583618164062,36.64795684814453
2022-01-20,616.041748046875,36.455230712890625
2022-01-21,605.7422485351562,35.20246887207031
2022-01-24,563.1006469726562,33.039058685302734
2022-01-25,553.9563598632812,33.4389762878418
2022-01-26,568.0097045898438,34.59054946899414
2022-01-27,560.79052734375,34.98082733154297
2022-01-28,544.9081420898438,33.72806930541992
2022-01-31,571.9562377929688,35.01455307006836
2022-02-01,577.9242553710938,35.062740325927734
2022-02-02,576.0952758789062,35.269920349121094
2022-02-03,552.3198852539062,33.535335540771484
2022-02-04,543.0792236328125,32.27775955200195
2022-02-07,551.1649169921875,32.109127044677734
2022-02-08,545.2932739257812,31.357471466064453
2022-02-09,566.7584228515625,32.91377639770508
2022-02-10,562.234375,32.92341613769531
2022-02-11,548.1810913085938,32.16694259643555
2022-02-14,538.7478637695312,31.290014266967773
2022-02-15,551.45361328125,32.23440170288086
2022-02-16,552.4163208007812,31.988664627075195
2022-02-17,556.5552978515625,31.155101776123047
2022-02-18,549.0472412109375,30.42626953125
2022-02-21,530.1808471679688,29.7314510345459
2022-02-22,543.3681640625,29.580827713012695
2022-02-23,543.1755981445312,29.45449447631836
2022-02-24,537.303955078125,28.973468780517578
2022-02-25,567.047119140625,30.173608779907227
2022-02-28,576.4803466796875,29.877220153808594
2022-03-01,555.5927124023438,28.633344650268555
2022-03-02,561.3681030273438,28.973468780517578
2022-03-03,551.8386840820312,28.900583267211914
2022-03-04,513.6248168945312,26.89872932434082
2022-03-07,520.36279296875,25.87836456298828
2022-03-08,497.64630126953125,25.737457275390625
2022-03-09,536.2450561523438,27.778182983398438
2022-03-10,524.9830932617188,26.718950271606445
2022-03-11,522.48046875,26.991046905517578
2022-03-14,514.4910888671875,27.224271774291992
2022-03-15,520.1702880859375,27.452638626098633
2022-03-16,557.229248046875,29.692581176757812
2022-03-17,562.8118896484375,29.02691650390625
2022-03-18,587.068603515625,29.47393035888672
2022-03-21,589.7637939453125,29.34760284423828
2022-03-22,603.7208862304688,29.877220153808594
2022-03-23,590.9188232421875,29.187257766723633
2022-03-24,592.6514892578125,29.707157135009766
2022-03-25,596.9830322265625,30.401975631713867
2022-03-28,599.3893432617188,30.270788192749023
2022-03-29,609.3037719726562,31.616695404052734
2022-03-30,598.9081420898438,30.69350814819336
2022-03-31,587.1647338867188,30.110445022583008
2022-04-01,583.9884643554688,29.852924346923828
2022-04-04,594.2877807617188,29.67800521850586
2022-04-05,576.7691650390625,28.429271697998047
2022-04-06,550.394775390625,27.3554630279541
2022-04-07,546.1595458984375,26.782115936279297
2022-04-08,547.98828125,26.772396087646484
2022-04-11,531.624755859375,26.169897079467773
2022-04-12,539.4216918945312,26.13588523864746
2022-04-13,544.9081420898438,26.28165054321289
2022-04-14,537.785400390625,26.097013473510742
2022-04-15,537.785400390625,26.097013473510742
2022-04-18,537.785400390625,26.097013473510742
2022-04-19,540.57666015625,26.89872932434082
2022-04-20,569.2611694335938,27.52066421508789
2022-04-21,562.1380615234375,27.52066421508789
2022-04-22,549.8173828125,27.52066421508789
2022-04-25,527.1968994140625,27.09794044494629
2022-04-26,509.5821228027344,26.223344802856445
2022-04-27,508.9083251953125,26.223344802856445
2022-04-28,528.1595458984375,26.563465118408203
2022-04-29,527.4857177734375,26.675220489501953
2022-05-02,515.742431640625,26.004695892333984
2022-05-03,525.6288452148438,26.650924682617188
2022-05-04,518.9411010742188,26.514877319335938
2022-05-05,520.6856689453125,26.563465118408203
2022-05-06,508.279296875,26.563465118408203
2022-05-09,471.7865905761719,24.921165466308594
2022-05-10,473.7251281738281,25.03291893005371
2022-05-11,498.2958068847656,26.009552001953125
2022-05-12,485.6954650878906,26.820985794067383
2022-05-13,509.0545959472656,26.820985794067383
2022-05-16,496.8419189453125,27.45749855041504
2022-05-17,512.3499755859375,27.977397918701172
2022-05-18,499.0711975097656,26.957033157348633
2022-05-19,487.24627685546875,27.059070587158203
2022-05-20,485.3077087402344,26.94245719909668
2022-05-23,504.9836730957031,27.258283615112305
2022-05-24,493.5465087890625,26.28165054321289
2022-05-25,491.60797119140625,26.28165054321289
2022-05-26,501.1067199707031,26.937597274780273
2022-05-27,524.65966796875,26.937597274780273
2022-05-30,539.0046997070312,26.937597274780273
2022-05-31,519.5224609375,28.123165130615234
2022-06-01,514.0947265625,28.084291458129883
2022-06-02,518.6502075195312,28.084291458129883
2022-06-03,509.34527587890625,28.084291458129883
2022-06-06,521.9456787109375,28.463285446166992
2022-06-07,515.742431640625,27.841350555419922
2022-06-08,519.4257202148438,27.700439453125
2022-06-09,504.69287109375,26.752962112426758
2022-06-10,479.8799743652344,25.892942428588867
2022-06-13,458.55621337890625,24.12917137145996
2022-06-14,456.7146301269531,23.584976196289062
2022-06-15,467.52191162109375,24.289512634277344
2022-06-16,435.05169677734375,22.768686294555664
2022-06-17,435.34246826171875,23.06507682800293
2022-06-20,443.1934509277344,23.414913177490234
2022-06-21,455.3092346191406,23.711307525634766
2022-06-22,450.8990478515625,23.327455520629883
2022-06-23,446.2466125488281,22.695802688598633
2022-06-24,469.9449768066406,23.380901336669922
2022-06-27,468.83038330078125,23.81334114074707
2022-06-28,458.3138732910156,23.652997970581055
2022-06-29,450.8990478515625,23.23027801513672
2022-06-30,441.8365173339844,22.438283920288086
2022-07-01,417.9927978515625,21.66086196899414
2022-07-04,415.3272705078125,21.072935104370117
2022-07-05,396.4267883300781,20.470436096191406
2022-07-06,408.54254150390625,21.388765335083008
2022-07-07,427.2491455078125,22.112735748291016
2022-07-08,432.4346923828125,22.593765258789062
2022-07-11,424.5353088378906,22.137033462524414
2022-07-12,421.336669921875,22.137033462524414
2022-07-13,428.16998291015625,22.122453689575195
2022-07-14,429.3815612792969,21.981548309326172
2022-07-15,451.0929870605469,22.564611434936523
2022-07-18,461.5608825683594,23.001911163330078
2022-07-19,469.8965148925781,23.61412811279297
2022-07-20,485.7923889160156,23.993122100830078
2022-07-21,510.79925537109375,24.51302146911621
2022-07-22,506.4375305175781,24.124311447143555
2022-07-25,512.0592651367188,24.10001564025879
2022-07-26,499.0711975097656,23.65785789489746
2022-07-27,512.6409301757812,24.53731346130371
2022-07-28,528.6336669921875,24.926023483276367
2022-07-29,538.3262939453125,25.800621032714844
2022-08-01,547.6311645507812,25.970684051513672
2022-08-02,535.709228515625,25.71316146850586
2022-08-03,553.0588989257812,26.991046905517578
2022-08-04,559.8309936523438,27.724735260009766
2022-08-05,543.5081176757812,26.782115936279297
2022-08-08,544.674072265625,26.772396087646484
2022-08-09,515.3319702148438,25.39247703552246
2022-08-10,528.6427001953125,26.30108642578125
2022-08-11,533.2093505859375,26.573183059692383
2022-08-12,537.4843139648438,26.69465446472168
2022-08-15,544.2855834960938,26.69465446472168
2022-08-16,541.6621704101562,26.72380828857422
2022-08-17,528.4485473632812,25.285581588745117
2022-08-18,541.3706665039062,25.985260009765625
2022-08-19,529.6143188476562,25.470216751098633
2022-08-22,510.6683654785156,24.50330352783203
2022-08-23,511.4457092285156,24.585905075073242
2022-08-24,515.720703125,24.566469192504883
2022-08-25,517.0809326171875,24.974613189697266
2022-08-26,506.5877685546875,24.260358810424805
2022-08-29,489.00189208984375,23.55096435546875
2022-08-30,476.4683837890625,24.1826171875
2022-08-31,470.8818054199219,23.61412811279297
2022-09-01,453.73309326171875,23.089370727539062
2022-09-02,470.3959655761719,24.10001564025879
2022-09-05,463.6434020996094,23.50237464904785
2022-09-06,465.00360107421875,23.638425827026367
2022-09-07,461.457275390625,23.82792091369629
2022-09-08,466.36383056640625,24.017414093017578
2022-09-09,483.7552795410156,24.712234497070312
2022-09-12,485.6013488769531,25.198122024536133
2022-09-13,465.8294982910156,23.934812545776367
2022-09-14,465.1493225097656,23.82792091369629
2022-09-15,454.1703796386719,23.75989532470703
2022-09-16,451.7900390625,23.444068908691406
2022-09-19,453.8302917480469,23.6627197265625
2022-09-20,452.3729553222656,23.580116271972656
2022-09-21,458.3482360839844,24.197193145751953
2022-09-22,434.5442199707031,23.108806610107422
2022-09-23,429.5891418457031,22.316808700561523
2022-09-26,434.49566650390625,22.345964431762695
2022-09-27,437.021728515625,22.564611434936523
2022-09-28,436.92462158203125,22.42856216430664
2022-09-29,419.6303405761719,21.665719985961914
2022-09-30,421.28204345703125,22.069005966186523
2022-10-03,428.7632141113281,22.438283920288086
2022-10-04,455.5306091308594,24.017414093017578
2022-10-05,453.2474060058594,24.765682220458984
2022-10-06,462.96331787109375,24.86285972595215
2022-10-07,434.5442199707031,23.954248428344727
2022-10-10,420.3590087890625,23.346891403198242
2022-10-11,403.1131896972656,22.642353057861328
2022-10-12,402.2874450683594,22.77840232849121
2022-10-13,399.6154479980469,23.429492950439453
2022-10-14,386.15899658203125,23.123382568359375
2022-10-17,389.1709289550781,23.740459442138672
2022-10-18,392.1343078613281,24.04656982421875
2022-10-19,424.099609375,24.07086181640625
2022-10-20,439.4508056640625,24.619915008544922
2022-10-21,446.49481201171875,24.396406173706055
2022-10-24,464.3721008300781,24.906587600708008
2022-10-25,481.9093322753906,25.533384323120117
2022-10-26,476.90557861328125,25.407052993774414
2022-10-27,469.6186828613281,24.517879486083984
2022-10-28,466.7524719238281,24.48386573791504
2022-10-31,464.420654296875,23.944530487060547
2022-11-01,467.9669494628906,24.36725616455078
2022-11-02,458.9797058105469,24.05142593383789
2022-11-03,442.09307861328125,23.920238494873047
2022-11-04,452.5194091796875,25.037778854370117
2022-11-07,464.6021423339844,25.58197593688965
2022-11-08,488.7676696777344,27.38947296142578
2022-11-09,483.2134704589844,26.947317123413086
2022-11-10,530.2778930664062,28.847135543823242
2022-11-11,537.3911743164062,28.404979705810547
2022-11-14,550.8380737304688,30.61090660095215
2022-11-15,564.4798583984375,31.4660701751709
2022-11-16,544.406982421875,31.150243759155273
2022-11-17,550.5457763671875,30.975322723388672
2022-11-18,556.7821044921875,31.18911361694336
2022-11-21,549.1815185546875,30.615766525268555
2022-11-22,555.9049682617188,30.77610969543457
2022-11-23,568.7673950195312,30.790685653686523
2022-11-24,562.7260131835938,30.95102882385254
2022-11-25,559.4127807617188,30.708087921142578
2022-11-28,552.2997436523438,29.775178909301758
2022-11-29,545.478759765625,29.736310958862305
2022-11-30,546.7454223632812,30.630342483520508
2022-12-01,567.3058471679688,31.412622451782227
2022-12-02,559.99755859375,31.193971633911133
2022-12-05,557.7564697265625,31.155101776123047
2022-12-06,553.2741088867188,30.421411514282227
2022-12-07,550.7406005859375,29.99382972717285
2022-12-08,556.1973266601562,30.586612701416016
2022-12-09,562.5310668945312,30.401975631713867
2022-12-12,554.5408325195312,30.270788192749023
2022-12-13,578.0243530273438,31.650707244873047
2022-12-14,570.61865234375,30.90243911743164
2022-12-15,537.3911743164062,29.488508224487305
2022-12-16,526.6724853515625,28.82284164428711
2022-12-19,523.5543212890625,28.584758758544922
2022-12-20,516.4410400390625,28.521591186523438
2022-12-21,531.2523803710938,28.949174880981445
2022-12-22,509.4252624511719,28.074575424194336
2022-12-23,503.6763000488281,27.880220413208008
2022-12-26,503.6763000488281,27.880220413208008
2022-12-27,497.2451171875,27.68586540222168
2022-12-28,488.96258544921875,27.272863388061523
2022-12-29,503.48138427734375,27.880220413208008
2022-12-30,490.9113464355469,27.6275577545166
2023-01-02,503.6763000488281,27.88994026184082
2023-01-03,506.9892883300781,28.225200653076172
2023-01-04,523.2620239257812,29.075504302978516
2023-01-05,526.0878295898438,28.900583267211914
2023-01-06,537.3911743164062,29.595401763916016
2023-01-09,571.5931396484375,30.295080184936523
2023-01-10,567.79296875,29.950101852416992
2023-01-11,577.5369873046875,30.05213737487793
2023-01-12,584.0656127929688,30.499155044555664
2023-01-13,589.2301025390625,30.897581100463867
2023-01-16,591.6661376953125,30.868427276611328
2023-01-17,590.8865966796875,31.35431480407715
2023-01-18,597.9022827148438,31.538955688476562
2023-01-19,575.4907836914062,30.46514129638672
2023-01-20,575.2958374023438,30.25135040283203
2023-01-23,599.2666015625,31.05306625366211
2023-01-24,599.9486694335938,30.800405502319336
2023-01-25,601.3128662109375,31.2182674407959
2023-01-26,603.2617797851562,32.700225830078125
2023-01-27,604.236083984375,32.700225830078125
2023-01-30,587.96337890625,32.23377227783203
2023-01-31,587.1837158203125,31.98596954345703
2023-02-01,591.8610229492188,32.45728302001953
2023-02-02,618.7549438476562,35.04220199584961
2023-02-03,623.1397705078125,35.61069107055664
2023-02-06,606.0216674804688,34.979034423828125
2023-02-07,606.8027954101562,34.983890533447266
2023-02-08,604.849853515625,34.51258087158203
2023-02-09,612.4666137695312,35.32401657104492
2023-02-10,597.3307495117188,34.39596939086914
2023-02-13,606.0216674804688,34.779823303222656
2023-02-14,606.509765625,34.82841110229492
2023-02-15,610.7089233398438,35.19768524169922
2023-02-16,608.365234375,35.071353912353516
2023-02-17,595.9635009765625,34.54680633544922
2023-02-20,589.4208984375,34.23795700073242
2023-02-21,582.87841796875,33.84577178955078
2023-02-22,579.0699462890625,33.59084701538086
2023-02-23,580.7301025390625,34.135005950927734
2023-02-24,565.3988037109375,32.93883514404297
2023-02-27,581.5112915039062,33.14963912963867
2023-02-28,570.2813110351562,32.86039733886719
2023-03-01,561.1021728515625,33.12022018432617
2023-03-02,563.9342041015625,32.963348388671875
2023-03-03,575.5546264648438,33.5810432434082
2023-03-06,576.3357543945312,34.27717590332031
2023-03-07,560.61376953125,33.75752639770508
2023-03-08,568.328369140625,34.81153106689453
2023-03-09,571.55078125,35.15469741821289
2023-03-10,564.03173828125,34.91447830200195
2023-03-13,551.7277221679688,33.41926193237305
2023-03-14,562.5669555664062,34.23795700073242
2023-03-15,554.6571655273438,32.6005744934082
2023-03-16,573.2108154296875,33.24277877807617
2023-03-17,582.0971069335938,33.796749114990234
2023-03-20,586.1007690429688,33.79184341430664
2023-03-21,581.21826171875,33.93400955200195
2023-03-22,586.6867065429688,34.389930725097656
2023-03-23,602.7990112304688,35.18900680541992
2023-03-24,584.635986328125,33.48789596557617
2023-03-27,590.9832763671875,33.973228454589844
2023-03-28,573.8944702148438,32.909420013427734
2023-03-29,591.5692138671875,35.17920684814453
2023-03-30,609.0487670898438,37.10092544555664
2023-03-31,610.513671875,36.94404983520508
2023-04-03,603.1898193359375,36.14986801147461
2023-04-04,603.6780395507812,35.782196044921875
2023-04-05,591.9598388671875,34.79682540893555
2023-04-06,592.7410278320312,34.60563278198242
2023-04-07,592.7410278320312,34.60563278198242
2023-04-10,592.7410278320312,34.60563278198242
2023-04-11,596.2564697265625,34.63504409790039
2023-04-12,589.2257080078125,34.86545944213867
2023-04-13,589.0303344726562,35.55668640136719
2023-04-14,592.2528076171875,35.3949089050293
2023-04-17,568.621337890625,35.53217697143555
2023-04-18,574.7733154296875,35.988094329833984
2023-04-19,553.5829467773438,35.071353912353516
2023-04-20,559.9303588867188,34.09579086303711
2023-04-21,566.5706787109375,33.96342468261719
2023-04-24,559.8326416015625,33.44868087768555
2023-04-25,550.5559692382812,33.17414855957031
2023-04-26,543.5250244140625,33.252586364746094
2023-04-27,550.9464111328125,31.76717758178711
2023-04-28,561.7105102539062,32.26231384277344
2023-05-01,561.7105102539062,32.26231384277344
2023-05-02,561.122802734375,32.87510299682617
2023-05-03,563.4735107421875,32.70352554321289
2023-05-04,565.4324951171875,32.1103401184082
2023-05-05,573.5618286132812,32.53684616088867
2023-05-08,579.1446533203125,32.551551818847656
2023-05-09,572.4844970703125,32.30153274536133
2023-05-10,587.2739868164062,32.74764633178711
2023-05-11,581.1036376953125,32.52703857421875
2023-05-12,584.3355712890625,33.11042022705078
2023-05-15,583.356201171875,32.79176330566406
2023-05-16,591.7794799804688,33.532020568847656
2023-05-17,595.8931274414062,33.73301315307617
2023-05-18,627.43115234375,35.06645202636719
2023-05-19,630.173583984375,35.252742767333984
2023-05-22,629.977783203125,35.252742767333984
2023-05-23,621.9462890625,34.95859909057617
2023-05-24,608.919677734375,33.0662956237793
2023-05-25,639.1843872070312,32.448604583740234
2023-05-26,668.0780029296875,33.87028121948242
2023-05-29,662.2993774414062,33.95362091064453
2023-05-30,669.0575561523438,34.40953826904297
2023-05-31,657.6959228515625,34.051666259765625
2023-06-01,663.2787475585938,34.860557556152344
2023-06-02,660.7322387695312,35.10567092895508
2023-06-05,661.3198852539062,34.6840705871582
2023-06-06,655.4432983398438,34.816429138183594
2023-06-07,654.1699829101562,35.87533950805664
2023-06-08,649.076904296875,35.93416976928711
2023-06-09,652.896728515625,36.110652923583984
2023-06-12,657.6959228515625,37.08621597290039
2023-06-13,666.6088256835938,37.635276794433594
2023-06-14,667.6863403320312,38.10100173950195
2023-06-15,659.94873046875,37.99805450439453
2023-06-16,646.2364501953125,37.321529388427734
2023-06-19,647.6077880859375,37.346038818359375
2023-06-20,642.9064331054688,36.6204948425293
2023-06-21,632.7200927734375,36.24791717529297
2023-06-22,638.4988403320312,36.40969467163086
2023-06-23,627.6270751953125,35.00762939453125
2023-06-26,633.993408203125,35.16450119018555
2023-06-27,636.24609375,34.78211212158203
2023-06-28,651.0358276367188,35.36549377441406
2023-06-29,654.6597900390625,35.919456481933594
2023-06-30,649.3706665039062,37.0469970703125
2023-07-03,652.4069213867188,36.444007873535156
2023-07-04,655.3453979492188,36.67441940307617
2023-07-05,645.746826171875,35.958675384521484
2023-07-06,626.6475830078125,34.483070373535156
2023-07-07,627.2353515625,35.046844482421875
2023-07-10,631.9366455078125,35.57139205932617
2023-07-11,622.0442504882812,35.73807144165039
2023-07-12,640.5557250976562,36.86560821533203
2023-07-13,649.3706665039062,37.699012756347656
2023-07-14,670.8206176757812,37.82156753540039
2023-07-17,651.0358276367188,37.19896697998047
2023-07-18,650.5460815429688,37.1107292175293
2023-07-19,638.4988403320312,36.66952133178711
2023-07-20,607.3526000976562,36.02241134643555
2023-07-21,612.6416625976562,36.174381256103516
2023-07-24,603.0430297851562,36.10574722290039
2023-07-25,615.48193359375,36.61559295654297
2023-07-26,604.7080688476562,36.14006423950195
2023-07-27,639.38037109375,38.1500244140625
2023-07-28,639.5762939453125,38.6059455871582
2023-07-31,638.7927856445312,39.21873474121094
2023-08-01,632.7557373046875,38.547115325927734
2023-08-02,617.34423828125,37.7235221862793
2023-08-03,607.920654296875,34.20363998413086
2023-08-04,609.6875,33.5810432434082
2023-08-07,613.7122802734375,33.96342468261719
2023-08-08,603.5032958984375,32.865299224853516
2023-08-09,602.8161010742188,33.345726013183594
2023-08-10,612.7306518554688,33.76243209838867
2023-08-11,594.570556640625,32.70352554321289
2023-08-14,594.07958984375,32.81137466430664
2023-08-15,589.4661254882812,32.30153274536133
2023-08-16,590.9384765625,32.267215728759766
2023-08-17,581.809326171875,31.536767959594727
2023-08-18,587.2084350585938,31.370088577270508
2023-08-21,588.6807861328125,31.502450942993164
2023-08-22,607.920654296875,32.3554573059082
2023-08-23,613.9085693359375,32.227996826171875
2023-08-24,592.509033203125,31.42401123046875
2023-08-25,583.2817993164062,31.35047721862793
2023-08-28,595.355712890625,31.96327018737793
2023-08-29,601.7364501953125,32.57115936279297
2023-08-30,599.4786376953125,32.36526107788086
2023-08-31,596.7300415039062,32.37016677856445
2023-09-01,600.4603271484375,32.2328987121582
2023-09-04,605.4664916992188,32.517234802246094
2023-09-05,608.018798828125,32.2083854675293
2023-09-06,605.4664916992188,32.42408752441406
2023-09-07,582.5946655273438,31.571083068847656
2023-09-08,575.9195556640625,31.571083068847656
2023-09-11,566.79052734375,31.61030387878418
2023-09-12,566.5941772460938,31.845611572265625
2023-09-13,564.1400756835938,31.678936004638672
2023-09-14,571.3059692382812,32.10543441772461
2023-09-15,551.4771118164062,31.713253021240234
2023-09-18,547.2561645507812,30.786706924438477
2023-09-19,543.2315063476562,30.433740615844727
2023-09-20,546.3726806640625,30.90926742553711
2023-09-21,541.8572387695312,30.830827713012695
2023-09-22,544.9984130859375,30.78180694580078
2023-09-25,544.5076293945312,30.463151931762695
2023-09-26,532.6298828125,30.017040252685547
2023-09-27,538.3234252929688,30.16411018371582
2023-09-28,540.6793212890625,30.74748992919922
2023-09-29,548.8267822265625,30.742586135864258
2023-10-02,546.1763916015625,30.796510696411133
2023-10-03,537.0472412109375,30.54159164428711
2023-10-04,547.2561645507812,31.747568130493164
2023-10-05,538.3234252929688,31.370088577270508
2023-10-06,550.88818359375,32.051509857177734
2023-10-09,544.9002685546875,31.321062088012695
2023-10-10,561.587890625,32.28682327270508
2023-10-11,556.6797485351562,32.07111740112305
2023-10-12,577.8829956054688,32.41428756713867
2023-10-13,563.060302734375,31.48284149169922
2023-10-16,559.1337890625,31.291648864746094
2023-10-17,562.3731689453125,31.01221466064453
2023-10-18,543.03515625,30.512176513671875
2023-10-19,552.1642456054688,29.477783203125
2023-10-20,537.0472412109375,28.82577133178711
2023-10-23,542.4461669921875,28.512022018432617
2023-10-24,552.262451171875,28.502214431762695
2023-10-25,550.3973999023438,28.20317268371582
2023-10-26,550.2991333007812,28.801259994506836
2023-10-27,549.9065551757812,28.561044692993164
2023-10-30,541.8572387695312,26.74717903137207
2023-10-31,554.912841796875,26.938369750976562
2023-11-01,562.2448120117188,27.11485481262207
2023-11-02,585.2738647460938,27.96295928955078
2023-11-03,588.2264404296875,28.61496925354004
2023-11-06,582.3214111328125,28.624774932861328
2023-11-07,589.6041259765625,28.928720474243164
2023-11-08,590.4899291992188,28.840478897094727
2023-11-09,593.9343872070312,29.119911193847656
2023-11-10,598.363037109375,28.73262596130371
2023-11-13,602.791748046875,29.046377182006836
2023-11-14,611.4522705078125,30.007234573364258
2023-11-15,617.8493041992188,32.91432189941406
2023-11-16,615.5856323242188,33.29670715332031
2023-11-17,618.7349853515625,32.92413330078125
2023-11-20,619.7191162109375,33.247684478759766
2023-11-21,615.782470703125,32.74764633178711
2023-11-22,623.2620239257812,32.81137466430664
2023-11-23,619.8175048828125,32.8456916809082
2023-11-24,622.2778930664062,33.05649185180664
2023-11-27,618.6365356445312,32.9437370300293
2023-11-28,609.8776245117188,33.60555648803711
2023-11-29,619.22705078125,35.00271987915039
2023-11-30,613.1253662109375,34.855648040771484
2023-12-01,627.3955078125,35.429222106933594
2023-12-04,620.6047973632812,35.30176544189453
2023-12-05,633.103515625,35.20371627807617
2023-12-06,638.7131958007812,36.08613967895508
2023-12-07,636.3511352539062,35.71846389770508
2023-12-08,639.3036499023438,36.4342041015625
2023-12-11,648.7515258789062,36.18418502807617
2023-12-12,652.8849487304688,36.419498443603516
2023-12-13,658.4945678710938,36.316551208496094
2023-12-14,671.386962890625,37.63037872314453
2023-12-15,683.6889038085938,38.15492630004883
2023-12-18,665.8756713867188,37.208778381347656
2023-12-19,666.0725708007812,37.321529388427734
2023-12-20,668.6312866210938,37.02738952636719
2023-12-21,671.7805786132812,37.12543487548828
2023-12-22,672.7647094726562,36.88521957397461
2023-12-25,672.7647094726562,36.88521957397461
2023-12-26,672.7647094726562,36.88521957397461
2023-12-27,674.044189453125,37.24799728393555
2023-12-28,675.0283203125,36.929344177246094
2023-12-29,670.8949584960938,37.06170654296875
2024-01-01,670.8949584960938,37.06170654296875
2024-01-02,653.7706909179688,36.33616256713867
2024-01-03,635.1702880859375,34.948795318603516
2024-01-04,636.1544189453125,34.233055114746094
2024-01-05,633.9892578125,34.448753356933594
2024-01-08,643.0435180664062,35.130184173583984
2024-01-09,644.1260375976562,34.512489318847656
2024-01-10,641.0751342773438,34.105594635009766
2024-01-11,638.6148681640625,33.600650787353516
2024-01-12,639.0084228515625,33.59574890136719
2024-01-15,637.9259033203125,33.144737243652344
2024-01-16,641.9609375,32.95844650268555
2024-01-17,639.3036499023438,31.899539947509766
2024-01-18,665.2852172851562,33.4339714050293
2024-01-19,675.4219360351562,33.522212982177734
2024-01-22,696.2860107421875,33.97813034057617
2024-01-23,695.8922729492188,34.13990783691406
2024-01-24,763.5033569335938,34.22324752807617
2024-01-25,798.9328002929688,33.968326568603516
2024-01-26,784.5643310546875,33.67418670654297
2024-01-29,792.0437622070312,32.865299224853516
2024-01-30,788.5991821289062,33.551631927490234
2024-01-31,785.54833984375,33.08590316772461
2024-02-01,799.6217041015625,32.73293685913086
2024-02-02,805.8218383789062,32.948638916015625
2024-02-05,815.7301635742188,33.97813034057617
2024-02-06,822.0398559570312,32.9437370300293
2024-02-07,838.0114135742188,31.25733184814453
2024-02-08,843.0394897460938,32.50252914428711
2024-02-09,863.7431640625,32.98295593261719
2024-02-12,865.2220458984375,33.59574890136719
2024-02-13,838.7015380859375,31.928953170776367
2024-02-14,841.3634643554688,32.35055160522461
2024-02-15,848.6589965820312,32.68881607055664
2024-02-16,862.2643432617188,32.80647277832031
2024-02-19,847.3773193359375,32.49272155761719
2024-02-20,825.8848876953125,31.92405128479004
2024-02-21,822.237060546875,32.252506256103516
2024-02-22,864.4332885742188,32.95354461669922
2024-02-23,852.7998046875,32.4535026550293
2024-02-26,857.5321044921875,32.92420196533203
2024-02-27,866.7994384765625,34.252071380615234
2024-02-28,857.1377563476562,32.86970138549805
2024-02-29,858.22216796875,32.79538345336914
2024-03-01,881.3907470703125,33.67732620239258
2024-03-04,900.3199462890625,33.27599334716797
2024-03-05,886.8131103515625,32.85979461669922
2024-03-06,899.3341064453125,33.52372741699219
2024-03-07,935.812255859375,34.5543098449707
2024-03-08,910.3761596679688,33.98451614379883
2024-03-11,872.0247802734375,33.42463302612305
2024-03-12,879.7146606445312,34.5642204284668
2024-03-13,866.5037841796875,34.57413101196289
2024-03-14,868.5740356445312,33.64759826660156
2024-03-15,845.6027221679688,31.621109008789062
2024-03-18,858.5180053710938,31.710294723510742
2024-03-19,857.3348999023438,31.031496047973633
2024-03-20,862.1658325195312,30.719348907470703
2024-03-21,910.2774658203125,31.601289749145508
2024-03-22,893.320068359375,30.932401657104492
2024-03-25,900.1226806640625,30.600433349609375
2024-03-26,887.7005004882812,31.071134567260742
2024-03-27,882.5739135742188,31.190048217773438
2024-03-28,879.6161499023438,31.229684829711914
2024-03-29,879.6161499023438,31.229684829711914
2024-04-01,879.6161499023438,31.229684829711914
2024-04-02,878.1373901367188,30.491430282592773
2024-04-03,892.235595703125,31.2247314453125
2024-04-04,888.5877075195312,31.591381072998047
2024-04-05,892.9257202148438,31.31391716003418
2024-04-08,900.8128662109375,32.03730773925781
2024-04-09,886.6160278320312,33.24130630493164
2024-04-10,900.41845703125,33.2859001159668
2024-04-11,896.2777709960938,32.5030517578125
2024-04-12,894.7003784179688,31.769752502441406
2024-04-15,898.0524291992188,32.05217361450195
2024-04-16,900.5171508789062,31.799480438232422
2024-04-17,840.3776245117188,31.209867477416992
2024-04-18,828.4481811523438,30.605388641357422
2024-04-19,809.4203491210938,29.862178802490234
2024-04-22,801.7303466796875,29.535167694091797
2024-04-23,822.5328369140625,29.535167694091797
2024-04-24,823.0256958007812,31.145456314086914
2024-04-25,821.9412841796875,32.26522445678711
2024-04-26,848.46826171875,32.7309684753418
2024-04-29,837.5017700195312,32.5030517578125
2024-04-30,822.6822509765625,32.42377853393555
2024-05-01,822.6822509765625,32.42377853393555
2024-05-02,801.6384887695312,31.051313400268555
2024-05-03,825.8438110351562,31.150409698486328
2024-05-06,836.4149780273438,31.92830467224121
2024-05-07,843.9236450195312,36.05559539794922
2024-05-08,834.834228515625,35.73353958129883
2024-05-09,837.6994018554688,36.55602264404297
2024-05-10,854.0996704101562,37.655975341796875
2024-05-13,842.738037109375,36.84339904785156
2024-05-14,830.5860595703125,36.86322021484375
2024-05-15,840.7620239257812,37.655975341796875
2024-05-16,848.7645874023438,36.75917053222656
2024-05-17,842.738037109375,36.66998291015625
2024-05-20,854.29736328125,37.15554428100586
2024-05-21,843.4295654296875,36.020912170410156
2024-05-22,843.82470703125,37.36859893798828
2024-05-23,865.8565673828125,37.725341796875
2024-05-24,869.9072265625,37.6658821105957
2024-05-27,871.98193359375,37.71543502807617
2024-05-28,885.220703125,37.93839645385742
2024-05-29,877.8109741210938,36.72943878173828
2024-05-30,870.401123046875,36.7492561340332
2024-05-31,860.3238525390625,36.49161148071289
2024-06-03,869.9072265625,36.585750579833984
2024-06-04,862.3986206054688,36.37765121459961
2024-06-05,932.2479858398438,36.88303756713867
2024-06-06,945.9808959960938,36.32810592651367
2024-06-07,947.3640747070312,37.6658821105957
2024-06-10,951.8098754882812,37.37355422973633
2024-06-11,947.660400390625,37.309146881103516
2024-06-12,973.7427368164062,38.16135787963867
2024-06-13,954.8726196289062,37.58660888671875
2024-06-14,941.5350341796875,36.1695556640625
2024-06-17,957.7376708984375,35.822723388671875
2024-06-18,971.9644775390625,35.659217834472656
2024-06-19,954.8726196289062,34.375938415527344
2024-06-20,977.0030517578125,34.668270111083984
2024-06-21,951.8098754882812,33.632728576660156
2024-06-24,937.0890502929688,33.6971435546875
2024-06-25,938.7686157226562,33.76155471801758
2024-06-26,935.2119140625,34.058837890625
2024-06-27,948.4508056640625,33.682281494140625
2024-06-28,952.6002197265625,33.99442672729492
2024-07-01,942.8193359375,34.05388641357422
2024-07-02,954.27978515625,33.8309211730957
2024-07-03,973.9403686523438,34.41557693481445
2024-07-04,972.3596801757812,34.66331481933594
2024-07-05,981.0537109375,35.45607376098633
2024-07-08,985.894775390625,35.38175582885742
2024-07-09,970.8777465820312,34.66331481933594
2024-07-10,989.9454956054688,35.07455825805664
2024-07-11,977.2005615234375,34.98041915893555
2024-07-12,990.1431274414062,35.7583122253418
2024-07-15,977.2994384765625,35.421390533447266
2024-07-16,966.0366821289062,34.91600799560547
2024-07-17,860.4227294921875,34.61376953125
2024-07-18,828.4124755859375,34.152976989746094
2024-07-19,819.520751953125,32.80033493041992
2024-07-22,840.26806640625,33.90028762817383
2024-07-23,850.54296875,32.770606994628906
2024-07-24,821.595458984375,32.294952392578125
2024-07-25,789.9804077148438,30.204055786132812
2024-07-26,810.6290283203125,30.44683837890625
2024-07-29,798.0782470703125,31.130592346191406
2024-07-30,797.4844360351562,31.31391716003418
2024-07-31,841.8275756835938,31.759841918945312
2024-08-01,821.4376831054688,30.818443298339844
2024-08-02,729.5839233398438,29.262657165527344
2024-08-05,738.3931884765625,29.65407943725586
2024-08-06,772.1455078125,29.465801239013672
2024-08-07,787.8833618164062,30.09505271911621
2024-08-08,786.2006225585938,30.045503616333008
2024-08-09,776.0056762695312,29.891908645629883
2024-08-12,776.5995483398438,30.00586700439453
2024-08-13,781.4496459960938,30.025684356689453
2024-08-14,791.149658203125,30.100006103515625
2024-08-15,823.5162353515625,31.37337303161621
2024-08-16,824.0111083984375,31.259414672851562
2024-08-19,820.9426879882812,31.274276733398438
2024-08-20,824.110107421875,31.34859848022461
2024-08-21,834.7009887695312,31.819299697875977
2024-08-22,824.5060424804688,31.824254989624023
2024-08-23,810.4508666992188,31.908485412597656
2024-08-26,788.8731079101562,31.84902572631836
2024-08-27,786.1016845703125,32.096763610839844
2024-08-28,791.2486572265625,32.05217361450195
2024-08-29,814.6080322265625,32.56250762939453
2024-08-30,803.72021484375,32.70124053955078
2024-09-02,810.3518676757812,32.52286911010742
2024-09-03,774.8179321289062,31.001768112182617
2024-09-04,728.8910522460938,29.81758689880371
2024-09-05,712.6583251953125,29.772993087768555
2024-09-06,674.0559692382812,28.717636108398438
2024-09-09,669.6018676757812,28.970327377319336
2024-09-10,665.6426391601562,28.26180076599121
2024-09-11,690.9815673828125,28.618539810180664
2024-09-12,715.0338134765625,28.990144729614258
2024-09-13,726.5155639648438,29.55498695373535
2024-09-16,712.5593872070312,28.78700065612793
2024-09-17,718.5971069335938,29.713537216186523
2024-09-18,707.7092895507812,29.90181541442871
2024-09-19,740.2738037109375,30.55584144592285
2024-09-20,709.391845703125,28.806819915771484
2024-09-23,710.9755859375,28.76222801208496
2024-09-24,720.1807250976562,29.223018646240234
2024-09-25,727.5052490234375,29.193288803100586
2024-09-26,752.0524291992188,30.35765266418457
2024-09-27,749.5779418945312,32.39900207519531
2024-09-30,737.9972534179688,31.175182342529297
2024-10-01,734.2359619140625,30.327922821044922
2024-10-02,749.6769409179688,30.35765266418457
2024-10-03,747.4003295898438,29.49057388305664
2024-10-04,749.77587890625,30.090097427368164
2024-10-07,739.976806640625,30.159461975097656
2024-10-08,744.430908203125,29.60453224182129
2024-10-09,759.6739501953125,30.327922821044922
2024-10-10,754.8239135742188,30.134689331054688
2024-10-11,762.84130859375,30.139644622802734
2024-10-14,783.924072265625,30.763940811157227
2024-10-15,661.2874755859375,30.199100494384766
2024-10-16,627.436279296875,30.100006103515625
2024-10-17,627.733154296875,30.605388641357422
2024-10-18,657.7242431640625,30.486474990844727
2024-10-21,650.89453125,29.703628540039062
2024-10-22,660.000732421875,29.406343460083008
2024-10-23,652.0823364257812,30.075233459472656
2024-10-24,654.5567626953125,30.352697372436523
2024-10-25,657.3282470703125,30.42206382751465
2024-10-28,648.8159790039062,30.699527740478516
2024-10-29,650.0263671875,30.511249542236328
2024-10-30,628.9937744140625,29.45093536376953
2024-10-31,616.2948608398438,28.76222801208496
2024-11-01,622.148193359375,28.76222801208496
2024-11-04,613.3185424804688,28.91582489013672
2024-11-05,619.07275390625,29.074377059936523
2024-11-06,605.9769897460938,28.142887115478516
2024-11-07,619.7671508789062,28.677997589111328
2024-11-08,616.5924682617188,28.52440071105957
2024-11-11,622.3466796875,29.49057388305664
2024-11-12,625.322998046875,30.570707321166992
2024-11-13,622.7435302734375,29.133832931518555
2024-11-14,666.2968139648438,30.486474990844727
2024-11-15,629.9859008789062,30.015777587890625
2024-11-18,624.6284790039062,29.470754623413086
2024-11-19,619.7671508789062,28.836549758911133
2024-11-20,611.6319580078125,28.856369018554688
2024-11-21,626.5135498046875,28.80186653137207
2024-11-22,637.0297241210938,29.733354568481445
2024-11-25,646.8516235351562,30.134689331054688
2024-11-26,634.9463500976562,30.20901107788086
2024-11-27,622.7435302734375,29.78290367126465
2024-11-28,637.823486328125,29.78290367126465
2024-11-29,653.2011108398438,30.53602409362793
2024-12-02,658.8560791015625,30.8382625579834
2024-12-03,672.5471801757812,31.507150650024414
2024-12-04,678.1028442382812,31.754884719848633
2024-12-05,673.8369140625,32.042259216308594
2024-12-06,672.2494506835938,32.389095306396484
2024-12-09,669.6700439453125,33.10752868652344
2024-12-10,665.007080078125,33.10752868652344
2024-12-11,672.9439697265625,32.79538345336914
2024-12-12,677.9044189453125,32.87961196899414
2024-12-13,682.2697143554688,32.72106170654297
2024-12-16,682.5673828125,32.55259704589844
2024-12-17,697.8457641601562,32.686378479003906
2024-12-18,711.635986328125,33.389949798583984
2024-12-19,685.34521484375,31.591381072998047
2024-12-20,680.682373046875,31.105815887451172
2024-12-23,678.4005126953125,31.254459381103516
2024-12-24,683.0634155273438,31.254459381103516
2024-12-25,683.0634155273438,31.254459381103516
2024-12-26,683.0634155273438,31.254459381103516
2024-12-27,679.4918823242188,31.531923294067383
2024-12-30,666.5945434570312,31.115726470947266
2024-12-31,673.3407592773438,31.115726470947266
2025-01-01,673.3407592773438,31.115726470947266
2025-01-02,684.5515747070312,31.11077308654785
2025-01-03,682.5673828125,30.719348907470703
2025-01-06,741.8952026367188,32.9737548828125
2025-01-07,732.5694580078125,33.64759826660156
2025-01-08,718.5806884765625,32.408912658691406
2025-01-09,728.1049194335938,31.98775863647461
2025-01-10,719.5728149414062,31.92334747314453
2025-01-13,705.8818359375,32.16613006591797
2025-01-14,707.0723876953125,32.527828216552734
2025-01-15,707.0723876953125,33.10257339477539
2025-01-16,739.51416015625,33.127349853515625
2025-01-17,733.2638549804688,33.6971435546875
2025-01-20,742.0936279296875,33.825965881347656
2025-01-21,726.6167602539062,33.825965881347656
2025-01-22,742.1928100585938,33.99442672729492
2025-01-23,709.6517333984375,33.87551498413086
2025-01-24,695.1670532226562,33.87551498413086
2025-01-27,646.4547729492188,33.07780075073242
2025-01-28,641.4942016601562,32.75574493408203
2025-01-29,677.11083984375,32.215675354003906
2025-01-30,701.1196899414062,31.150409698486328
2025-01-31,716.9933471679688,31.76479721069336
2025-02-03,704.29443359375,30.97203826904297
2025-02-04,706.7747192382812,34.18270492553711
2025-02-05,700.5244140625,35.17860794067383
2025-02-06,709.6517333984375,36.97222137451172
2025-02-07,697.4488525390625,36.57088851928711
2025-02-10,712.8796997070312,36.57088851928711
2025-02-11,719.4417724609375,36.41233444213867
2025-02-12,714.271728515625,36.71953201293945
2025-02-13,733.65966796875,37.3140983581543
2025-02-14,727.992431640625,37.21004867553711
2025-02-17,723.6176147460938,37.576698303222656
2025-02-18,712.0843505859375,37.47264862060547
2025-02-19,713.3768920898438,37.71543502807617
2025-02-20,705.820556640625,38.310001373291016
2025-02-21,706.0193481445312,38.51499938964844
2025-02-24,709.3998413085938,38.02000045776367
2025-02-25,693.7901000976562,37.02000045776367
2025-02-26,710.3941040039062,36.935001373291016
2025-02-27,695.0825805664062,36.1150016784668
2025-02-28,674.7003784179688,35.5099983215332
2025-03-03,686.3331909179688,35.92499923706055
2025-03-04,656.7044067382812,34.06999969482422
2025-03-05,668.8342895507812,35.69499969482422
2025-03-06,666.1497802734375,36.834999084472656
2025-03-07,662.1728515625,36.025001525878906
2025-03-10,635.3280029296875,34.35499954223633
2025-03-11,628.3681640625,34.5
2025-03-12,641.7905883789062,35.040000915527344
2025-03-13,638.7084350585938,34.11000061035156
2025-03-14,651.9320068359375,34.7599983215332
2025-03-17,657.499755859375,34.7599983215332
2025-03-18,662.0734252929688,35.35499954223633
2025-03-19,669.2319946289062,35.18000030517578
2025-03-20,668.6354370117188,34.209999084472656
2025-03-21,656.9032592773438,33.25
2025-03-24,670.723388671875,33.25
2025-03-25,670.8228149414062,34.625
2025-03-26,653.4234008789062,33.43000030517578
2025-03-27,638.807861328125,32.439998626708984
2025-03-28,622.0048828125,31.1299991607666
2025-03-31,602.517578125,30.395000457763672
2025-04-01,616.1388549804688,30.959999084472656
2025-04-02,612.7583618164062,30.600000381469727
2025-04-03,575.37451171875,28.165000915527344
2025-04-04,560.8583984375,26.170000076293945
2025-04-07,546.8394165039062,25.110000610351562
2025-04-08,570.5026245117188,25.299999237060547
2025-04-09,551.1146850585938,24.344999313354492
2025-04-10,574.2808227539062,25.780000686645508
2025-04-11,573.9825439453125,25.7549991607666
2025-04-14,586.6094970703125,26.6200008392334
2025-04-15,601.9210815429688,27.059999465942383
2025-04-16,570.7015380859375,26.799999237060547
2025-04-17,560.957763671875,26.6200008392334
2025-04-18,560.957763671875,26.6200008392334
2025-04-21,560.957763671875,26.6200008392334
2025-04-22,557.8756103515625,26.665000915527344
2025-04-23,577.5618896484375,27.6200008392334
2025-04-24,588.2998046875,29.575000762939453
2025-04-25,587.3423461914062,30.1299991607666
2025-04-28,582.9539794921875,29.885000228881836
2025-04-29,583.45263671875,29.309999465942383
2025-04-30,580.959228515625,28.889999389648438
2025-05-01,580.959228515625,28.889999389648438
2025-05-02,607.2894287109375,30.024999618530273
2025-05-05,605.1949462890625,30.135000228881836
2025-05-06,599.9089965820312,29.395000457763672
2025-05-07,603.1005249023438,30.25
2025-05-08,628.832275390625,30.989999771118164
2025-05-09,625.1420288085938,31.454999923706055
2025-05-12,665.1360473632812,34.029998779296875
2025-05-13,681.8916015625,34.65999984741211
2025-05-14,684.7838745117188,34.65999984741211
2025-05-15,680.3955688476562,33.82500076293945
2025-05-16,666.632080078125,33.39500045776367
2025-05-19,660.64794921875,33.4900016784668
2025-05-20,658.2542724609375,33.88999938964844
2025-05-21,662.9418334960938,34.654998779296875
2025-05-22,655.0626831054688,34.70500183105469
2025-05-23,640.9002685546875,33.38999938964844
2025-05-26,652.2701416015625,34.04999923706055
2025-05-27,664.3380737304688,34.69499969482422
2025-05-28,659.0521240234375,34.439998626708984
2025-05-29,663.7396850585938,34.69499969482422
2025-05-30,652.17041015625,34.275001525878906
2025-06-02,644.4907836914062,33.83000183105469
2025-06-03,651.3724975585938,34.36000061035156
2025-06-04,650.6743774414062,35.80500030517578
2025-06-05,657.2568969726562,35.724998474121094
2025-06-06,665.8341064453125,35.900001525878906
2025-06-09,678.3010864257812,35.900001525878906
2025-06-10,682.689453125,36.98500061035156
2025-06-11,688.3743896484375,36.435001373291016
2025-06-12,674.810302734375,35.564998626708984
2025-06-13,662.842041015625,35.41999816894531
2025-06-16,668.3275146484375,35.525001525878906
2025-06-17,664.2384033203125,34.935001373291016
2025-06-18,663.2410278320312,34.20000076293945
2025-06-19,651.3724975585938,34.04999923706055
2025-06-20,648.6796875,34.220001220703125
2025-06-23,666.9312744140625,34.599998474121094
2025-06-24,689.5712280273438,35.595001220703125
2025-06-25,692.6630249023438,34.95000076293945
2025-06-26,675.6082763671875,35.44499969482422
2025-06-27,680.6947631835938,35.65999984741211
2025-06-30,675.8076782226562,36.1150016784668
2025-07-01,666.4325561523438,35.48500061035156
2025-07-02,675.8076782226562,36.20500183105469
2025-07-03,675.3090209960938,36.915000915527344
2025-07-04,657.6558837890625,36.79999923706055
2025-07-07,669.8235473632812,37.10499954223633
2025-07-08,677.1043090820312,37.81999969482422
2025-07-09,678.0018920898438,37.90999984741211
2025-07-10,688.1749267578125,38.255001068115234
2025-07-11,682.091064453125,37.97999954223633
2025-07-14,685.4820556640625,37.35499954223633
2025-07-15,704.2322998046875,37.65999984741211
2025-07-16,624.1447143554688,37.65999984741211
2025-07-17,648.4801635742188,38.150001525878906
2025-07-18,631.8243408203125,38.1150016784668
2025-07-21,622.4491577148438,38.1150016784668
2025-07-22,600.806640625,37.154998779296875
2025-07-23,604.9954833984375,35.845001220703125
2025-07-24,614.2709350585938,34.32500076293945
2025-07-25,603.2999877929688,34.5
2025-07-28,628.2999877929688,34.994998931884766
2025-07-29,623.0,35.47999954223633
2025-07-30,627.5,35.880001068115234
2025-07-31,613.0999755859375,34.6349983215332
2025-08-01,595.0,33.79999923706055
2025-08-04,602.4000244140625,33.755001068115234
2025-08-05,597.0999755859375,35.29999923706055
2025-08-06,592.9000244140625,34.314998626708984
2025-08-07,610.7000122070312,34.494998931884766
2025-08-08,616.9000244140625,35.459999084472656
