Date,VIXY,^VIX
2020-08-10,1688.0,22.1299991607666
2020-08-11,1767.199951171875,24.030000686645508
2020-08-12,1671.199951171875,22.280000686645508
2020-08-13,1671.199951171875,22.1299991607666
2020-08-14,1672.800048828125,22.049999237060547
2020-08-17,1608.800048828125,21.350000381469727
2020-08-18,1593.5999755859375,21.510000228881836
2020-08-19,1624.800048828125,22.540000915527344
2020-08-20,1607.199951171875,22.719999313354492
2020-08-21,1614.4000244140625,22.540000915527344
2020-08-24,1608.800048828125,22.3700008392334
2020-08-25,1597.5999755859375,22.030000686645508
2020-08-26,1634.4000244140625,23.270000457763672
2020-08-27,1686.4000244140625,24.469999313354492
2020-08-28,1677.5999755859375,22.959999084472656
2020-08-31,1757.5999755859375,26.40999984741211
2020-09-01,1789.5999755859375,26.1200008392334
2020-09-02,1837.5999755859375,26.56999969482422
2020-09-03,2080.800048828125,33.599998474121094
2020-09-04,1907.199951171875,30.75
2020-09-07,1907.199951171875,30.75
2020-09-08,1852.800048828125,31.459999084472656
2020-09-09,1759.199951171875,28.809999465942383
2020-09-10,1779.199951171875,29.709999084472656
2020-09-11,1670.4000244140625,26.8700008392334
2020-09-14,1644.0,25.850000381469727
2020-09-15,1643.199951171875,25.59000015258789
2020-09-16,1633.5999755859375,26.040000915527344
2020-09-17,1597.5999755859375,26.459999084472656
2020-09-18,1598.4000244140625,25.829999923706055
2020-09-21,1651.199951171875,27.780000686645508
2020-09-22,1662.4000244140625,26.860000610351562
2020-09-23,1751.199951171875,28.579999923706055
2020-09-24,1720.0,28.510000228881836
2020-09-25,1673.5999755859375,26.3799991607666
2020-09-28,1668.0,26.190000534057617
2020-09-29,1635.199951171875,26.270000457763672
2020-09-30,1632.800048828125,26.3700008392334
2020-10-01,1640.800048828125,26.700000762939453
2020-10-02,1687.199951171875,27.6299991607666
2020-10-05,1637.5999755859375,27.959999084472656
2020-10-06,1658.4000244140625,29.479999542236328
2020-10-07,1606.4000244140625,28.059999465942383
2020-10-08,1543.199951171875,26.360000610351562
2020-10-09,1461.5999755859375,25.0
2020-10-12,1434.4000244140625,25.06999969482422
2020-10-13,1449.5999755859375,26.06999969482422
2020-10-14,1437.5999755859375,26.399999618530273
2020-10-15,1448.800048828125,26.969999313354492
2020-10-16,1458.4000244140625,27.40999984741211
2020-10-19,1523.199951171875,29.18000030517578
2020-10-20,1522.4000244140625,29.350000381469727
2020-10-21,1485.5999755859375,28.649999618530273
2020-10-22,1452.0,28.110000610351562
2020-10-23,1453.5999755859375,27.549999237060547
2020-10-26,1580.800048828125,32.459999084472656
2020-10-27,1588.0,33.349998474121094
2020-10-28,1816.800048828125,40.279998779296875
2020-10-29,1664.0,37.59000015258789
2020-10-30,1738.4000244140625,38.02000045776367
2020-11-02,1700.800048828125,37.130001068115234
2020-11-03,1611.199951171875,35.54999923706055
2020-11-04,1469.5999755859375,29.56999969482422
2020-11-05,1441.5999755859375,27.579999923706055
2020-11-06,1348.0,24.860000610351562
2020-11-09,1317.5999755859375,25.75
2020-11-10,1275.199951171875,24.799999237060547
2020-11-11,1249.5999755859375,23.450000762939453
2020-11-12,1333.5999755859375,25.350000381469727
2020-11-13,1251.199951171875,23.100000381469727
2020-11-16,1219.199951171875,22.450000762939453
2020-11-17,1200.0,22.709999084472656
2020-11-18,1244.800048828125,23.84000015258789
2020-11-19,1221.5999755859375,23.110000610351562
2020-11-20,1217.5999755859375,23.700000762939453
2020-11-23,1202.4000244140625,22.65999984741211
2020-11-24,1184.0,21.639999389648438
2020-11-25,1140.800048828125,21.25
2020-11-26,1140.800048828125,21.25
2020-11-27,1148.0,20.84000015258789
2020-11-30,1125.5999755859375,20.56999969482422
2020-12-01,1134.4000244140625,20.770000457763672
2020-12-02,1129.5999755859375,21.170000076293945
2020-12-03,1138.4000244140625,21.280000686645508
2020-12-04,1121.5999755859375,20.790000915527344
2020-12-07,1128.0,21.299999237060547
2020-12-08,1088.800048828125,20.68000030517578
2020-12-09,1128.0,22.270000457763672
2020-12-10,1137.5999755859375,22.520000457763672
2020-12-11,1180.800048828125,23.309999465942383
2020-12-14,1208.800048828125,24.719999313354492
2020-12-15,1152.0,22.889999389648438
2020-12-16,1112.0,22.5
2020-12-17,1100.0,21.93000030517578
2020-12-18,1126.4000244140625,21.56999969482422
2020-12-21,1208.0,25.15999984741211
2020-12-22,1184.800048828125,24.229999542236328
2020-12-23,1139.199951171875,23.309999465942383
2020-12-24,1108.0,21.530000686645508
2020-12-25,1108.0,21.530000686645508
2020-12-28,1100.0,21.700000762939453
2020-12-29,1143.199951171875,23.079999923706055
2020-12-30,1100.0,22.770000457763672
2020-12-31,1099.199951171875,22.75
2021-01-01,1099.199951171875,22.75
2021-01-04,1204.0,26.969999313354492
2021-01-05,1158.4000244140625,25.34000015258789
2021-01-06,1151.199951171875,25.06999969482422
2021-01-07,1080.800048828125,22.3700008392334
2021-01-08,1070.4000244140625,21.559999465942383
2021-01-11,1136.0,24.079999923706055
2021-01-12,1097.5999755859375,23.329999923706055
2021-01-13,1080.0,22.209999084472656
2021-01-14,1093.5999755859375,23.25
2021-01-15,1120.800048828125,24.34000015258789
2021-01-18,1120.800048828125,24.34000015258789
2021-01-19,1089.5999755859375,23.239999771118164
2021-01-20,1067.199951171875,21.579999923706055
2021-01-21,1058.4000244140625,21.31999969482422
2021-01-22,1073.5999755859375,21.90999984741211
2021-01-25,1116.800048828125,23.190000534057617
2021-01-26,1098.4000244140625,23.020000457763672
2021-01-27,1326.4000244140625,37.209999084472656
2021-01-28,1299.199951171875,30.209999084472656
2021-01-29,1384.0,33.09000015258789
2021-02-01,1303.199951171875,30.239999771118164
2021-02-02,1194.4000244140625,25.559999465942383
2021-02-03,1130.4000244140625,22.90999984741211
2021-02-04,1080.800048828125,21.770000457763672
2021-02-05,1078.4000244140625,20.8700008392334
2021-02-08,1069.5999755859375,21.239999771118164
2021-02-09,1075.199951171875,21.6299991607666
2021-02-10,1090.4000244140625,21.989999771118164
2021-02-11,1065.5999755859375,21.25
2021-02-12,1031.199951171875,19.969999313354492
2021-02-15,1031.199951171875,19.969999313354492
2021-02-16,1032.800048828125,21.459999084472656
2021-02-17,1018.4000244140625,21.5
2021-02-18,1027.199951171875,22.489999771118164
2021-02-19,987.2000122070312,22.049999237060547
2021-02-22,1028.800048828125,23.450000762939453
2021-02-23,986.4000244140625,23.110000610351562
2021-02-24,948.7999877929688,21.34000015258789
2021-02-25,1096.0,28.889999389648438
2021-02-26,1044.0,27.950000762939453
2021-03-01,964.0,23.350000381469727
2021-03-02,980.0,24.100000381469727
2021-03-03,1023.2000122070312,26.670000076293945
2021-03-04,1065.5999755859375,28.56999969482422
2021-03-05,992.0,24.65999984741211
2021-03-08,1016.0,25.469999313354492
2021-03-09,967.2000122070312,24.030000686645508
2021-03-10,956.0,22.559999465942383
2021-03-11,931.2000122070312,21.90999984741211
2021-03-12,915.2000122070312,20.690000534057617
2021-03-15,863.2000122070312,20.030000686645508
2021-03-16,863.2000122070312,19.790000915527344
2021-03-17,824.0,19.229999542236328
2021-03-18,871.2000122070312,21.579999923706055
2021-03-19,843.2000122070312,20.950000762939453
2021-03-22,780.0,18.8799991607666
2021-03-23,820.0,20.299999237060547
2021-03-24,824.7999877929688,21.200000762939453
2021-03-25,799.2000122070312,19.809999465942383
2021-03-26,768.0,18.860000610351562
2021-03-29,789.5999755859375,20.739999771118164
2021-03-30,752.7999877929688,19.610000610351562
2021-03-31,748.0,19.399999618530273
2021-04-01,724.7999877929688,17.329999923706055
2021-04-02,724.7999877929688,17.329999923706055
2021-04-05,703.2000122070312,17.90999984741211
2021-04-06,709.5999755859375,18.1200008392334
2021-04-07,688.0,17.15999984741211
2021-04-08,677.5999755859375,16.950000762939453
2021-04-09,676.0,16.690000534057617
2021-04-12,665.5999755859375,16.90999984741211
2021-04-13,660.0,16.649999618530273
2021-04-14,675.2000122070312,16.989999771118164
2021-04-15,652.7999877929688,16.56999969482422
2021-04-16,642.4000244140625,16.25
2021-04-19,664.7999877929688,17.290000915527344
2021-04-20,680.0,18.68000030517578
2021-04-21,644.7999877929688,17.5
2021-04-22,689.5999755859375,18.709999084472656
2021-04-23,658.4000244140625,17.329999923706055
2021-04-26,653.5999755859375,17.639999389648438
2021-04-27,639.2000122070312,17.559999465942383
2021-04-28,636.7999877929688,17.280000686645508
2021-04-29,632.7999877929688,17.610000610351562
2021-04-30,658.4000244140625,18.610000610351562
2021-05-03,633.5999755859375,18.309999465942383
2021-05-04,657.5999755859375,19.479999542236328
2021-05-05,642.4000244140625,19.149999618530273
2021-05-06,638.4000244140625,18.389999389648438
2021-05-07,600.0,16.690000534057617
2021-05-10,626.4000244140625,19.65999984741211
2021-05-11,675.2000122070312,21.84000015258789
2021-05-12,791.2000122070312,27.59000015258789
2021-05-13,716.7999877929688,23.1299991607666
2021-05-14,632.7999877929688,18.809999465942383
2021-05-17,645.5999755859375,19.719999313354492
2021-05-18,663.2000122070312,21.34000015258789
2021-05-19,692.0,22.18000030517578
2021-05-20,655.2000122070312,20.670000076293945
2021-05-21,646.4000244140625,20.149999618530273
2021-05-24,616.7999877929688,18.399999618530273
2021-05-25,616.7999877929688,18.84000015258789
2021-05-26,587.7999877929688,17.360000610351562
2021-05-27,559.2000122070312,16.739999771118164
2021-05-28,567.2000122070312,16.760000228881836
2021-05-31,567.2000122070312,16.760000228881836
2021-06-01,581.4000244140625,17.899999618530273
2021-06-02,567.2000122070312,17.479999542236328
2021-06-03,577.5999755859375,18.040000915527344
2021-06-04,547.0,16.420000076293945
2021-06-07,537.2000122070312,16.420000076293945
2021-06-08,543.7999877929688,17.06999969482422
2021-06-09,552.0,17.889999389648438
2021-06-10,518.5999755859375,16.100000381469727
2021-06-11,504.6000061035156,15.649999618530273
2021-06-14,508.3999938964844,16.389999389648438
2021-06-15,520.0,17.020000457763672
2021-06-16,525.0,18.149999618530273
2021-06-17,521.7999877929688,17.75
2021-06-18,567.2000122070312,20.700000762939453
2021-06-21,530.0,17.889999389648438
2021-06-22,505.3999938964844,16.65999984741211
2021-06-23,495.3999938964844,16.31999969482422
2021-06-24,484.6000061035156,15.970000267028809
2021-06-25,477.3999938964844,15.619999885559082
2021-06-28,478.20001220703125,15.760000228881836
2021-06-29,486.6000061035156,16.020000457763672
2021-06-30,481.6000061035156,15.829999923706055
2021-07-01,475.0,15.479999542236328
2021-07-02,472.6000061035156,15.069999694824219
2021-07-05,472.6000061035156,15.069999694824219
2021-07-06,484.0,16.440000534057617
2021-07-07,485.20001220703125,16.200000762939453
2021-07-08,517.5999755859375,19.0
2021-07-09,481.3999938964844,16.18000030517578
2021-07-12,478.79998779296875,16.170000076293945
2021-07-13,485.0,17.1200008392334
2021-07-14,473.6000061035156,16.329999923706055
2021-07-15,480.6000061035156,17.010000228881836
2021-07-16,499.0,18.450000762939453
2021-07-19,571.2000122070312,22.5
2021-07-20,525.5999755859375,19.729999542236328
2021-07-21,489.79998779296875,17.90999984741211
2021-07-22,498.6000061035156,17.690000534057617
2021-07-23,495.3999938964844,17.200000762939453
2021-07-26,488.79998779296875,17.579999923706055
2021-07-27,505.0,19.360000610351562
2021-07-28,492.20001220703125,18.309999465942383
2021-07-29,482.20001220703125,17.700000762939453
2021-07-30,495.3999938964844,18.239999771118164
2021-08-02,513.5999755859375,19.459999084472656
2021-08-03,488.0,18.040000915527344
2021-08-04,487.6000061035156,17.969999313354492
2021-08-05,474.79998779296875,17.280000686645508
2021-08-06,462.79998779296875,16.149999618530273
2021-08-09,457.3999938964844,16.719999313354492
2021-08-10,451.0,16.790000915527344
2021-08-11,438.6000061035156,16.170000076293945
2021-08-12,429.0,15.59000015258789
2021-08-13,429.0,15.449999809265137
2021-08-16,431.0,16.1200008392334
2021-08-17,445.0,17.90999984741211
2021-08-18,475.3999938964844,21.56999969482422
2021-08-19,490.79998779296875,21.670000076293945
2021-08-20,454.0,18.559999465942383
2021-08-23,438.20001220703125,17.149999618530273
2021-08-24,437.20001220703125,17.219999313354492
2021-08-25,427.20001220703125,16.790000915527344
2021-08-26,445.79998779296875,18.84000015258789
2021-08-27,422.79998779296875,16.389999389648438
2021-08-30,418.3999938964844,16.190000534057617
2021-08-31,417.0,16.479999542236328
2021-09-01,406.20001220703125,16.110000610351562
2021-09-02,405.3999938964844,16.40999984741211
2021-09-03,409.20001220703125,16.40999984741211
2021-09-06,409.20001220703125,16.40999984741211
2021-09-07,418.20001220703125,18.139999389648438
2021-09-08,417.6000061035156,17.959999084472656
2021-09-09,426.79998779296875,18.799999237060547
2021-09-10,441.0,20.950000762939453
2021-09-13,426.79998779296875,19.3700008392334
2021-09-14,433.6000061035156,19.459999084472656
2021-09-15,416.0,18.18000030517578
2021-09-16,411.79998779296875,18.690000534057617
2021-09-17,438.79998779296875,20.809999465942383
2021-09-20,486.6000061035156,25.709999084472656
2021-09-21,468.3999938964844,24.360000610351562
2021-09-22,442.0,20.8700008392334
2021-09-23,414.6000061035156,18.6299991607666
2021-09-24,402.0,17.75
2021-09-27,405.6000061035156,18.760000228881836
2021-09-28,448.79998779296875,23.25
2021-09-29,454.79998779296875,22.559999465942383
2021-09-30,456.0,23.139999389648438
2021-10-01,438.6000061035156,21.100000381469727
2021-10-04,451.20001220703125,22.959999084472656
2021-10-05,434.6000061035156,21.299999237060547
2021-10-06,429.6000061035156,21.0
2021-10-07,413.3999938964844,19.540000915527344
2021-10-08,405.6000061035156,18.770000457763672
2021-10-11,410.20001220703125,20.0
2021-10-12,402.3999938964844,19.850000381469727
2021-10-13,394.79998779296875,18.639999389648438
2021-10-14,373.3999938964844,16.860000610351562
2021-10-15,373.20001220703125,16.299999237060547
2021-10-18,365.6000061035156,16.309999465942383
2021-10-19,362.20001220703125,15.699999809265137
2021-10-20,359.20001220703125,15.489999771118164
2021-10-21,347.3999938964844,15.010000228881836
2021-10-22,354.3999938964844,15.430000305175781
2021-10-25,344.0,15.239999771118164
2021-10-26,350.6000061035156,15.979999542236328
2021-10-27,358.79998779296875,16.979999542236328
2021-10-28,347.6000061035156,16.530000686645508
2021-10-29,349.79998779296875,16.260000228881836
2021-11-01,345.0,16.40999984741211
2021-11-02,336.0,16.030000686645508
2021-11-03,323.79998779296875,15.100000381469727
2021-11-04,328.6000061035156,15.4399995803833
2021-11-05,339.79998779296875,16.479999542236328
2021-11-08,340.6000061035156,17.219999313354492
2021-11-09,346.20001220703125,17.780000686645508
2021-11-10,352.20001220703125,18.729999542236328
2021-11-11,345.3999938964844,17.65999984741211
2021-11-12,333.6000061035156,16.290000915527344
2021-11-15,329.0,16.489999771118164
2021-11-16,329.79998779296875,16.3700008392334
2021-11-17,335.79998779296875,17.110000610351562
2021-11-18,338.20001220703125,17.59000015258789
2021-11-19,342.79998779296875,17.90999984741211
2021-11-22,348.3999938964844,19.170000076293945
2021-11-23,340.79998779296875,19.3799991607666
2021-11-24,335.79998779296875,18.579999923706055
2021-11-25,335.79998779296875,18.579999923706055
2021-11-26,419.79998779296875,28.6200008392334
2021-11-29,363.0,22.959999084472656
2021-11-30,414.0,27.190000534057617
2021-12-01,445.79998779296875,31.1200008392334
2021-12-02,421.0,27.950000762939453
2021-12-03,457.79998779296875,30.670000076293945
2021-12-06,420.79998779296875,27.18000030517578
2021-12-07,375.3999938964844,21.889999389648438
2021-12-08,353.3999938964844,19.899999618530273
2021-12-09,363.20001220703125,21.579999923706055
2021-12-10,339.6000061035156,18.690000534057617
2021-12-13,353.20001220703125,20.309999465942383
2021-12-14,359.3999938964844,21.889999389648438
2021-12-15,333.6000061035156,19.290000915527344
2021-12-16,348.0,20.56999969482422
2021-12-17,359.20001220703125,21.56999969482422
2021-12-20,371.6000061035156,22.8700008392334
2021-12-21,353.79998779296875,21.010000228881836
2021-12-22,333.79998779296875,18.6299991607666
2021-12-23,329.6000061035156,17.959999084472656
2021-12-24,329.6000061035156,17.959999084472656
2021-12-27,322.0,17.68000030517578
2021-12-28,313.79998779296875,17.540000915527344
2021-12-29,306.0,16.950000762939453
2021-12-30,305.79998779296875,17.329999923706055
2021-12-31,303.3999938964844,17.219999313354492
2022-01-03,292.3999938964844,16.600000381469727
2022-01-04,292.20001220703125,16.90999984741211
2022-01-05,314.6000061035156,19.729999542236328
2022-01-06,316.79998779296875,19.610000610351562
2022-01-07,307.6000061035156,18.760000228881836
2022-01-10,301.79998779296875,19.399999618530273
2022-01-11,291.3999938964844,18.40999984741211
2022-01-12,288.3999938964844,17.6200008392334
2022-01-13,306.6000061035156,20.309999465942383
2022-01-14,301.6000061035156,19.190000534057617
2022-01-17,301.6000061035156,19.190000534057617
2022-01-18,324.79998779296875,22.790000915527344
2022-01-19,332.79998779296875,23.850000381469727
2022-01-20,347.0,25.59000015258789
2022-01-21,379.20001220703125,28.850000381469727
2022-01-24,387.3999938964844,29.899999618530273
2022-01-25,390.6000061035156,31.15999984741211
2022-01-26,396.79998779296875,31.959999084472656
2022-01-27,400.20001220703125,30.489999771118164
2022-01-28,374.6000061035156,27.65999984741211
2022-01-31,349.6000061035156,24.829999923706055
2022-02-01,323.79998779296875,21.959999084472656
2022-02-02,317.3999938964844,22.09000015258789
2022-02-03,355.6000061035156,24.350000381469727
2022-02-04,343.20001220703125,23.219999313354492
2022-02-07,334.0,22.860000610351562
2022-02-08,318.6000061035156,21.440000534057617
2022-02-09,306.3999938964844,19.959999084472656
2022-02-10,334.79998779296875,23.90999984741211
2022-02-11,379.20001220703125,27.360000610351562
2022-02-14,379.20001220703125,28.329999923706055
2022-02-15,349.0,25.700000762939453
2022-02-16,335.3999938964844,24.290000915527344
2022-02-17,374.0,28.110000610351562
2022-02-18,383.79998779296875,27.75
2022-02-21,383.79998779296875,27.75
2022-02-22,381.79998779296875,28.809999465942383
2022-02-23,403.0,31.020000457763672
2022-02-24,390.3999938964844,30.31999969482422
2022-02-25,374.3999938964844,27.59000015258789
2022-02-28,393.0,30.149999618530273
2022-03-01,435.20001220703125,33.31999969482422
2022-03-02,408.0,30.739999771118164
2022-03-03,410.0,30.479999542236328
2022-03-04,427.0,31.979999542236328
2022-03-07,464.79998779296875,36.45000076293945
2022-03-08,460.20001220703125,35.130001068115234
2022-03-09,441.3999938964844,32.45000076293945
2022-03-10,422.20001220703125,30.229999542236328
2022-03-11,430.20001220703125,30.75
2022-03-14,444.0,31.770000457763672
2022-03-15,429.3999938964844,29.829999923706055
2022-03-16,385.20001220703125,26.670000076293945
2022-03-17,379.20001220703125,25.670000076293945
2022-03-18,361.3999938964844,23.8700008392334
2022-03-21,357.6000061035156,23.530000686645508
2022-03-22,351.0,22.940000534057617
2022-03-23,350.3999938964844,23.56999969482422
2022-03-24,342.3999938964844,21.670000076293945
2022-03-25,332.6000061035156,20.809999465942383
2022-03-28,327.6000061035156,19.6299991607666
2022-03-29,312.3999938964844,18.899999618530273
2022-03-30,315.79998779296875,19.329999923706055
2022-03-31,331.3999938964844,20.559999465942383
2022-04-01,320.0,19.6299991607666
2022-04-04,302.79998779296875,18.56999969482422
2022-04-05,328.3999938964844,21.030000686645508
2022-04-06,336.0,22.100000381469727
2022-04-07,326.20001220703125,21.549999237060547
2022-04-08,326.20001220703125,21.15999984741211
2022-04-11,344.79998779296875,24.3700008392334
2022-04-12,348.0,24.260000228881836
2022-04-13,324.6000061035156,21.81999969482422
2022-04-14,332.3999938964844,22.700000762939453
2022-04-15,332.3999938964844,22.700000762939453
2022-04-18,327.79998779296875,22.170000076293945
2022-04-19,311.6000061035156,21.3700008392334
2022-04-20,304.3999938964844,20.31999969482422
2022-04-21,326.3999938964844,22.68000030517578
2022-04-22,367.20001220703125,28.209999084472656
2022-04-25,358.6000061035156,27.020000457763672
2022-04-26,396.20001220703125,33.52000045776367
2022-04-27,404.3999938964844,31.600000381469727
2022-04-28,383.3999938964844,29.989999771118164
2022-04-29,412.6000061035156,33.400001525878906
2022-05-02,407.0,32.34000015258789
2022-05-03,382.3999938964844,29.25
2022-05-04,347.3999938964844,25.420000076293945
2022-05-05,409.0,31.200000762939453
2022-05-06,403.6000061035156,30.190000534057617
2022-05-09,435.79998779296875,34.75
2022-05-10,421.3999938964844,32.9900016784668
2022-05-11,417.6000061035156,32.560001373291016
2022-05-12,410.20001220703125,31.770000457763672
2022-05-13,383.6000061035156,28.8700008392334
2022-05-16,367.79998779296875,27.469999313354492
2022-05-17,358.79998779296875,26.100000381469727
2022-05-18,411.3999938964844,30.959999084472656
2022-05-19,384.79998779296875,29.350000381469727
2022-05-20,386.6000061035156,29.43000030517578
2022-05-23,380.6000061035156,28.479999542236328
2022-05-24,382.3999938964844,29.450000762939453
2022-05-25,373.79998779296875,28.3700008392334
2022-05-26,369.79998779296875,27.5
2022-05-27,355.79998779296875,25.719999313354492
2022-05-30,355.79998779296875,25.719999313354492
2022-05-31,349.79998779296875,26.190000534057617
2022-06-01,347.3999938964844,25.690000534057617
2022-06-02,340.20001220703125,24.719999313354492
2022-06-03,343.3999938964844,24.790000915527344
2022-06-06,339.3999938964844,25.06999969482422
2022-06-07,330.0,24.020000457763672
2022-06-08,330.0,23.959999084472656
2022-06-09,346.0,26.09000015258789
2022-06-10,366.79998779296875,27.75
2022-06-13,416.20001220703125,34.02000045776367
2022-06-14,403.6000061035156,32.689998626708984
2022-06-15,379.6000061035156,29.6200008392334
2022-06-16,403.79998779296875,32.95000076293945
2022-06-17,392.0,31.1299991607666
2022-06-20,392.0,31.1299991607666
2022-06-21,384.20001220703125,30.190000534057617
2022-06-22,369.20001220703125,28.950000762939453
2022-06-23,369.20001220703125,29.049999237060547
2022-06-24,361.6000061035156,27.229999542236328
2022-06-27,350.3999938964844,26.950000762939453
2022-06-28,360.6000061035156,28.360000610351562
2022-06-29,361.6000061035156,28.15999984741211
2022-06-30,365.0,28.709999084472656
2022-07-01,355.6000061035156,26.700000762939453
2022-07-04,355.6000061035156,26.700000762939453
2022-07-05,355.3999938964844,27.540000915527344
2022-07-06,349.6000061035156,26.729999542236328
2022-07-07,345.79998779296875,26.079999923706055
2022-07-08,338.6000061035156,24.639999389648438
2022-07-11,348.20001220703125,26.170000076293945
2022-07-12,351.6000061035156,27.290000915527344
2022-07-13,346.20001220703125,26.81999969482422
2022-07-14,346.79998779296875,26.399999618530273
2022-07-15,329.20001220703125,24.229999542236328
2022-07-18,338.79998779296875,25.299999237060547
2022-07-19,334.0,24.5
2022-07-20,326.6000061035156,23.8799991607666
2022-07-21,318.20001220703125,23.110000610351562
2022-07-22,316.6000061035156,23.030000686645508
2022-07-25,312.6000061035156,23.360000610351562
2022-07-26,319.79998779296875,24.690000534057617
2022-07-27,310.0,23.239999771118164
2022-07-28,294.0,22.329999923706055
2022-07-29,291.20001220703125,21.329999923706055
2022-08-01,301.3999938964844,22.84000015258789
2022-08-02,304.3999938964844,23.93000030517578
2022-08-03,289.20001220703125,21.950000762939453
2022-08-04,290.20001220703125,21.440000534057617
2022-08-05,282.79998779296875,21.149999618530273
2022-08-08,284.3999938964844,21.290000915527344
2022-08-09,286.3999938964844,21.770000457763672
2022-08-10,270.0,19.739999771118164
2022-08-11,272.20001220703125,20.200000762939453
2022-08-12,268.79998779296875,19.530000686645508
2022-08-15,264.6000061035156,19.950000762939453
2022-08-16,266.6000061035156,19.690000534057617
2022-08-17,265.3999938964844,19.899999618530273
2022-08-18,261.20001220703125,19.559999465942383
2022-08-19,274.20001220703125,20.600000381469727
2022-08-22,292.0,23.799999237060547
2022-08-23,287.0,24.110000610351562
2022-08-24,277.6000061035156,22.81999969482422
2022-08-25,268.20001220703125,21.780000686645508
2022-08-26,295.3999938964844,25.559999465942383
2022-08-29,292.6000061035156,26.209999084472656
2022-08-30,297.6000061035156,26.209999084472656
2022-08-31,291.79998779296875,25.8700008392334
2022-09-01,289.6000061035156,25.559999465942383
2022-09-02,292.20001220703125,25.469999313354492
2022-09-05,292.20001220703125,25.469999313354492
2022-09-06,298.3999938964844,26.90999984741211
2022-09-07,282.3999938964844,24.639999389648438
2022-09-08,278.0,23.610000610351562
2022-09-09,275.20001220703125,22.790000915527344
2022-09-12,273.79998779296875,23.8700008392334
2022-09-13,297.6000061035156,27.270000457763672
2022-09-14,297.0,26.15999984741211
2022-09-15,296.3999938964844,26.270000457763672
2022-09-16,296.3999938964844,26.299999237060547
2022-09-19,287.0,25.760000228881836
2022-09-20,296.6000061035156,27.15999984741211
2022-09-21,306.20001220703125,27.989999771118164
2022-09-22,304.3999938964844,27.350000381469727
2022-09-23,323.0,29.920000076293945
2022-09-26,334.20001220703125,32.2599983215332
2022-09-27,339.20001220703125,32.599998474121094
2022-09-28,325.20001220703125,30.18000030517578
2022-09-29,334.3999938964844,31.84000015258789
2022-09-30,342.0,31.6200008392334
2022-10-03,326.20001220703125,30.100000381469727
2022-10-04,314.3999938964844,29.06999969482422
2022-10-05,316.79998779296875,28.549999237060547
2022-10-06,326.0,30.520000457763672
2022-10-07,339.3999938964844,31.360000610351562
2022-10-10,347.6000061035156,32.45000076293945
2022-10-11,353.0,33.630001068115234
2022-10-12,349.79998779296875,33.56999969482422
2022-10-13,339.79998779296875,31.940000534057617
2022-10-14,346.79998779296875,32.02000045776367
2022-10-17,338.0,31.3700008392334
2022-10-18,331.3999938964844,30.5
2022-10-19,333.79998779296875,30.760000228881836
2022-10-20,329.6000061035156,29.979999542236328
2022-10-21,328.3999938964844,29.690000534057617
2022-10-24,323.20001220703125,29.850000381469727
2022-10-25,310.3999938964844,28.459999084472656
2022-10-26,303.20001220703125,27.280000686645508
2022-10-27,297.20001220703125,27.389999389648438
2022-10-28,290.20001220703125,25.75
2022-10-31,285.79998779296875,25.8799991607666
2022-11-01,283.0,25.809999465942383
2022-11-02,290.6000061035156,25.860000610351562
2022-11-03,284.20001220703125,25.299999237060547
2022-11-04,280.79998779296875,24.549999237060547
2022-11-07,278.20001220703125,24.350000381469727
2022-11-08,285.6000061035156,25.540000915527344
2022-11-09,294.20001220703125,26.09000015258789
2022-11-10,278.20001220703125,23.530000686645508
2022-11-11,275.0,22.520000457763672
2022-11-14,274.79998779296875,23.729999542236328
2022-11-15,278.0,24.540000915527344
2022-11-16,270.79998779296875,24.110000610351562
2022-11-17,268.3999938964844,23.93000030517578
2022-11-18,265.6000061035156,23.1200008392334
2022-11-21,258.6000061035156,22.360000610351562
2022-11-22,249.60000610351562,21.290000915527344
2022-11-23,244.1999969482422,20.350000381469727
2022-11-24,244.1999969482422,20.350000381469727
2022-11-25,245.1999969482422,20.5
2022-11-28,254.1999969482422,22.209999084472656
2022-11-29,250.8000030517578,21.889999389648438
2022-11-30,241.1999969482422,20.579999923706055
2022-12-01,237.1999969482422,19.84000015258789
2022-12-02,232.39999389648438,19.059999465942383
2022-12-05,237.0,20.75
2022-12-06,243.60000610351562,22.170000076293945
2022-12-07,247.0,22.68000030517578
2022-12-08,242.1999969482422,22.290000915527344
2022-12-09,247.8000030517578,22.829999923706055
2022-12-12,246.1999969482422,25.0
2022-12-13,236.0,22.549999237060547
2022-12-14,227.1999969482422,21.139999389648438
2022-12-15,241.8000030517578,22.829999923706055
2022-12-16,243.1999969482422,22.6200008392334
2022-12-19,236.8000030517578,22.420000076293945
2022-12-20,234.8000030517578,21.479999542236328
2022-12-21,226.39999389648438,20.06999969482422
2022-12-22,238.1999969482422,21.969999313354492
2022-12-23,231.60000610351562,20.8700008392334
2022-12-26,231.60000610351562,20.8700008392334
2022-12-27,231.8000030517578,21.649999618530273
2022-12-28,231.60000610351562,22.139999389648438
2022-12-29,228.60000610351562,21.440000534057617
2022-12-30,227.60000610351562,21.670000076293945
2023-01-02,227.60000610351562,21.670000076293945
2023-01-03,226.60000610351562,22.899999618530273
2023-01-04,219.8000030517578,22.010000228881836
2023-01-05,221.60000610351562,22.459999084472656
2023-01-06,216.39999389648438,21.1299991607666
2023-01-09,217.60000610351562,21.969999313354492
2023-01-10,208.39999389648438,20.579999923706055
2023-01-11,209.60000610351562,21.09000015258789
2023-01-12,199.1999969482422,18.829999923706055
2023-01-13,194.39999389648438,18.350000381469727
2023-01-16,194.39999389648438,18.350000381469727
2023-01-17,196.0,19.360000610351562
2023-01-18,202.60000610351562,20.34000015258789
2023-01-19,203.60000610351562,20.520000457763672
2023-01-20,196.60000610351562,19.850000381469727
2023-01-23,194.60000610351562,19.809999465942383
2023-01-24,187.8000030517578,19.200000762939453
2023-01-25,187.60000610351562,19.079999923706055
2023-01-26,185.1999969482422,18.729999542236328
2023-01-27,182.0,18.510000228881836
2023-01-30,187.1999969482422,19.940000534057617
2023-01-31,183.0,19.399999618530273
2023-02-01,176.60000610351562,17.8700008392334
2023-02-02,181.0,18.729999542236328
2023-02-03,182.1999969482422,18.329999923706055
2023-02-06,187.0,19.43000030517578
2023-02-07,181.1999969482422,18.65999984741211
2023-02-08,188.60000610351562,19.6299991607666
2023-02-09,193.8000030517578,20.709999084472656
2023-02-10,196.39999389648438,20.530000686645508
2023-02-13,189.39999389648438,20.34000015258789
2023-02-14,182.1999969482422,18.90999984741211
2023-02-15,178.60000610351562,18.229999542236328
2023-02-16,188.0,20.170000076293945
2023-02-17,189.0,20.020000457763672
2023-02-20,189.0,20.020000457763672
2023-02-21,203.39999389648438,22.8700008392334
2023-02-22,197.0,22.290000915527344
2023-02-23,190.39999389648438,21.139999389648438
2023-02-24,197.60000610351562,21.670000076293945
2023-02-27,190.60000610351562,20.950000762939453
2023-02-28,186.39999389648438,20.700000762939453
2023-03-01,187.60000610351562,20.579999923706055
2023-03-02,181.0,19.59000015258789
2023-03-03,175.1999969482422,18.489999771118164
2023-03-06,173.39999389648438,18.610000610351562
2023-03-07,177.0,19.59000015258789
2023-03-08,173.39999389648438,19.110000610351562
2023-03-09,192.1999969482422,22.610000610351562
2023-03-10,212.39999389648438,24.799999237060547
2023-03-13,219.0,26.520000457763672
2023-03-14,206.8000030517578,23.729999542236328
2023-03-15,222.39999389648438,26.139999389648438
2023-03-16,203.1999969482422,22.989999771118164
2023-03-17,224.60000610351562,25.510000228881836
2023-03-20,215.1999969482422,24.149999618530273
2023-03-21,195.39999389648438,21.3799991607666
2023-03-22,202.8000030517578,22.260000228881836
2023-03-23,209.0,22.610000610351562
2023-03-24,200.1999969482422,21.739999771118164
2023-03-27,192.39999389648438,20.600000381469727
2023-03-28,188.0,19.969999313354492
2023-03-29,181.8000030517578,19.1200008392334
2023-03-30,181.60000610351562,19.020000457763672
2023-03-31,181.0,18.700000762939453
2023-04-03,176.1999969482422,18.549999237060547
2023-04-04,179.39999389648438,19.0
2023-04-05,178.1999969482422,19.079999923706055
2023-04-06,175.0,18.399999618530273
2023-04-07,175.0,18.399999618530273
2023-04-10,173.1999969482422,18.969999313354492
2023-04-11,171.8000030517578,19.100000381469727
2023-04-12,172.0,19.09000015258789
2023-04-13,166.1999969482422,17.799999237060547
2023-04-14,163.60000610351562,17.06999969482422
2023-04-17,159.0,16.950000762939453
2023-04-18,157.60000610351562,16.829999923706055
2023-04-19,157.39999389648438,16.459999084472656
2023-04-20,160.8000030517578,17.170000076293945
2023-04-21,157.8000030517578,16.770000457763672
2023-04-24,157.39999389648438,16.889999389648438
2023-04-25,170.0,18.760000228881836
2023-04-26,165.60000610351562,18.84000015258789
2023-04-27,158.39999389648438,17.030000686645508
2023-04-28,151.60000610351562,15.779999732971191
2023-05-01,149.8000030517578,16.079999923706055
2023-05-02,156.60000610351562,17.780000686645508
2023-05-03,161.0,18.34000015258789
2023-05-04,169.0,20.09000015258789
2023-05-05,156.0,17.190000534057617
2023-05-08,153.39999389648438,16.979999542236328
2023-05-09,156.60000610351562,17.709999084472656
2023-05-10,152.0,16.940000534057617
2023-05-11,150.60000610351562,16.93000030517578
2023-05-12,150.39999389648438,17.030000686645508
2023-05-15,147.0,17.1200008392334
2023-05-16,150.8000030517578,17.989999771118164
2023-05-17,145.8000030517578,16.8700008392334
2023-05-18,140.0,16.049999237060547
2023-05-19,143.8000030517578,16.809999465942383
2023-05-22,144.1999969482422,17.209999084472656
2023-05-23,146.39999389648438,18.530000686645508
2023-05-24,152.60000610351562,20.030000686645508
2023-05-25,148.8000030517578,19.139999389648438
2023-05-26,143.0,17.950000762939453
2023-05-29,143.0,17.950000762939453
2023-05-30,139.1999969482422,17.459999084472656
2023-05-31,138.0,17.940000534057617
2023-06-01,130.39999389648438,15.649999618530273
2023-06-02,125.19999694824219,14.600000381469727
2023-06-05,122.5999984741211,14.729999542236328
2023-06-06,115.19999694824219,13.960000038146973
2023-06-07,116.0,13.9399995803833
2023-06-08,112.80000305175781,13.649999618530273
2023-06-09,114.0,13.829999923706055
2023-06-12,114.4000015258789,15.010000228881836
2023-06-13,113.80000305175781,14.609999656677246
2023-06-14,110.5999984741211,13.880000114440918
2023-06-15,113.80000305175781,14.5
2023-06-16,109.19999694824219,13.539999961853027
2023-06-19,109.19999694824219,13.539999961853027
2023-06-20,109.5999984741211,13.880000114440918
2023-06-21,107.19999694824219,13.199999809265137
2023-06-22,105.0,12.90999984741211
2023-06-23,106.23999786376953,13.4399995803833
2023-06-26,105.83999633789062,14.25
2023-06-27,103.23999786376953,13.739999771118164
2023-06-28,99.4000015258789,13.430000305175781
2023-06-29,101.68000030517578,13.539999961853027
2023-06-30,99.83999633789062,13.59000015258789
2023-07-03,99.04000091552734,13.569999694824219
2023-07-04,99.04000091552734,13.569999694824219
2023-07-05,100.95999908447266,14.180000305175781
2023-07-06,106.27999877929688,15.4399995803833
2023-07-07,103.87999725341797,14.829999923706055
2023-07-10,103.04000091552734,15.069999694824219
2023-07-11,102.19999694824219,14.84000015258789
2023-07-12,96.4800033569336,13.539999961853027
2023-07-13,97.12000274658203,13.609999656677246
2023-07-14,95.95999908447266,13.34000015258789
2023-07-17,95.76000213623047,13.479999542236328
2023-07-18,94.23999786376953,13.300000190734863
2023-07-19,96.31999969482422,13.760000228881836
2023-07-20,96.16000366210938,13.989999771118164
2023-07-21,94.91999816894531,13.600000381469727
2023-07-24,93.36000061035156,13.90999984741211
2023-07-25,93.23999786376953,13.859999656677246
2023-07-26,90.83999633789062,13.1899995803833
2023-07-27,95.5199966430664,14.40999984741211
2023-07-28,91.5999984741211,13.329999923706055
2023-07-31,90.68000030517578,13.630000114440918
2023-08-01,91.87999725341797,13.930000305175781
2023-08-02,100.5199966430664,16.09000015258789
2023-08-03,99.95999908447266,15.920000076293945
2023-08-04,103.44000244140625,17.100000381469727
2023-08-07,98.0,15.770000457763672
2023-08-08,100.16000366210938,15.989999771118164
2023-08-09,99.12000274658203,15.960000038146973
2023-08-10,99.4800033569336,15.850000381469727
2023-08-11,95.55999755859375,14.84000015258789
2023-08-14,93.91999816894531,14.819999694824219
2023-08-15,99.31999969482422,16.459999084472656
2023-08-16,100.91999816894531,16.780000686645508
2023-08-17,105.80000305175781,17.889999389648438
2023-08-18,103.12000274658203,17.299999237060547
2023-08-21,100.44000244140625,17.1299991607666
2023-08-22,100.83999633789062,16.969999313354492
2023-08-23,97.4800033569336,15.979999542236328
2023-08-24,101.19999694824219,17.200000762939453
2023-08-25,96.80000305175781,15.680000305175781
2023-08-28,93.12000274658203,15.079999923706055
2023-08-29,90.68000030517578,14.449999809265137
2023-08-30,87.5999984741211,13.880000114440918
2023-08-31,86.08000183105469,13.569999694824219
2023-09-01,84.87999725341797,13.09000015258789
2023-09-04,84.87999725341797,13.09000015258789
2023-09-05,85.76000213623047,14.010000228881836
2023-09-06,87.12000274658203,14.449999809265137
2023-09-07,86.95999908447266,14.399999618530273
2023-09-08,85.23999786376953,13.84000015258789
2023-09-11,83.04000091552734,13.800000190734863
2023-09-12,83.68000030517578,14.229999542236328
2023-09-13,82.19999694824219,13.479999542236328
2023-09-14,79.68000030517578,12.819999694824219
2023-09-15,82.72000122070312,13.789999961853027
2023-09-18,82.16000366210938,14.0
2023-09-19,81.5999984741211,14.109999656677246
2023-09-20,84.63999938964844,15.140000343322754
2023-09-21,91.4000015258789,17.540000915527344
2023-09-22,91.5999984741211,17.200000762939453
2023-09-25,91.4000015258789,16.899999618530273
2023-09-26,100.68000030517578,18.940000534057617
2023-09-27,95.83999633789062,18.219999313354492
2023-09-28,91.5999984741211,17.34000015258789
2023-09-29,93.19999694824219,17.520000457763672
2023-10-02,93.5199966430664,17.610000610351562
2023-10-03,102.23999786376953,19.780000686645508
2023-10-04,97.04000091552734,18.579999923706055
2023-10-05,95.87999725341797,18.489999771118164
2023-10-06,94.4800033569336,17.450000762939453
2023-10-09,93.23999786376953,17.700000762939453
2023-10-10,90.12000274658203,17.030000686645508
2023-10-11,88.5199966430664,16.09000015258789
2023-10-12,90.4800033569336,16.690000534057617
2023-10-13,101.4800033569336,19.31999969482422
2023-10-16,91.63999938964844,17.209999084472656
2023-10-17,94.16000366210938,17.8799991607666
2023-10-18,99.91999816894531,19.219999313354492
2023-10-19,104.91999816894531,21.399999618530273
2023-10-20,105.76000213623047,21.709999084472656
2023-10-23,102.04000091552734,20.3700008392334
2023-10-24,97.63999938964844,18.969999313354492
2023-10-25,103.80000305175781,20.190000534057617
2023-10-26,104.76000213623047,20.68000030517578
2023-10-27,108.16000366210938,21.270000457763672
2023-10-30,100.27999877929688,19.75
2023-10-31,93.68000030517578,18.139999389648438
2023-11-01,89.5999984741211,16.8700008392334
2023-11-02,86.63999938964844,15.65999984741211
2023-11-03,84.5999984741211,14.90999984741211
2023-11-06,81.80000305175781,14.890000343322754
2023-11-07,81.36000061035156,14.8100004196167
2023-11-08,79.91999816894531,14.449999809265137
2023-11-09,83.08000183105469,15.289999961853027
2023-11-10,79.5199966430664,14.170000076293945
2023-11-13,78.91999816894531,14.760000228881836
2023-11-14,78.12000274658203,14.15999984741211
2023-11-15,76.4000015258789,14.180000305175781
2023-11-16,75.23999786376953,14.319999694824219
2023-11-17,74.12000274658203,13.800000190734863
2023-11-20,73.55999755859375,13.40999984741211
2023-11-21,72.0,13.350000381469727
2023-11-22,72.68000030517578,12.850000381469727
2023-11-23,72.68000030517578,12.850000381469727
2023-11-24,69.55999755859375,12.460000038146973
2023-11-27,69.95999908447266,12.6899995803833
2023-11-28,69.12000274658203,12.6899995803833
2023-11-29,70.16000366210938,12.979999542236328
2023-11-30,69.04000091552734,12.920000076293945
2023-12-01,68.5999984741211,12.630000114440918
2023-12-04,69.0,13.079999923706055
2023-12-05,68.36000061035156,12.850000381469727
2023-12-06,68.80000305175781,12.970000267028809
2023-12-07,68.80000305175781,13.0600004196167
2023-12-08,66.80000305175781,12.350000381469727
2023-12-11,65.36000061035156,12.630000114440918
2023-12-12,63.52000045776367,12.069999694824219
2023-12-13,62.68000030517578,12.1899995803833
2023-12-14,62.439998626708984,12.479999542236328
2023-12-15,64.4000015258789,12.279999732971191
2023-12-18,64.55999755859375,12.5600004196167
2023-12-19,65.55999755859375,12.529999732971191
2023-12-20,69.5999984741211,13.670000076293945
2023-12-21,67.87999725341797,13.649999618530273
2023-12-22,66.31999969482422,13.029999732971191
2023-12-25,66.31999969482422,13.029999732971191
2023-12-26,64.5199966430664,12.989999771118164
2023-12-27,61.91999816894531,12.430000305175781
2023-12-28,61.79999923706055,12.470000267028809
2023-12-29,62.040000915527344,12.449999809265137
2024-01-01,62.040000915527344,12.449999809265137
2024-01-02,62.040000915527344,13.199999809265137
2024-01-03,64.19999694824219,14.039999961853027
2024-01-04,64.12000274658203,14.130000114440918
2024-01-05,62.0,13.350000381469727
2024-01-08,60.47999954223633,13.079999923706055
2024-01-09,59.15999984741211,12.760000228881836
2024-01-10,58.560001373291016,12.6899995803833
2024-01-11,58.31999969482422,12.4399995803833
2024-01-12,59.2400016784668,12.699999809265137
2024-01-15,59.2400016784668,12.699999809265137
2024-01-16,61.20000076293945,13.84000015258789
2024-01-17,63.52000045776367,14.789999961853027
2024-01-18,61.20000076293945,14.130000114440918
2024-01-19,59.7599983215332,13.300000190734863
2024-01-22,57.68000030517578,13.1899995803833
2024-01-23,56.20000076293945,12.550000190734863
2024-01-24,57.68000030517578,13.140000343322754
2024-01-25,58.36000061035156,13.449999809265137
2024-01-26,57.720001220703125,13.260000228881836
2024-01-29,58.439998626708984,13.600000381469727
2024-01-30,57.36000061035156,13.3100004196167
2024-01-31,60.31999969482422,14.350000381469727
2024-02-01,59.7599983215332,13.880000114440918
2024-02-02,59.599998474121094,13.850000381469727
2024-02-05,57.47999954223633,13.670000076293945
2024-02-06,56.040000915527344,13.0600004196167
2024-02-07,55.7599983215332,12.829999923706055
2024-02-08,55.47999954223633,12.789999961853027
2024-02-09,56.0,12.930000305175781
2024-02-12,57.0,13.930000305175781
2024-02-13,61.20000076293945,15.850000381469727
2024-02-14,57.880001068115234,14.380000114440918
2024-02-15,57.400001525878906,14.010000228881836
2024-02-16,57.31999969482422,14.239999771118164
2024-02-19,57.31999969482422,14.239999771118164
2024-02-20,59.040000915527344,15.420000076293945
2024-02-21,58.79999923706055,15.34000015258789
2024-02-22,57.599998474121094,14.539999961853027
2024-02-23,55.36000061035156,13.75
2024-02-26,54.79999923706055,13.739999771118164
2024-02-27,53.880001068115234,13.430000305175781
2024-02-28,54.720001220703125,13.84000015258789
2024-02-29,53.959999084472656,13.399999618530273
2024-03-01,54.08000183105469,13.109999656677246
2024-03-04,54.040000915527344,13.489999771118164
2024-03-05,56.20000076293945,14.460000038146973
2024-03-06,56.47999954223633,14.5
2024-03-07,56.08000183105469,14.4399995803833
2024-03-08,57.599998474121094,14.739999771118164
2024-03-11,57.040000915527344,15.220000267028809
2024-03-12,54.20000076293945,13.84000015258789
2024-03-13,53.84000015258789,13.75
2024-03-14,55.31999969482422,14.399999618530273
2024-03-15,56.31999969482422,14.40999984741211
2024-03-18,55.119998931884766,14.329999923706055
2024-03-19,53.68000030517578,13.819999694824219
2024-03-20,52.279998779296875,13.039999961853027
2024-03-21,52.0,12.920000076293945
2024-03-22,52.279998779296875,13.0600004196167
2024-03-25,51.91999816894531,13.1899995803833
2024-03-26,51.720001220703125,13.239999771118164
2024-03-27,50.720001220703125,12.779999732971191
2024-03-28,51.84000015258789,13.010000228881836
2024-03-29,51.84000015258789,13.010000228881836
2024-04-01,52.119998931884766,13.649999618530273
2024-04-02,53.52000045776367,14.609999656677246
2024-04-03,53.279998779296875,14.329999923706055
2024-04-04,55.68000030517578,16.350000381469727
2024-04-05,56.7599983215332,16.030000686645508
2024-04-08,54.47999954223633,15.1899995803833
2024-04-09,54.2400016784668,14.979999542236328
2024-04-10,55.08000183105469,15.800000190734863
2024-04-11,54.040000915527344,14.90999984741211
2024-04-12,58.79999923706055,17.309999465942383
2024-04-15,62.119998931884766,19.229999542236328
2024-04-16,60.040000915527344,18.399999618530273
2024-04-17,59.47999954223633,18.209999084472656
2024-04-18,60.0,18.0
2024-04-19,61.439998626708984,18.709999084472656
2024-04-22,56.79999923706055,16.940000534057617
2024-04-23,54.47999954223633,15.6899995803833
2024-04-24,54.0,15.970000267028809
2024-04-25,55.20000076293945,15.369999885559082
2024-04-26,53.400001525878906,15.029999732971191
2024-04-29,52.68000030517578,14.670000076293945
2024-04-30,54.15999984741211,15.649999618530273
2024-05-01,54.279998779296875,15.390000343322754
2024-05-02,52.560001373291016,14.680000305175781
2024-05-03,50.7599983215332,13.489999771118164
2024-05-06,49.47999954223633,13.489999771118164
2024-05-07,49.279998779296875,13.229999542236328
2024-05-08,48.84000015258789,13.0
2024-05-09,48.560001373291016,12.6899995803833
2024-05-10,47.959999084472656,12.550000190734863
2024-05-13,48.599998474121094,13.600000381469727
2024-05-14,47.68000030517578,13.420000076293945
2024-05-15,45.720001220703125,12.449999809265137
2024-05-16,45.720001220703125,12.420000076293945
2024-05-17,45.31999969482422,11.989999771118164
2024-05-20,45.439998626708984,12.149999618530273
2024-05-21,44.400001525878906,11.859999656677246
2024-05-22,45.52000045776367,12.289999961853027
2024-05-23,46.119998931884766,12.770000457763672
2024-05-24,44.560001373291016,11.930000305175781
2024-05-27,44.560001373291016,11.930000305175781
2024-05-28,45.68000030517578,12.920000076293945
2024-05-29,47.36000061035156,14.279999732971191
2024-05-30,47.279998779296875,14.470000267028809
2024-05-31,45.7599983215332,12.920000076293945
2024-06-03,45.52000045776367,13.109999656677246
2024-06-04,45.7599983215332,13.15999984741211
2024-06-05,44.84000015258789,12.630000114440918
2024-06-06,44.52000045776367,12.579999923706055
2024-06-07,44.08000183105469,12.220000267028809
2024-06-10,44.20000076293945,12.739999771118164
2024-06-11,44.15999984741211,12.850000381469727
2024-06-12,43.20000076293945,12.039999961853027
2024-06-13,43.20000076293945,11.9399995803833
2024-06-14,44.63999938964844,12.65999984741211
2024-06-17,44.31999969482422,12.75
2024-06-18,44.0,12.300000190734863
2024-06-19,44.0,12.300000190734863
2024-06-20,45.560001373291016,13.279999732971191
2024-06-21,44.7599983215332,13.199999809265137
2024-06-24,44.52000045776367,13.329999923706055
2024-06-25,43.52000045776367,12.84000015258789
2024-06-26,43.08000183105469,12.550000190734863
2024-06-27,42.720001220703125,12.239999771118164
2024-06-28,43.400001525878906,12.4399995803833
2024-07-01,41.68000030517578,12.220000267028809
2024-07-02,41.15999984741211,12.029999732971191
2024-07-03,41.36000061035156,12.09000015258789
2024-07-04,41.36000061035156,12.09000015258789
2024-07-05,41.47999954223633,12.479999542236328
2024-07-08,40.79999923706055,12.369999885559082
2024-07-09,40.79999923706055,12.510000228881836
2024-07-10,40.720001220703125,12.850000381469727
2024-07-11,40.84000015258789,12.920000076293945
2024-07-12,40.15999984741211,12.460000038146973
2024-07-15,40.959999084472656,13.119999885559082
2024-07-16,41.119998931884766,13.1899995803833
2024-07-17,42.52000045776367,14.479999542236328
2024-07-18,43.79999923706055,15.930000305175781
2024-07-19,45.720001220703125,16.520000457763672
2024-07-22,43.2400016784668,14.90999984741211
2024-07-23,42.84000015258789,14.720000267028809
2024-07-24,48.79999923706055,18.040000915527344
2024-07-25,49.20000076293945,18.459999084472656
2024-07-26,46.400001525878906,16.389999389648438
2024-07-29,45.68000030517578,16.600000381469727
2024-07-30,47.08000183105469,17.690000534057617
2024-07-31,45.79999923706055,16.360000610351562
2024-08-01,49.91999816894531,18.59000015258789
2024-08-02,61.880001068115234,23.389999389648438
2024-08-05,88.5199966430664,38.56999969482422
2024-08-06,70.36000061035156,27.709999084472656
2024-08-07,68.23999786376953,27.850000381469727
2024-08-08,62.7599983215332,23.790000915527344
2024-08-09,54.400001525878906,20.3700008392334
2024-08-12,54.20000076293945,20.709999084472656
2024-08-13,49.959999084472656,18.1200008392334
2024-08-14,46.599998474121094,16.190000534057617
2024-08-15,44.880001068115234,15.229999542236328
2024-08-16,44.84000015258789,14.800000190734863
2024-08-19,43.84000015258789,14.649999618530273
2024-08-20,45.7599983215332,15.880000114440918
2024-08-21,46.2400016784668,16.270000457763672
2024-08-22,48.31999969482422,17.549999237060547
2024-08-23,45.400001525878906,15.859999656677246
2024-08-26,45.47999954223633,16.149999618530273
2024-08-27,44.439998626708984,15.430000305175781
2024-08-28,47.0,17.110000610351562
2024-08-29,45.31999969482422,15.649999618530273
2024-08-30,44.0,15.0
2024-09-02,44.0,15.0
2024-09-03,52.91999816894531,20.719999313354492
2024-09-04,54.040000915527344,21.31999969482422
2024-09-05,51.720001220703125,19.899999618530273
2024-09-06,55.400001525878906,22.3799991607666
2024-09-09,51.959999084472656,19.450000762939453
2024-09-10,50.959999084472656,19.079999923706055
2024-09-11,48.7599983215332,17.690000534057617
2024-09-12,48.439998626708984,17.06999969482422
2024-09-13,48.2400016784668,16.559999465942383
2024-09-16,48.560001373291016,17.139999389648438
2024-09-17,49.79999923706055,17.610000610351562
2024-09-18,49.20000076293945,18.229999542236328
2024-09-19,47.36000061035156,16.329999923706055
2024-09-20,47.040000915527344,16.149999618530273
2024-09-23,47.20000076293945,15.890000343322754
2024-09-24,47.2400016784668,15.390000343322754
2024-09-25,47.7599983215332,15.40999984741211
2024-09-26,47.79999923706055,15.369999885559082
2024-09-27,50.040000915527344,16.959999084472656
2024-09-30,49.0,16.729999542236328
2024-10-01,52.84000015258789,19.260000228881836
2024-10-02,52.0,18.899999618530273
2024-10-03,54.279998779296875,20.489999771118164
2024-10-04,52.36000061035156,19.209999084472656
2024-10-07,56.91999816894531,22.639999389648438
2024-10-08,54.63999938964844,21.420000076293945
2024-10-09,53.279998779296875,20.860000610351562
2024-10-10,54.0,20.93000030517578
2024-10-11,53.439998626708984,20.459999084472656
2024-10-14,51.560001373291016,19.700000762939453
2024-10-15,53.15999984741211,20.639999389648438
2024-10-16,52.68000030517578,19.579999923706055
2024-10-17,51.79999923706055,19.110000610351562
2024-10-18,50.599998474121094,18.030000686645508
2024-10-21,50.63999938964844,18.3700008392334
2024-10-22,50.52000045776367,18.200000762939453
2024-10-23,53.0,19.239999771118164
2024-10-24,52.119998931884766,19.079999923706055
2024-10-25,54.52000045776367,20.329999923706055
2024-10-28,52.040000915527344,19.799999237060547
2024-10-29,51.7599983215332,19.34000015258789
2024-10-30,52.959999084472656,20.350000381469727
2024-10-31,57.20000076293945,23.15999984741211
2024-11-01,56.20000076293945,21.8799991607666
2024-11-04,53.720001220703125,21.979999542236328
2024-11-05,50.880001068115234,20.489999771118164
2024-11-06,45.7599983215332,16.270000457763672
2024-11-07,44.36000061035156,15.199999809265137
2024-11-08,44.16999816894531,14.9399995803833
2024-11-11,44.06999969482422,14.970000267028809
2024-11-12,43.97999954223633,14.710000038146973
2024-11-13,42.91999816894531,14.020000457763672
2024-11-14,42.880001068115234,14.3100004196167
2024-11-15,45.869998931884766,16.139999389648438
2024-11-18,44.20000076293945,15.579999923706055
2024-11-19,45.79999923706055,16.350000381469727
2024-11-20,47.31999969482422,17.15999984741211
2024-11-21,46.970001220703125,16.8700008392334
2024-11-22,45.040000915527344,15.239999771118164
2024-11-25,43.459999084472656,14.600000381469727
2024-11-26,43.0099983215332,14.100000381469727
2024-11-27,42.81999969482422,14.100000381469727
2024-11-28,42.81999969482422,14.100000381469727
2024-11-29,41.9900016784668,13.510000228881836
2024-12-02,41.95000076293945,13.34000015258789
2024-12-03,41.459999084472656,13.300000190734863
2024-12-04,41.709999084472656,13.449999809265137
2024-12-05,41.790000915527344,13.539999961853027
2024-12-06,41.09000015258789,12.770000457763672
2024-12-09,41.97999954223633,14.1899995803833
2024-12-10,41.91999816894531,14.180000305175781
2024-12-11,41.439998626708984,13.579999923706055
2024-12-12,41.91999816894531,13.920000076293945
2024-12-13,41.7599983215332,13.8100004196167
2024-12-16,42.61000061035156,14.6899995803833
2024-12-17,43.58000183105469,15.869999885559082
2024-12-18,50.959999084472656,27.6200008392334
2024-12-19,55.310001373291016,24.09000015258789
2024-12-20,47.029998779296875,18.360000610351562
2024-12-23,44.060001373291016,16.780000686645508
2024-12-24,41.560001373291016,14.270000457763672
2024-12-25,41.560001373291016,14.270000457763672
2024-12-26,41.810001373291016,14.729999542236328
2024-12-27,43.810001373291016,15.949999809265137
2024-12-30,44.72999954223633,17.399999618530273
2024-12-31,45.02000045776367,17.350000381469727
2025-01-01,45.02000045776367,17.350000381469727
2025-01-02,45.959999084472656,17.93000030517578
2025-01-03,43.4900016784668,16.1299991607666
2025-01-06,43.15999984741211,16.040000915527344
2025-01-07,45.81999969482422,17.81999969482422
2025-01-08,45.52000045776367,17.700000762939453
2025-01-09,45.52000045776367,17.700000762939453
2025-01-10,48.650001525878906,19.540000915527344
2025-01-13,47.66999816894531,19.190000534057617
2025-01-14,46.72999954223633,18.709999084472656
2025-01-15,42.81999969482422,16.1200008392334
2025-01-16,42.900001525878906,16.600000381469727
2025-01-17,43.13999938964844,15.970000267028809
2025-01-20,43.13999938964844,15.970000267028809
2025-01-21,41.380001068115234,15.0600004196167
2025-01-22,41.959999084472656,15.100000381469727
2025-01-23,41.18000030517578,15.020000457763672
2025-01-24,41.060001373291016,14.850000381469727
2025-01-27,43.689998626708984,17.899999618530273
2025-01-28,42.310001373291016,16.40999984741211
2025-01-29,42.029998779296875,16.559999465942383
2025-01-30,41.869998931884766,15.84000015258789
2025-01-31,43.369998931884766,16.43000030517578
2025-02-03,44.209999084472656,18.6200008392334
2025-02-04,42.9900016784668,17.209999084472656
2025-02-05,42.029998779296875,15.770000457763672
2025-02-06,41.790000915527344,15.5
2025-02-07,43.209999084472656,16.540000915527344
2025-02-10,42.11000061035156,15.8100004196167
2025-02-11,42.27000045776367,16.020000457763672
2025-02-12,42.029998779296875,15.890000343322754
2025-02-13,41.33000183105469,15.100000381469727
2025-02-14,41.18000030517578,14.770000457763672
2025-02-17,41.18000030517578,14.770000457763672
2025-02-18,41.0,15.350000381469727
2025-02-19,40.5,15.270000457763672
2025-02-20,40.72999954223633,15.65999984741211
2025-02-21,43.560001373291016,18.209999084472656
2025-02-24,43.84000015258789,18.979999542236328
2025-02-25,44.15999984741211,19.43000030517578
2025-02-26,43.20000076293945,19.100000381469727
2025-02-27,45.66999816894531,21.1299991607666
2025-02-28,44.77000045776367,19.6299991607666
2025-03-03,48.45000076293945,22.780000686645508
2025-03-04,49.70000076293945,23.510000228881836
2025-03-05,47.41999816894531,21.93000030517578
2025-03-06,52.68000030517578,24.8700008392334
2025-03-07,50.290000915527344,23.3700008392334
2025-03-10,55.77000045776367,27.860000610351562
2025-03-11,55.7599983215332,26.920000076293945
2025-03-12,52.900001525878906,24.229999542236328
2025-03-13,55.209999084472656,24.65999984741211
2025-03-14,50.380001068115234,21.770000457763672
2025-03-17,48.4900016784668,20.510000228881836
2025-03-18,49.83000183105469,21.700000762939453
2025-03-19,48.130001068115234,19.899999618530273
2025-03-20,47.33000183105469,19.799999237060547
2025-03-21,47.36000061035156,19.280000686645508
2025-03-24,44.310001373291016,17.479999542236328
2025-03-25,44.66999816894531,17.149999618530273
2025-03-26,46.029998779296875,18.329999923706055
2025-03-27,46.33000183105469,18.690000534057617
2025-03-28,50.47999954223633,21.649999618530273
2025-03-31,50.2599983215332,22.280000686645508
2025-04-01,50.33000183105469,21.770000457763672
2025-04-02,48.95000076293945,21.510000228881836
2025-04-03,60.95000076293945,30.020000457763672
2025-04-04,73.12000274658203,45.310001373291016
2025-04-07,73.5199966430664,46.97999954223633
2025-04-08,82.83000183105469,52.33000183105469
2025-04-09,65.5,33.619998931884766
2025-04-10,77.91000366210938,40.720001220703125
2025-04-11,75.69000244140625,37.560001373291016
2025-04-14,67.0,30.889999389648438
2025-04-15,66.5,30.1200008392334
2025-04-16,72.05000305175781,32.63999938964844
2025-04-17,69.95999908447266,29.649999618530273
2025-04-18,69.95999908447266,29.649999618530273
2025-04-21,74.0999984741211,33.81999969482422
2025-04-22,69.58000183105469,30.56999969482422
2025-04-23,67.11000061035156,28.450000762939453
2025-04-24,64.83999633789062,26.469999313354492
2025-04-25,61.90999984741211,24.84000015258789
2025-04-28,62.34000015258789,25.149999618530273
2025-04-29,61.720001220703125,24.170000076293945
2025-04-30,63.13999938964844,24.700000762939453
2025-05-01,62.20000076293945,24.600000381469727
2025-05-02,59.56999969482422,22.68000030517578
2025-05-05,60.790000915527344,23.639999389648438
2025-05-06,63.150001525878906,24.760000228881836
2025-05-07,61.54999923706055,23.549999237060547
2025-05-08,59.150001525878906,22.479999542236328
2025-05-09,58.720001220703125,21.899999618530273
2025-05-12,51.099998474121094,18.389999389648438
2025-05-13,50.5,18.219999313354492
2025-05-14,51.72999954223633,18.6200008392334
2025-05-15,50.86000061035156,17.829999923706055
2025-05-16,51.290000915527344,17.239999771118164
2025-05-19,51.290000915527344,18.139999389648438
2025-05-20,50.83000183105469,18.09000015258789
2025-05-21,54.349998474121094,20.8700008392334
2025-05-22,53.93000030517578,20.280000686645508
2025-05-23,57.470001220703125,22.290000915527344
2025-05-26,57.470001220703125,22.290000915527344
2025-05-27,51.720001220703125,18.959999084472656
2025-05-28,52.2400016784668,19.309999465942383
2025-05-29,52.310001373291016,19.18000030517578
2025-05-30,52.77000045776367,18.56999969482422
2025-06-02,52.0,18.360000610351562
2025-06-03,50.90999984741211,17.690000534057617
2025-06-04,51.060001373291016,17.610000610351562
2025-06-05,52.0,18.479999542236328
2025-06-06,49.779998779296875,16.770000457763672
2025-06-09,49.11000061035156,17.15999984741211
2025-06-10,48.939998626708984,16.950000762939453
2025-06-11,49.15999984741211,17.260000228881836
2025-06-12,49.959999084472656,18.020000457763672
2025-06-13,53.810001373291016,20.81999969482422
2025-06-16,49.810001373291016,19.110000610351562
2025-06-17,52.83000183105469,21.600000381469727
2025-06-18,51.58000183105469,20.139999389648438
2025-06-19,51.58000183105469,20.139999389648438
2025-06-20,52.15999984741211,20.6200008392334
2025-06-23,51.40999984741211,19.829999923706055
2025-06-24,47.75,17.479999542236328
2025-06-25,47.38999938964844,16.760000228881836
2025-06-26,47.189998626708984,16.59000015258789
2025-06-27,47.130001068115234,16.31999969482422
2025-06-30,46.880001068115234,16.729999542236328
2025-07-01,46.810001373291016,16.829999923706055
2025-07-02,46.66999816894531,16.639999389648438
2025-07-03,46.290000915527344,16.3799991607666
2025-07-04,46.290000915527344,16.3799991607666
2025-07-07,46.86000061035156,17.790000915527344
2025-07-08,45.79999923706055,16.809999465942383
2025-07-09,44.20000076293945,15.9399995803833
2025-07-10,43.86000061035156,15.779999732971191
2025-07-11,44.06999969482422,16.399999618530273
2025-07-14,44.7400016784668,17.200000762939453
2025-07-15,44.40999984741211,17.3799991607666
2025-07-16,44.81999969482422,17.15999984741211
2025-07-17,44.619998931884766,16.520000457763672
2025-07-18,43.959999084472656,16.40999984741211
2025-07-21,43.70000076293945,16.649999618530273
2025-07-22,43.54999923706055,16.5
2025-07-23,41.77000045776367,15.369999885559082
2025-07-24,41.61000061035156,15.390000343322754
2025-07-25,41.22999954223633,14.930000305175781
2025-07-28,40.099998474121094,15.029999732971191
2025-07-29,41.040000915527344,15.979999542236328
2025-07-30,41.2400016784668,15.479999542236328
2025-07-31,41.4900016784668,16.719999313354492
2025-08-01,44.7599983215332,20.3799991607666
2025-08-04,41.72999954223633,17.520000457763672
2025-08-05,42.15999984741211,17.850000381469727
2025-08-06,40.86000061035156,16.770000457763672
2025-08-07,41.18000030517578,16.56999969482422
2025-08-08,39.7599983215332,15.149999618530273
