Date,IGLT.L,^TNX
2020-08-10,13.137654304504395,0.5740000009536743
2020-08-11,13.024285316467285,0.6579999923706055
2020-08-12,12.961546897888184,0.6700000166893005
2020-08-13,12.95053768157959,0.7160000205039978
2020-08-14,12.939531326293945,0.7089999914169312
2020-08-17,12.992363929748535,0.6830000281333923
2020-08-18,12.979155540466309,0.6690000295639038
2020-08-19,12.941732406616211,0.675000011920929
2020-08-20,12.930726051330566,0.6439999938011169
2020-08-21,12.972553253173828,0.6399999856948853
2020-08-24,12.979155540466309,0.6460000276565552
2020-08-25,12.855880737304688,0.6819999814033508
2020-08-26,12.820660591125488,0.6869999766349792
2020-08-27,12.767826080322266,0.7459999918937683
2020-08-28,12.82505989074707,0.7289999723434448
2020-08-31,12.82505989074707,0.6930000185966492
2020-09-01,12.831665992736816,0.671999990940094
2020-09-02,12.94833755493164,0.6510000228881836
2020-09-03,12.96374797821045,0.621999979019165
2020-09-04,12.919718742370605,0.7210000157356262
2020-09-07,12.943934440612793,0.7210000157356262
2020-09-08,12.996767044067383,0.6840000152587891
2020-09-09,12.970352172851562,0.703000009059906
2020-09-10,12.939531326293945,0.6850000023841858
2020-09-11,13.062807083129883,0.6690000295639038
2020-09-14,13.025383949279785,0.6710000038146973
2020-09-15,13.01437759399414,0.6790000200271606
2020-09-16,13.036391258239746,0.6869999766349792
2020-09-17,13.036391258239746,0.6840000152587891
2020-09-18,13.045197486877441,0.6940000057220459
2020-09-21,13.098030090332031,0.6710000038146973
2020-09-22,13.04079532623291,0.6639999747276306
2020-09-23,13.003371238708496,0.6759999990463257
2020-09-24,13.005573272705078,0.6660000085830688
2020-09-25,13.084820747375488,0.6589999794960022
2020-09-28,13.051801681518555,0.6629999876022339
2020-09-29,13.084820747375488,0.6449999809265137
2020-09-30,12.992363929748535,0.6769999861717224
2020-10-01,12.961546897888184,0.6769999861717224
2020-10-02,12.94833755493164,0.6959999799728394
2020-10-05,12.88229751586914,0.7620000243186951
2020-10-06,12.866887092590332,0.7419999837875366
2020-10-07,12.851479530334473,0.7850000262260437
2020-10-08,12.866887092590332,0.7649999856948853
2020-10-09,12.910914421081543,0.7749999761581421
2020-10-12,12.904309272766113,0.7770000100135803
2020-10-13,12.970352172851562,0.7269999980926514
2020-10-14,13.004470825195312,0.722000002861023
2020-10-15,13.07601547241211,0.7310000061988831
2020-10-16,13.084820747375488,0.7440000176429749
2020-10-19,13.093626976013184,0.7609999775886536
2020-10-20,13.049599647521973,0.796999990940094
2020-10-21,12.939531326293945,0.8159999847412109
2020-10-22,12.89550495147705,0.8479999899864197
2020-10-23,12.899907112121582,0.8410000205039978
2020-10-26,12.880095481872559,0.8009999990463257
2020-10-27,13.00117015838623,0.777999997138977
2020-10-28,13.045197486877441,0.781000018119812
2020-10-29,13.020980834960938,0.8349999785423279
2020-10-30,12.91751766204834,0.8600000143051147
2020-11-02,12.998967170715332,0.8489999771118164
2020-11-03,12.899907112121582,0.8820000290870667
2020-11-04,13.04079532623291,0.7680000066757202
2020-11-05,12.965950012207031,0.7760000228881836
2020-11-06,12.891103744506836,0.8199999928474426
2020-11-09,12.723799705505371,0.9580000042915344
2020-11-10,12.692980766296387,0.972000002861023
2020-11-11,12.659960746765137,0.9580000042915344
2020-11-12,12.779800415039062,0.8849999904632568
2020-11-13,12.79306411743164,0.8930000066757202
2020-11-16,12.770955085754395,0.906000018119812
2020-11-17,12.803013801574707,0.871999979019165
2020-11-18,12.782011032104492,0.8820000290870667
2020-11-19,12.788642883300781,0.8539999723434448
2020-11-20,12.841706275939941,0.8289999961853027
2020-11-23,12.819598197937012,0.8569999933242798
2020-11-24,12.837285995483398,0.8820000290870667
2020-11-25,12.85386848449707,0.878000020980835
2020-11-26,12.923516273498535,0.878000020980835
2020-11-27,12.912460327148438,0.8420000076293945
2020-11-30,12.87708568572998,0.843999981880188
2020-12-01,12.790854454040527,0.9340000152587891
2020-12-02,12.784220695495605,0.9480000138282776
2020-12-03,12.80854320526123,0.9200000166893005
2020-12-04,12.79748821258545,0.968999981880188
2020-12-07,12.914671897888184,0.9279999732971191
2020-12-08,12.969947814941406,0.9129999876022339
2020-12-09,12.978791236877441,0.9409999847412109
2020-12-10,13.073866844177246,0.9079999923706055
2020-12-11,13.1202974319458,0.8930000066757202
2020-12-14,13.058389663696289,0.8920000195503235
2020-12-15,12.938993453979492,0.9229999780654907
2020-12-16,12.916882514953613,0.9200000166893005
2020-12-17,12.947839736938477,0.9300000071525574
2020-12-18,12.989846229553223,0.9480000138282776
2020-12-21,13.078288078308105,0.9409999847412109
2020-12-22,13.1202974319458,0.9179999828338623
2020-12-23,12.8859281539917,0.9549999833106995
2020-12-24,12.962209701538086,0.9279999732971191
2020-12-25,12.962209701538086,0.9279999732971191
2020-12-28,12.962209701538086,0.9330000281333923
2020-12-29,13.051755905151367,0.9350000023841858
2020-12-30,13.045123100280762,0.9259999990463257
2020-12-31,13.062812805175781,0.9169999957084656
2021-01-01,13.062812805175781,0.9169999957084656
2021-01-04,13.100398063659668,0.9169999957084656
2021-01-05,13.027433395385742,0.9549999833106995
2021-01-06,12.95557689666748,1.0420000553131104
2021-01-07,12.88371753692627,1.0709999799728394
2021-01-08,12.908039093017578,1.1050000190734863
2021-01-11,12.854974746704102,1.1319999694824219
2021-01-12,12.815173149108887,1.1380000114440918
2021-01-13,12.888141632080078,1.0880000591278076
2021-01-14,12.905827522277832,1.128999948501587
2021-01-15,12.905827522277832,1.097000002861023
2021-01-18,12.910248756408691,1.097000002861023
2021-01-19,12.923516273498535,1.0920000076293945
2021-01-20,12.88150691986084,1.090000033378601
2021-01-21,12.84834098815918,1.1089999675750732
2021-01-22,12.866029739379883,1.090999960899353
2021-01-25,12.941204071044922,1.0399999618530273
2021-01-26,12.93014907836914,1.0399999618530273
2021-01-27,12.962209701538086,1.0140000581741333
2021-01-28,12.923516273498535,1.0570000410079956
2021-01-29,12.874874114990234,1.093000054359436
2021-02-01,12.866029739379883,1.0770000219345093
2021-02-02,12.8262300491333,1.1050000190734863
2021-02-03,12.777588844299316,1.13100004196167
2021-02-04,12.67145824432373,1.1390000581741333
2021-02-05,12.578595161437988,1.1699999570846558
2021-02-08,12.61618423461914,1.159999966621399
2021-02-09,12.642714500427246,1.156999945640564
2021-02-10,12.602916717529297,1.1330000162124634
2021-02-11,12.61728572845459,1.1579999923706055
2021-02-12,12.552061080932617,1.2000000476837158
2021-02-15,12.451457977294922,1.2000000476837158
2021-02-16,12.370757102966309,1.2990000247955322
2021-02-17,12.465831756591797,1.3009999990463257
2021-02-18,12.388443946838379,1.2869999408721924
2021-02-19,12.319903373718262,1.3450000286102295
2021-02-22,12.322113990783691,1.3700000047683716
2021-02-23,12.235883712768555,1.3619999885559082
2021-02-24,12.160710334777832,1.3890000581741333
2021-02-25,12.129754066467285,1.5180000066757202
2021-02-26,12.129754066467285,1.4600000381469727
2021-03-01,12.209351539611816,1.4459999799728394
2021-03-02,12.335381507873535,1.4149999618530273
2021-03-03,12.21156120300293,1.4700000286102295
2021-03-04,12.264625549316406,1.5499999523162842
2021-03-05,12.266837120056152,1.5540000200271606
2021-03-08,12.265730857849121,1.5959999561309814
2021-03-09,12.315481185913086,1.5460000038146973
2021-03-10,12.324325561523438,1.5199999809265137
2021-03-11,12.291158676147461,1.5269999504089355
2021-03-12,12.15186595916748,1.6349999904632568
2021-03-15,12.213772773742676,1.6069999933242798
2021-03-16,12.217089653015137,1.621000051498413
2021-03-17,12.165129661560059,1.6410000324249268
2021-03-18,12.107643127441406,1.7300000190734863
2021-03-19,12.158498764038086,1.7319999933242798
2021-03-22,12.178397178649902,1.684000015258789
2021-03-23,12.269050598144531,1.6380000114440918
2021-03-24,12.276787757873535,1.6139999628067017
2021-03-25,12.333168029785156,1.6139999628067017
2021-03-26,12.273469924926758,1.659999966621399
2021-03-29,12.238093376159668,1.7209999561309814
2021-03-30,12.156285285949707,1.7259999513626099
2021-03-31,12.134176254272461,1.746000051498413
2021-04-01,12.185029983520508,1.6790000200271606
2021-04-02,12.185029983520508,1.6790000200271606
2021-04-05,12.185029983520508,1.7200000286102295
2021-04-06,12.218195915222168,1.656000018119812
2021-04-07,12.231460571289062,1.652999997138977
2021-04-08,12.273469924926758,1.6319999694824219
2021-04-09,12.235883712768555,1.6660000085830688
2021-04-12,12.235883712768555,1.6749999523162842
2021-04-13,12.238093376159668,1.6230000257492065
2021-04-14,12.202716827392578,1.6380000114440918
2021-04-15,12.311059951782227,1.5299999713897705
2021-04-16,12.2579927444458,1.5729999542236328
2021-04-19,12.280102729797363,1.6009999513626099
2021-04-20,12.311059951782227,1.562000036239624
2021-04-21,12.284526824951172,1.5640000104904175
2021-04-22,12.2977933883667,1.5540000200271606
2021-04-23,12.302214622497559,1.5670000314712524
2021-04-26,12.293370246887207,1.5700000524520874
2021-04-27,12.269050598144531,1.621999979019165
2021-04-28,12.24251651763916,1.6200000047683716
2021-04-29,12.187240600585938,1.6399999856948853
2021-04-30,12.196084022521973,1.63100004196167
2021-05-03,12.196084022521973,1.6069999933242798
2021-05-04,12.271259307861328,1.5920000076293945
2021-05-05,12.220406532287598,1.5839999914169312
2021-05-06,12.24030590057373,1.5609999895095825
2021-05-07,12.2579927444458,1.5770000219345093
2021-05-10,12.235883712768555,1.6019999980926514
2021-05-11,12.149654388427734,1.6239999532699585
2021-05-12,12.089954376220703,1.6950000524520874
2021-05-13,12.064201354980469,1.6679999828338623
2021-05-14,12.117485046386719,1.6349999904632568
2021-05-17,12.119705200195312,1.6399999856948853
2021-05-18,12.117485046386719,1.6419999599456787
2021-05-19,12.137465476989746,1.6829999685287476
2021-05-20,12.14412784576416,1.6339999437332153
2021-05-21,12.146347999572754,1.6319999694824219
2021-05-24,12.197407722473145,1.6080000400543213
2021-05-25,12.237372398376465,1.5640000104904175
2021-05-26,12.2839937210083,1.5740000009536743
2021-05-27,12.226271629333496,1.6100000143051147
2021-05-28,12.246251106262207,1.5809999704360962
2021-05-31,12.246251106262207,1.5809999704360962
2021-06-01,12.192968368530273,1.6150000095367432
2021-06-02,12.219612121582031,1.590999960899353
2021-06-03,12.168549537658691,1.625
2021-06-04,12.226271629333496,1.559999942779541
2021-06-07,12.201848983764648,1.569000005722046
2021-06-08,12.248470306396484,1.527999997138977
2021-06-09,12.308414459228516,1.4889999628067017
2021-06-10,12.277334213256836,1.4589999914169312
2021-06-11,12.339497566223145,1.4620000123977661
2021-06-14,12.299535751342773,1.5010000467300415
2021-06-15,12.2839937210083,1.4989999532699585
2021-06-16,12.31285572052002,1.569000005722046
2021-06-17,12.275114059448242,1.5110000371932983
2021-06-18,12.361700057983398,1.4500000476837158
2021-06-21,12.343936920166016,1.4839999675750732
2021-06-22,12.288434028625488,1.472000002861023
2021-06-23,12.286215782165527,1.4869999885559082
2021-06-24,12.335057258605957,1.4869999885559082
2021-06-25,12.281774520874023,1.5360000133514404
2021-06-28,12.348380088806152,1.4780000448226929
2021-06-29,12.335057258605957,1.4800000190734863
2021-06-30,12.341718673706055,1.4429999589920044
2021-07-01,12.330617904663086,1.4800000190734863
2021-07-02,12.361700057983398,1.430999994277954
2021-07-05,12.352818489074707,1.430999994277954
2021-07-06,12.452725410461426,1.3700000047683716
2021-07-07,12.508227348327637,1.3209999799728394
2021-07-08,12.508227348327637,1.2879999876022339
2021-07-09,12.436074256896973,1.3559999465942383
2021-07-12,12.470483779907227,1.3630000352859497
2021-07-13,12.50933837890625,1.4149999618530273
2021-07-14,12.517107963562012,1.3559999465942383
2021-07-15,12.452725410461426,1.2970000505447388
2021-07-16,12.506007194519043,1.2999999523162842
2021-07-19,12.641435623168945,1.180999994277954
2021-07-20,12.672517776489258,1.2089999914169312
2021-07-21,12.605915069580078,1.2799999713897705
2021-07-22,12.663637161254883,1.2649999856948853
2021-07-23,12.661418914794922,1.2860000133514404
2021-07-26,12.672517776489258,1.2760000228881836
2021-07-27,12.710260391235352,1.2339999675750732
2021-07-28,12.672517776489258,1.2610000371932983
2021-07-29,12.676958084106445,1.2690000534057617
2021-07-30,12.678068161010742,1.2389999628067017
2021-08-02,12.732461929321289,1.1740000247955322
2021-08-03,12.759102821350098,1.1759999990463257
2021-08-04,12.77242374420166,1.184000015258789
2021-08-05,12.765762329101562,1.2170000076293945
2021-08-06,12.641435623168945,1.2899999618530273
2021-08-09,12.741342544555664,1.3170000314712524
2021-08-10,12.730240821838379,1.3420000076293945
2021-08-11,12.728021621704102,1.3289999961853027
2021-08-12,12.686949729919434,1.3669999837875366
2021-08-13,12.710260391235352,1.2970000505447388
2021-08-16,12.721360206604004,1.2569999694824219
2021-08-17,12.741342544555664,1.2580000162124634
2021-08-18,12.713589668273926,1.2730000019073486
2021-08-19,12.752442359924316,1.2419999837875366
2021-08-20,12.763542175292969,1.2599999904632568
2021-08-23,12.745783805847168,1.2549999952316284
2021-08-24,12.744671821594238,1.2899999618530273
2021-08-25,12.645874977111816,1.3420000076293945
2021-08-26,12.636995315551758,1.3420000076293945
2021-08-27,12.67029857635498,1.312000036239624
2021-08-30,12.67029857635498,1.284999966621399
2021-08-31,12.585933685302734,1.3040000200271606
2021-09-01,12.61923599243164,1.3020000457763672
2021-09-02,12.645874977111816,1.2940000295639038
2021-09-03,12.583712577819824,1.3220000267028809
2021-09-06,12.618124961853027,1.3220000267028809
2021-09-07,12.541529655456543,1.3700000047683716
2021-09-08,12.56151008605957,1.3339999914169312
2021-09-09,12.583712577819824,1.2990000247955322
2021-09-10,12.56151008605957,1.340999960899353
2021-09-13,12.579272270202637,1.3240000009536743
2021-09-14,12.590373039245605,1.2769999504089355
2021-09-15,12.5570707321167,1.3040000200271606
2021-09-16,12.492687225341797,1.3309999704360962
2021-09-17,12.44384479522705,1.3700000047683716
2021-09-20,12.508227348327637,1.309000015258789
2021-09-21,12.50378704071045,1.3240000009536743
2021-09-22,12.494906425476074,1.3359999656677246
2021-09-23,12.361700057983398,1.409999966621399
2021-09-24,12.306197166442871,1.4600000381469727
2021-09-27,12.270673751831055,1.4839999675750732
2021-09-28,12.201848983764648,1.534000039100647
2021-09-29,12.188529014587402,1.5410000085830688
2021-09-30,12.12192440032959,1.5290000438690186
2021-10-01,12.139684677124023,1.4789999723434448
2021-10-04,12.148566246032715,1.4809999465942383
2021-10-05,12.033121109008789,1.5290000438690186
2021-10-06,12.055319786071777,1.5240000486373901
2021-10-07,12.055319786071777,1.5709999799728394
2021-10-08,11.942093849182129,1.6050000190734863
2021-10-11,11.91767406463623,1.6139999628067017
2021-10-12,12.002038955688477,1.5800000429153442
2021-10-13,12.130805015563965,1.5490000247955322
2021-10-14,12.21073055267334,1.5190000534057617
2021-10-15,12.110824584960938,1.5759999752044678
2021-10-18,12.087512016296387,1.5839999914169312
2021-10-19,12.090843200683594,1.6349999904632568
2021-10-20,12.055319786071777,1.6360000371932983
2021-10-21,11.993157386779785,1.6759999990463257
2021-10-22,12.06864070892334,1.6549999713897705
2021-10-25,12.095284461975098,1.6349999904632568
2021-10-26,12.15744686126709,1.61899995803833
2021-10-27,12.404990196228027,1.5290000438690186
2021-10-28,12.446063995361328,1.5679999589920044
2021-10-29,12.386120796203613,1.5570000410079956
2021-11-01,12.352818489074707,1.5750000476837158
2021-11-02,12.326176643371582,1.5490000247955322
2021-11-03,12.275114059448242,1.5789999961853027
2021-11-04,12.406102180480957,1.5240000486373901
2021-11-05,12.581491470336914,1.4529999494552612
2021-11-08,12.583712577819824,1.496999979019165
2021-11-09,12.67029857635498,1.4320000410079956
2021-11-10,12.488247871398926,1.559999942779541
2021-11-11,12.476746559143066,1.559999942779541
2021-11-12,12.463372230529785,1.5820000171661377
2021-11-15,12.434399604797363,1.6230000257492065
2021-11-16,12.394281387329102,1.6339999437332153
2021-11-17,12.392050743103027,1.6039999723434448
2021-11-18,12.465601921081543,1.5889999866485596
2021-11-19,12.543609619140625,1.5360000133514404
2021-11-22,12.467830657958984,1.625
2021-11-23,12.454458236694336,1.6670000553131104
2021-11-24,12.418797492980957,1.6449999809265137
2021-11-25,12.492347717285156,1.6449999809265137
2021-11-26,12.704082489013672,1.4819999933242798
2021-11-29,12.666193008422852,1.5299999713897705
2021-11-30,12.779861450195312,1.4429999589920044
2021-12-01,12.699625968933105,1.434000015258789
2021-12-02,12.735284805297852,1.4479999542236328
2021-12-03,12.783205032348633,1.343000054359436
2021-12-06,12.82443618774414,1.434000015258789
2021-12-07,12.877927780151367,1.4800000190734863
2021-12-08,12.869011878967285,1.5089999437332153
2021-12-09,12.80660629272461,1.4869999885559082
2021-12-10,12.828893661499023,1.4889999628067017
2021-12-13,12.843381881713867,1.4240000247955322
2021-12-14,12.780975341796875,1.437999963760376
2021-12-15,12.739742279052734,1.4630000591278076
2021-12-16,12.70185375213623,1.4220000505447388
2021-12-17,12.666193008422852,1.4019999504089355
2021-12-20,12.646134376525879,1.4190000295639038
2021-12-21,12.501263618469238,1.4869999885559082
2021-12-22,12.489005088806152,1.4570000171661377
2021-12-23,12.44219970703125,1.4930000305175781
2021-12-24,12.456686019897461,1.4930000305175781
2021-12-27,12.456686019897461,1.4809999465942383
2021-12-28,12.456686019897461,1.4809999465942383
2021-12-29,12.36976432800293,1.5429999828338623
2021-12-30,12.432168960571289,1.5149999856948853
2021-12-31,12.405425071716309,1.5119999647140503
2022-01-03,12.405425071716309,1.628000020980835
2022-01-04,12.265010833740234,1.6679999828338623
2022-01-05,12.280611991882324,1.7050000429153442
2022-01-06,12.173630714416504,1.7330000400543213
2022-01-07,12.14688491821289,1.7710000276565552
2022-01-10,12.124598503112793,1.7799999713897705
2022-01-11,12.187003135681152,1.746000051498413
2022-01-12,12.204833984375,1.725000023841858
2022-01-13,12.244951248168945,1.7109999656677246
2022-01-14,12.204833984375,1.7719999551773071
2022-01-17,12.135741233825684,1.7719999551773071
2022-01-18,12.09339427947998,1.8650000095367432
2022-01-19,12.02876091003418,1.8270000219345093
2022-01-20,12.07110595703125,1.8329999446868896
2022-01-21,12.135741233825684,1.746999979019165
2022-01-24,12.204833984375,1.7350000143051147
2022-01-25,12.173630714416504,1.7829999923706055
2022-01-26,12.102309226989746,1.8480000495910645
2022-01-27,12.053277015686035,1.8070000410079956
2022-01-28,12.048819541931152,1.781999945640564
2022-01-31,11.935150146484375,1.781999945640564
2022-02-01,11.95966911315918,1.7999999523162842
2022-02-02,12.055506706237793,1.7660000324249268
2022-02-03,11.897261619567871,1.8270000219345093
2022-02-04,11.848228454589844,1.9299999475479126
2022-02-07,11.83262825012207,1.9160000085830688
2022-02-08,11.721187591552734,1.9539999961853027
2022-02-09,11.803651809692383,1.9290000200271606
2022-02-10,11.674383163452148,2.0309998989105225
2022-02-11,11.652093887329102,1.9550000429153442
2022-02-14,11.61866283416748,1.996000051498413
2022-02-15,11.661008834838867,2.0450000762939453
2022-02-16,11.712271690368652,2.046999931335449
2022-02-17,11.761306762695312,1.972000002861023
2022-02-18,11.866058349609375,1.9320000410079956
2022-02-21,11.860487937927246,1.9320000410079956
2022-02-22,11.770221710205078,1.9479999542236328
2022-02-23,11.757964134216309,1.9769999980926514
2022-02-24,11.747932434082031,1.968999981880188
2022-02-25,11.705586433410645,1.9859999418258667
2022-02-28,11.770221710205078,1.8389999866485596
2022-03-01,12.169173240661621,1.7070000171661377
2022-03-02,11.95966911315918,1.8650000095367432
2022-03-03,11.869402885437012,1.843999981880188
2022-03-04,12.00201416015625,1.7239999771118164
2022-03-07,11.87497329711914,1.7510000467300415
2022-03-08,11.722302436828613,1.871999979019165
2022-03-09,11.6565523147583,1.9479999542236328
2022-03-10,11.620891571044922,2.010999917984009
2022-03-11,11.638723373413086,2.003999948501587
2022-03-14,11.510567665100098,2.140000104904175
2022-03-15,11.567400932312012,2.1600000858306885
2022-03-16,11.487166404724121,2.187999963760376
2022-03-17,11.5361967086792,2.191999912261963
2022-03-18,11.603062629699707,2.1480000019073486
2022-03-21,11.451505661010742,2.315000057220459
2022-03-22,11.38464069366455,2.372999906539917
2022-03-23,11.451505661010742,2.321000099182129
2022-03-24,11.455962181091309,2.3410000801086426
2022-03-25,11.406927108764648,2.492000102996826
2022-03-28,11.522825241088867,2.4769999980926514
2022-03-29,11.478249549865723,2.4000000953674316
2022-03-30,11.473791122436523,2.3580000400543213
2022-03-31,11.513910293579102,2.3269999027252197
2022-04-01,11.54957103729248,2.377000093460083
2022-04-04,11.632036209106445,2.4119999408721924
2022-04-05,11.545112609863281,2.555999994277954
2022-04-06,11.447047233581543,2.6089999675750732
2022-04-07,11.41138744354248,2.6519999504089355
2022-04-08,11.380184173583984,2.7130000591278076
2022-04-11,11.268744468688965,2.7799999713897705
2022-04-12,11.30886173248291,2.7249999046325684
2022-04-13,11.295488357543945,2.687000036239624
2022-04-14,11.197423934936523,2.828000068664551
2022-04-15,11.197423934936523,2.828000068664551
2022-04-18,11.197423934936523,2.861999988555908
2022-04-19,11.090439796447754,2.9130001068115234
2022-04-20,11.166219711303711,2.8399999141693115
2022-04-21,11.108271598815918,2.9170000553131104
2022-04-22,11.184048652648926,2.9059998989105225
2022-04-25,11.295488357543945,2.8259999752044678
2022-04-26,11.36681079864502,2.7720000743865967
2022-04-27,11.31554889678955,2.818000078201294
2022-04-28,11.237541198730469,2.86299991607666
2022-04-29,11.197423934936523,2.88700008392334
2022-05-02,11.197423934936523,2.996000051498413
2022-05-03,11.152846336364746,2.9600000381469727
2022-05-04,11.139472961425781,2.9170000553131104
2022-05-05,11.121644020080566,3.065999984741211
2022-05-06,11.077067375183105,3.122999906539917
2022-05-09,11.108271598815918,3.0789999961853027
2022-05-10,11.241998672485352,2.993000030517578
2022-05-11,11.17959213256836,2.9210000038146973
2022-05-12,11.36716365814209,2.816999912261963
2022-05-13,11.324614524841309,2.934999942779541
2022-05-16,11.342531204223633,2.877000093460083
2022-05-17,11.174576759338379,2.9679999351501465
2022-05-18,11.19249153137207,2.885999917984009
2022-05-19,11.202569961547852,2.8550000190734863
2022-05-20,11.15442180633545,2.7869999408721924
2022-05-23,11.076043128967285,2.8589999675750732
2022-05-24,11.179055213928223,2.759999990463257
2022-05-25,11.120830535888672,2.749000072479248
2022-05-26,11.049169540405273,2.75600004196167
2022-05-27,11.111872673034668,2.743000030517578
2022-05-30,11.016698837280273,2.743000030517578
2022-05-31,10.878976821899414,2.8440001010894775
2022-06-01,10.852104187011719,2.930999994277954
2022-06-02,10.852104187011719,2.9130001068115234
2022-06-03,10.852104187011719,2.9570000171661377
2022-06-06,10.737894058227539,3.0380001068115234
2022-06-07,10.814033508300781,2.9719998836517334
2022-06-08,10.770365715026855,3.0290000438690186
2022-06-09,10.72221851348877,3.0439999103546143
2022-06-10,10.605770111083984,3.1559998989105225
2022-06-13,10.556502342224121,3.365999937057495
2022-06-14,10.462449073791504,3.4830000400543213
2022-06-15,10.569939613342285,3.3949999809265137
2022-06-16,10.52739143371582,3.306999921798706
2022-06-17,10.516194343566895,3.239000082015991
2022-06-20,10.377351760864258,3.239000082015991
2022-06-21,10.328085899353027,3.306999921798706
2022-06-22,10.484843254089355,3.1559998989105225
2022-06-23,10.650557518005371,3.068000078201294
2022-06-24,10.684148788452148,3.125
2022-06-27,10.577777862548828,3.194000005722046
2022-06-28,10.471405029296875,3.2060000896453857
2022-06-29,10.571059226989746,3.0929999351501465
2022-06-30,10.650557518005371,2.9719998836517334
2022-07-01,10.838667869567871,2.8889999389648438
2022-07-04,10.685269355773926,2.8889999389648438
2022-07-05,10.802838325500488,2.809000015258789
2022-07-06,10.749091148376465,2.9130001068115234
2022-07-07,10.737894058227539,3.007999897003174
2022-07-08,10.627043724060059,3.1010000705718994
2022-07-11,10.663994789123535,2.990999937057495
2022-07-12,10.713260650634766,2.9579999446868896
2022-07-13,10.762527465820312,2.9040000438690186
2022-07-14,10.731175422668457,2.9600000381469727
2022-07-15,10.708783149719238,2.930000066757202
2022-07-18,10.630403518676758,2.9600000381469727
2022-07-19,10.58337688446045,3.0190000534057617
2022-07-20,10.619207382202148,3.0360000133514404
2022-07-21,10.749091148376465,2.9100000858306885
2022-07-22,10.865540504455566,2.7829999923706055
2022-07-25,10.807315826416016,2.819999933242798
2022-07-26,10.847625732421875,2.7869999408721924
2022-07-27,10.79163932800293,2.7339999675750732
2022-07-28,10.937200546264648,2.680999994277954
2022-07-29,10.95511531829834,2.6419999599456787
2022-08-01,11.080520629882812,2.6059999465942383
2022-08-02,11.076043128967285,2.740999937057495
2022-08-03,10.986468315124512,2.747999906539917
2022-08-04,11.017818450927734,2.6760001182556152
2022-08-05,10.842025756835938,2.8399999141693115
2022-08-08,10.950636863708496,2.765000104904175
2022-08-09,10.946158409118652,2.796999931335449
2022-08-10,10.946158409118652,2.7860000133514404
2022-08-11,10.82075309753418,2.888000011444092
2022-08-12,10.753571510314941,2.8489999771118164
2022-08-15,10.861061096191406,2.7909998893737793
2022-08-16,10.753571510314941,2.8239998817443848
2022-08-17,10.623684883117676,2.8929998874664307
2022-08-18,10.610249519348145,2.880000114440918
2022-08-19,10.489322662353516,2.989000082015991
2022-08-22,10.38407039642334,3.0369999408721924
2022-08-23,10.332564353942871,3.053999900817871
2022-08-24,10.251945495605469,3.1059999465942383
2022-08-25,10.3012113571167,3.0260000228881836
2022-08-26,10.31464958190918,3.0350000858306885
2022-08-29,10.31464958190918,3.109999895095825
2022-08-30,10.220595359802246,3.109999895095825
2022-08-31,10.104145050048828,3.132999897003174
2022-09-01,9.985458374023438,3.265000104904175
2022-09-02,9.936190605163574,3.193000078201294
2022-09-05,9.987696647644043,3.193000078201294
2022-09-06,9.862292289733887,3.3399999141693115
2022-09-07,9.880205154418945,3.265000104904175
2022-09-08,9.750321388244629,3.2920000553131104
2022-09-09,9.783912658691406,3.321000099182129
2022-09-12,9.833178520202637,3.361999988555908
2022-09-13,9.781673431396484,3.421999931335449
2022-09-14,9.830941200256348,3.4119999408721924
2022-09-15,9.782793045043945,3.4590001106262207
2022-09-16,9.781673431396484,3.447999954223633
2022-09-19,9.781673431396484,3.490000009536743
2022-09-20,9.656266212463379,3.571000099182129
2022-09-21,9.660745620727539,3.509999990463257
2022-09-22,9.468157768249512,3.7079999446868896
2022-09-23,9.217344284057617,3.697000026702881
2022-09-26,8.939661026000977,3.878000020980835
2022-09-27,8.565682411193848,3.9639999866485596
2022-09-28,9.181514739990234,3.7049999237060547
2022-09-29,9.172557830810547,3.746999979019165
2022-09-30,9.324836730957031,3.803999900817871
2022-10-03,9.304680824279785,3.6510000228881836
2022-10-04,9.230783462524414,3.617000102996826
2022-10-05,9.114333152770996,3.759000062942505
2022-10-06,8.988926887512207,3.8259999752044678
2022-10-07,8.917267799377441,3.882999897003174
2022-10-10,8.697806358337402,3.888000011444092
2022-10-11,8.72243881225586,3.938999891281128
2022-10-12,8.713481903076172,3.9019999504089355
2022-10-13,8.8702392578125,3.9519999027252197
2022-10-14,8.753790855407715,4.010000228881836
2022-10-17,9.078503608703613,4.014999866485596
2022-10-18,9.125529289245605,3.997999906539917
2022-10-19,9.297964096069336,4.126999855041504
2022-10-20,9.297964096069336,4.22599983215332
2022-10-21,9.132247924804688,4.2129998207092285
2022-10-24,9.405454635620117,4.234000205993652
2022-10-25,9.490551948547363,4.107999801635742
2022-10-26,9.530861854553223,4.014999866485596
2022-10-27,9.669703483581543,3.937000036239624
2022-10-28,9.642831802368164,4.010000228881836
2022-10-31,9.580126762390137,4.077000141143799
2022-11-01,9.633872985839844,4.052000045776367
2022-11-02,9.6652250289917,4.059000015258789
2022-11-03,9.562213897705078,4.124000072479248
2022-11-04,9.521903991699219,4.156000137329102
2022-11-07,9.459200859069824,4.214000225067139
2022-11-08,9.537578582763672,4.125999927520752
2022-11-09,9.660745620727539,4.151000022888184
2022-11-10,9.835416793823242,3.8289999961853027
2022-11-11,9.741364479064941,3.812999963760376
2022-11-14,9.741364479064941,3.865000009536743
2022-11-15,9.804064750671387,3.7990000247955322
2022-11-16,9.945149421691895,3.691999912261963
2022-11-17,9.881363868713379,3.7750000953674316
2022-11-18,9.861063957214355,3.818000078201294
2022-11-21,9.92421817779541,3.825000047683716
2022-11-22,9.919706344604492,3.757999897003174
2022-11-23,10.048270225524902,3.7060000896453857
2022-11-24,9.98285961151123,3.7060000896453857
2022-11-25,9.919706344604492,3.690999984741211
2022-11-28,9.906172752380371,3.703000068664551
2022-11-29,9.92421817779541,3.747999906539917
2022-11-30,9.856553077697754,3.703000068664551
2022-12-01,9.906172752380371,3.5290000438690186
2022-12-02,9.829486846923828,3.50600004196167
2022-12-05,9.879107475280762,3.5989999771118164
2022-12-06,9.906172752380371,3.513000011444092
2022-12-07,9.888130187988281,3.4079999923706055
2022-12-08,9.861063957214355,3.490999937057495
2022-12-09,9.784377098083496,3.566999912261963
2022-12-12,9.730244636535645,3.6110000610351562
2022-12-13,9.65806770324707,3.500999927520752
2022-12-14,9.653556823730469,3.503000020980835
2022-12-15,9.72573184967041,3.450000047683716
2022-12-16,9.65806770324707,3.4820001125335693
2022-12-19,9.5498046875,3.5810000896453857
2022-12-20,9.473116874694824,3.684000015258789
2022-12-21,9.513715744018555,3.684000015258789
2022-12-22,9.493416786193848,3.6689999103546143
2022-12-23,9.48214054107666,3.750999927520752
2022-12-26,9.48214054107666,3.750999927520752
2022-12-27,9.48214054107666,3.859999895095825
2022-12-28,9.450563430786133,3.88700008392334
2022-12-29,9.450563430786133,3.8350000381469727
2022-12-30,9.464094161987305,3.878999948501587
2023-01-02,9.464094161987305,3.878999948501587
2023-01-03,9.464094161987305,3.7929999828338623
2023-01-04,9.572358131408691,3.7090001106262207
2023-01-05,9.509203910827637,3.7200000286102295
2023-01-06,9.554315567016602,3.569000005722046
2023-01-09,9.477628707885742,3.5169999599456787
2023-01-10,9.504693984985352,3.621000051498413
2023-01-11,9.640024185180664,3.553999900817871
2023-01-12,9.707690238952637,3.4489998817443848
2023-01-13,9.685133934020996,3.510999917984009
2023-01-16,9.67611312866211,3.510999917984009
2023-01-17,9.703178405761719,3.5350000858306885
2023-01-18,9.703178405761719,3.375
2023-01-19,9.757309913635254,3.3970000743865967
2023-01-20,9.680622100830078,3.4839999675750732
2023-01-23,9.681751251220703,3.5250000953674316
2023-01-24,9.75505542755127,3.4690001010894775
2023-01-25,9.770842552185059,3.4619998931884766
2023-01-26,9.727989196777344,3.493000030517578
2023-01-27,9.698668479919434,3.5179998874664307
2023-01-30,9.698668479919434,3.5510001182556152
2023-01-31,9.703178405761719,3.5290000438690186
2023-02-01,9.689644813537598,3.3970000743865967
2023-02-02,9.928729057312012,3.3959999084472656
2023-02-03,9.852042198181152,3.5320000648498535
2023-02-06,9.739266395568848,3.634000062942505
2023-02-07,9.700922966003418,3.6740000247955322
2023-02-08,9.67611312866211,3.6530001163482666
2023-02-09,9.698668479919434,3.683000087738037
2023-02-10,9.628746032714844,3.74399995803833
2023-02-13,9.61746883392334,3.7170000076293945
2023-02-14,9.540781021118164,3.760999917984009
2023-02-15,9.554315567016602,3.809000015258789
2023-02-16,9.558826446533203,3.8429999351501465
2023-02-17,9.511460304260254,3.828000068664551
2023-02-20,9.556571006774902,3.828000068664551
2023-02-21,9.450563430786133,3.9549999237060547
2023-02-22,9.486650466918945,3.9230000972747803
2023-02-23,9.479883193969727,3.878999948501587
2023-02-24,9.423494338989258,3.9489998817443848
2023-02-27,9.369363784790039,3.921999931335449
2023-02-28,9.369363784790039,3.9159998893737793
2023-03-01,9.32425308227539,3.99399995803833
2023-03-02,9.315230369567871,4.072999954223633
2023-03-03,9.337786674499512,3.9639999866485596
2023-03-06,9.337786674499512,3.9830000400543213
2023-03-07,9.362597465515137,3.9749999046325684
2023-03-08,9.428006172180176,3.9760000705718994
2023-03-09,9.405452728271484,3.924999952316284
2023-03-10,9.495672225952148,3.694999933242798
2023-03-13,9.677238464355469,3.515000104904175
2023-03-14,9.606191635131836,3.638000011444092
2023-03-15,9.73701000213623,3.492000102996826
2023-03-16,9.71671199798584,3.5850000381469727
2023-03-17,9.761821746826172,3.3949999809265137
2023-03-20,9.748289108276367,3.4809999465942383
2023-03-21,9.703178405761719,3.6059999465942383
2023-03-22,9.635514259338379,3.5
2023-03-23,9.70543384552002,3.4059998989105225
2023-03-24,9.761821746826172,3.380000114440918
2023-03-27,9.713327407836914,3.5280001163482666
2023-03-28,9.685133934020996,3.563999891281128
2023-03-29,9.680622100830078,3.565999984741211
2023-03-30,9.644535064697266,3.5510001182556152
2023-03-31,9.64904499053955,3.49399995803833
2023-04-03,9.757309913635254,3.430000066757202
2023-04-04,9.73701000213623,3.3369998931884766
2023-04-05,9.730244636535645,3.2869999408721924
2023-04-06,9.739266395568848,3.2880001068115234
2023-04-07,9.739266395568848,3.2880001068115234
2023-04-10,9.739266395568848,3.4149999618530273
2023-04-11,9.651301383972168,3.434000015258789
2023-04-12,9.640024185180664,3.4210000038146973
2023-04-13,9.59942626953125,3.4519999027252197
2023-04-14,9.545292854309082,3.5220000743865967
2023-04-17,9.504693984985352,3.5910000801086426
2023-04-18,9.470861434936523,3.572000026702881
2023-04-19,9.40093994140625,3.6019999980926514
2023-04-20,9.468605041503906,3.5450000762939453
2023-04-21,9.468605041503906,3.569999933242798
2023-04-24,9.464094161987305,3.515000104904175
2023-04-25,9.531760215759277,3.3959999084472656
2023-04-26,9.48214054107666,3.431999921798706
2023-04-27,9.418985366821289,3.5280001163482666
2023-04-28,9.477628707885742,3.4519999027252197
2023-05-01,9.477628707885742,3.5739998817443848
2023-05-02,9.52273941040039,3.438999891281128
2023-05-03,9.50018310546875,3.4030001163482666
2023-05-04,9.531760215759277,3.3510000705718994
2023-05-05,9.432518005371094,3.446000099182129
2023-05-08,9.432518005371094,3.5209999084472656
2023-05-09,9.396430015563965,3.5209999084472656
2023-05-10,9.418985366821289,3.438999891281128
2023-05-11,9.48890495300293,3.3970000743865967
2023-05-12,9.434773445129395,3.4630000591278076
2023-05-15,9.396430015563965,3.507999897003174
2023-05-16,9.382895469665527,3.5490000247955322
2023-05-17,9.382895469665527,3.5810000896453857
2023-05-18,9.285909652709961,3.6480000019073486
2023-05-19,9.265664100646973,3.691999912261963
2023-05-22,9.226906776428223,3.7190001010894775
2023-05-23,9.153947830200195,3.697999954223633
2023-05-24,9.128868103027344,3.7190001010894775
2023-05-25,9.042230606079102,3.813999891281128
2023-05-26,9.030831336975098,3.809999942779541
2023-05-29,9.030831336975098,3.809999942779541
2023-05-30,9.092389106750488,3.700000047683716
2023-05-31,9.158507347106934,3.63700008392334
2023-06-01,9.199546813964844,3.6080000400543213
2023-06-02,9.197266578674316,3.690999984741211
2023-06-05,9.14938735961914,3.693000078201294
2023-06-06,9.17674732208252,3.6989998817443848
2023-06-07,9.14938735961914,3.7839999198913574
2023-06-08,9.137988090515137,3.7139999866485596
2023-06-09,9.150528907775879,3.744999885559082
2023-06-12,9.084409713745117,3.765000104904175
2023-06-13,9.012591361999512,3.8389999866485596
2023-06-14,9.065030097961426,3.7960000038146973
2023-06-15,9.080989837646484,3.7279999256134033
2023-06-16,9.085549354553223,3.7690000534057617
2023-06-19,9.036531448364258,3.7690000534057617
2023-06-20,9.128868103027344,3.7290000915527344
2023-06-21,9.069589614868164,3.7230000495910645
2023-06-22,9.101509094238281,3.7990000247955322
2023-06-23,9.126587867736816,3.739000082015991
2023-06-26,9.163066864013672,3.7190001010894775
2023-06-27,9.13570785522461,3.7679998874664307
2023-06-28,9.164206504821777,3.7100000381469727
2023-06-29,9.124308586120605,3.8540000915527344
2023-06-30,9.122027397155762,3.819000005722046
2023-07-03,9.09695053100586,3.8580000400543213
2023-07-04,9.11974811553955,3.8580000400543213
2023-07-05,9.062750816345215,3.944999933242798
2023-07-06,8.953312873840332,4.040999889373779
2023-07-07,8.93735408782959,4.050000190734863
2023-07-10,8.944192886352539,4.00600004196167
2023-07-11,8.939634323120117,3.9800000190734863
2023-07-12,9.01715087890625,3.8610000610351562
2023-07-13,9.074150085449219,3.760999917984009
2023-07-14,9.078709602355957,3.819000005722046
2023-07-17,9.067309379577637,3.796999931335449
2023-07-18,9.140267372131348,3.7890000343322754
2023-07-19,9.238306045532227,3.742000102996826
2023-07-20,9.197266578674316,3.8540000915527344
2023-07-21,9.204105377197266,3.8369998931884766
2023-07-24,9.210946083068848,3.8570001125335693
2023-07-25,9.199546813964844,3.9119999408721924
2023-07-26,9.192705154418945,3.8510000705718994
2023-07-27,9.17674732208252,4.01200008392334
2023-07-28,9.160787582397461,3.9690001010894775
2023-07-31,9.17902660369873,3.9590001106262207
2023-08-01,9.122027397155762,4.051000118255615
2023-08-02,9.133429527282715,4.078000068664551
2023-08-03,9.071869850158691,4.189000129699707
2023-08-04,9.11974811553955,4.059999942779541
2023-08-07,9.078709602355957,4.078000068664551
2023-08-08,9.11974811553955,4.026000022888184
2023-08-09,9.137988090515137,4.01200008392334
2023-08-10,9.139128684997559,4.079999923706055
2023-08-11,9.001192092895508,4.168000221252441
2023-08-14,8.992073059082031,4.184000015258789
2023-08-15,8.989791870117188,4.2210001945495605
2023-08-16,8.935072898864746,4.257999897003174
2023-08-17,8.873515129089355,4.308000087738037
2023-08-18,8.921394348144531,4.250999927520752
2023-08-21,8.882635116577148,4.3420000076293945
2023-08-22,8.930513381958008,4.328000068664551
2023-08-23,9.053630828857422,4.197999954223633
2023-08-24,9.101509094238281,4.235000133514404
2023-08-25,9.090109825134277,4.238999843597412
2023-08-28,9.090109825134277,4.211999893188477
2023-08-29,9.117469787597656,4.122000217437744
2023-08-30,9.106069564819336,4.118000030517578
2023-08-31,9.144828796386719,4.0929999351501465
2023-09-01,9.09695053100586,4.172999858856201
2023-09-04,9.060469627380371,4.172999858856201
2023-09-05,9.030831336975098,4.26800012588501
2023-09-06,9.0103120803833,4.289999961853027
2023-09-07,9.076430320739746,4.260000228881836
2023-09-08,9.115188598632812,4.257999897003174
2023-09-11,9.060469627380371,4.288000106811523
2023-09-12,9.103788375854492,4.263999938964844
2023-09-13,9.158507347106934,4.249000072479248
2023-09-14,9.206387519836426,4.288000106811523
2023-09-15,9.137988090515137,4.322000026702881
2023-09-18,9.110628128051758,4.318999767303467
2023-09-19,9.13570785522461,4.364999771118164
2023-09-20,9.204105377197266,4.348999977111816
2023-09-21,9.169907569885254,4.480000019073486
2023-09-22,9.19042682647705,4.438000202178955
2023-09-25,9.131147384643555,4.541999816894531
2023-09-26,9.124308586120605,4.558000087738037
2023-09-27,9.103788375854492,4.625999927520752
2023-09-28,9.008031845092773,4.5970001220703125
2023-09-29,9.044510841369629,4.572999954223633
2023-10-02,8.976112365722656,4.683000087738037
2023-10-03,8.95217227935791,4.802000045776367
2023-10-04,8.956732749938965,4.735000133514404
2023-10-05,8.98751163482666,4.7170000076293945
2023-10-06,8.960153579711914,4.783999919891357
2023-10-09,9.014871597290039,4.796999931335449
2023-10-10,9.055910110473633,4.65500020980835
2023-10-11,9.144828796386719,4.59499979019165
2023-10-12,9.085549354553223,4.711999893188477
2023-10-13,9.101509094238281,4.629000186920166
2023-10-16,9.046791076660156,4.711999893188477
2023-10-17,9.01715087890625,4.8470001220703125
2023-10-18,8.941913604736328,4.9039998054504395
2023-10-19,8.919113159179688,4.98799991607666
2023-10-20,8.921394348144531,4.923999786376953
2023-10-23,8.95787239074707,4.8379998207092285
2023-10-24,8.995492935180664,4.840000152587891
2023-10-25,8.953312873840332,4.953000068664551
2023-10-26,8.95787239074707,4.84499979019165
2023-10-27,9.002331733703613,4.84499979019165
2023-10-30,8.989791870117188,4.875
2023-10-31,9.030831336975098,4.875
2023-11-01,9.037670135498047,4.789000034332275
2023-11-02,9.124308586120605,4.669000148773193
2023-11-03,9.18814754486084,4.558000087738037
2023-11-06,9.127727508544922,4.6620001792907715
2023-11-07,9.199546813964844,4.571000099182129
2023-11-08,9.25084400177002,4.5229997634887695
2023-11-09,9.22006607055664,4.630000114440918
2023-11-10,9.183586120605469,4.627999782562256
2023-11-13,9.197266578674316,4.631999969482422
2023-11-14,9.336342811584473,4.440999984741211
2023-11-15,9.274784088134766,4.534999847412109
2023-11-16,9.350085258483887,4.445000171661377
2023-11-17,9.359335899353027,4.440999984741211
2023-11-20,9.345458984375,4.421999931335449
2023-11-21,9.368585586547852,4.418000221252441
2023-11-22,9.294581413269043,4.415999889373779
2023-11-23,9.24832820892334,4.415999889373779
2023-11-24,9.222887992858887,4.4720001220703125
2023-11-27,9.264517784118652,4.388999938964844
2023-11-28,9.301519393920898,4.335999965667725
2023-11-29,9.359335899353027,4.270999908447266
2023-11-30,9.289955139160156,4.3520002365112305
2023-12-01,9.310769081115723,4.22599983215332
2023-12-04,9.269142150878906,4.288000106811523
2023-12-05,9.387086868286133,4.171000003814697
2023-12-06,9.451842308044434,4.120999813079834
2023-12-07,9.449528694152832,4.129000186920166
2023-12-08,9.40096378326416,4.244999885559082
2023-12-11,9.366272926330566,4.238999843597412
2023-12-12,9.449528694152832,4.205999851226807
2023-12-13,9.56053638458252,4.0329999923706055
2023-12-14,9.599851608276367,3.930000066757202
2023-12-15,9.70854663848877,3.927999973297119
2023-12-18,9.694670677185059,3.9539999961853027
2023-12-19,9.733985900878906,3.921999931335449
2023-12-20,9.801054000854492,3.877000093460083
2023-12-21,9.819554328918457,3.8940000534057617
2023-12-22,9.847307205200195,3.9010000228881836
2023-12-25,9.847307205200195,3.9010000228881836
2023-12-26,9.847307205200195,3.885999917984009
2023-12-27,9.879684448242188,3.7890000343322754
2023-12-28,9.840368270874023,3.8499999046325684
2023-12-29,9.801054000854492,3.865999937057495
2024-01-01,9.801054000854492,3.865999937057495
2024-01-02,9.685420989990234,3.946000099182129
2024-01-03,9.676169395446777,3.9070000648498535
2024-01-04,9.632229804992676,3.990999937057495
2024-01-05,9.590601921081543,4.041999816894531
2024-01-08,9.604477882385254,4.001999855041504
2024-01-09,9.576725006103516,4.019000053405762
2024-01-10,9.5790376663208,4.03000020980835
2024-01-11,9.548974990844727,3.9769999980926514
2024-01-12,9.604477882385254,3.950000047683716
2024-01-15,9.576725006103516,3.950000047683716
2024-01-16,9.562849044799805,4.065999984741211
2024-01-17,9.435652732849121,4.105999946594238
2024-01-18,9.477280616760254,4.144000053405762
2024-01-19,9.500408172607422,4.145999908447266
2024-01-22,9.523533821105957,4.093999862670898
2024-01-23,9.449528694152832,4.142000198364258
2024-01-24,9.442591667175293,4.177999973297119
2024-01-25,9.468029975891113,4.131999969482422
2024-01-26,9.456466674804688,4.159999847412109
2024-01-29,9.511971473693848,4.091000080108643
2024-01-30,9.500408172607422,4.059000015258789
2024-01-31,9.592913627624512,3.9670000076293945
2024-02-01,9.627604484558105,3.86299991607666
2024-02-02,9.500408172607422,4.0329999923706055
2024-02-05,9.421777725219727,4.164000034332275
2024-02-06,9.48884391784668,4.090000152587891
2024-02-07,9.474967956542969,4.110000133514404
2024-02-08,9.437967300415039,4.170000076293945
2024-02-09,9.426403045654297,4.186999797821045
2024-02-12,9.447216033935547,4.171999931335449
2024-02-13,9.387086868286133,4.315999984741211
2024-02-14,9.440278053283691,4.267000198364258
2024-02-15,9.433340072631836,4.239999771118164
2024-02-16,9.403275489807129,4.295000076293945
2024-02-19,9.40558910369873,4.295000076293945
2024-02-20,9.456466674804688,4.275000095367432
2024-02-21,9.4079008102417,4.324999809265137
2024-02-22,9.419464111328125,4.327000141143799
2024-02-23,9.468029975891113,4.260000228881836
2024-02-26,9.424089431762695,4.298999786376953
2024-02-27,9.40558910369873,4.315000057220459
2024-02-28,9.40096378326416,4.27400016784668
2024-02-29,9.465717315673828,4.251999855041504
2024-03-01,9.47265625,4.179999828338623
2024-03-04,9.474967956542969,4.218999862670898
2024-03-05,9.572099685668945,4.13700008392334
2024-03-06,9.5790376663208,4.104000091552734
2024-03-07,9.595227241516113,4.0920000076293945
2024-03-08,9.604477882385254,4.089000225067139
2024-03-11,9.599851608276367,4.104000091552734
2024-03-12,9.618352890014648,4.15500020980835
2024-03-13,9.562849044799805,4.191999912261963
2024-03-14,9.523533821105957,4.297999858856201
2024-03-15,9.518908500671387,4.303999900817871
2024-03-18,9.518908500671387,4.340000152587891
2024-03-19,9.535097122192383,4.296999931335449
2024-03-20,9.576725006103516,4.2729997634887695
2024-03-21,9.5790376663208,4.270999908447266
2024-03-22,9.622979164123535,4.2179999351501465
2024-03-25,9.583663940429688,4.252999782562256
2024-03-26,9.599851608276367,4.234000205993652
2024-03-27,9.629916191101074,4.196000099182129
2024-03-28,9.639166831970215,4.205999851226807
2024-03-29,9.639166831970215,4.205999851226807
2024-04-01,9.639166831970215,4.328999996185303
2024-04-02,9.523533821105957,4.364999771118164
2024-04-03,9.530470848083496,4.355000019073486
2024-04-04,9.56053638458252,4.309000015258789
2024-04-05,9.532785415649414,4.377999782562256
2024-04-08,9.530470848083496,4.423999786376953
2024-04-09,9.56516170501709,4.366000175476074
2024-04-10,9.48884391784668,4.559999942779541
2024-04-11,9.424089431762695,4.576000213623047
2024-04-12,9.493470191955566,4.499000072479248
2024-04-15,9.410213470458984,4.627999782562256
2024-04-16,9.380149841308594,4.658999919891357
2024-04-17,9.40558910369873,4.585000038146973
2024-04-18,9.412527084350586,4.646999835968018
2024-04-19,9.437967300415039,4.614999771118164
2024-04-22,9.447216033935547,4.623000144958496
2024-04-23,9.421777725219727,4.5980000495910645
2024-04-24,9.370899200439453,4.6519999504089355
2024-04-25,9.345458984375,4.705999851226807
2024-04-26,9.373210906982422,4.669000148773193
2024-04-29,9.40096378326416,4.613999843597412
2024-04-30,9.361648559570312,4.685999870300293
2024-05-01,9.347771644592285,4.59499979019165
2024-05-02,9.403275489807129,4.571000099182129
2024-05-03,9.451842308044434,4.5
2024-05-06,9.451842308044434,4.488999843597412
2024-05-07,9.532785415649414,4.4629998207092285
2024-05-08,9.539722442626953,4.492000102996826
2024-05-09,9.532785415649414,4.448999881744385
2024-05-10,9.514283180236816,4.504000186920166
2024-05-13,9.507345199584961,4.480999946594238
2024-05-14,9.507345199584961,4.445000171661377
2024-05-15,9.592913627624512,4.355999946594238
2024-05-16,9.59498119354248,4.376999855041504
2024-05-17,9.552692413330078,4.420000076293945
2024-05-20,9.519800186157227,4.436999797821045
2024-05-21,9.53389835357666,4.414000034332275
2024-05-22,9.477511405944824,4.434000015258789
2024-05-23,9.454017639160156,4.474999904632568
2024-05-24,9.465764045715332,4.4670000076293945
2024-05-27,9.465764045715332,4.4670000076293945
2024-05-28,9.444619178771973,4.541999816894531
2024-05-29,9.34829330444336,4.624000072479248
2024-05-30,9.392931938171387,4.553999900817871
2024-05-31,9.428173065185547,4.513999938964844
2024-06-03,9.498655319213867,4.4019999504089355
2024-06-04,9.52919864654541,4.335999965667725
2024-06-05,9.526847839355469,4.289000034332275
2024-06-06,9.55034351348877,4.281000137329102
2024-06-07,9.491607666015625,4.429999828338623
2024-06-10,9.437570571899414,4.468999862670898
2024-06-11,9.472811698913574,4.4039998054504395
2024-06-12,9.580883979797363,4.295000076293945
2024-06-13,9.578536033630371,4.23799991607666
2024-06-14,9.639619827270508,4.2129998207092285
2024-06-17,9.585583686828613,4.2789998054504395
2024-06-18,9.64197063446045,4.2170000076293945
2024-06-19,9.630223274230957,4.2170000076293945
2024-06-20,9.625524520874023,4.254000186920166
2024-06-21,9.623174667358398,4.256999969482422
2024-06-24,9.609078407287598,4.248000144958496
2024-06-25,9.630223274230957,4.23799991607666
2024-06-26,9.573836326599121,4.315999984741211
2024-06-27,9.592632293701172,4.288000106811523
2024-06-28,9.552692413330078,4.3429999351501465
2024-07-01,9.479860305786133,4.479000091552734
2024-07-02,9.496306419372559,4.435999870300293
2024-07-03,9.555041313171387,4.355000019073486
2024-07-04,9.540945053100586,4.355000019073486
2024-07-05,9.606728553771973,4.271999835968018
2024-07-08,9.604379653930664,4.269000053405762
2024-07-09,9.564438819885254,4.300000190734863
2024-07-10,9.585583686828613,4.28000020980835
2024-07-11,9.646669387817383,4.192999839782715
2024-07-12,9.61612606048584,4.189000129699707
2024-07-15,9.618474960327148,4.229000091552734
2024-07-16,9.667814254760742,4.166999816894531
2024-07-17,9.660764694213867,4.145999908447266
2024-07-18,9.670162200927734,4.189000129699707
2024-07-19,9.620824813842773,4.238999843597412
2024-07-22,9.59498119354248,4.260000228881836
2024-07-23,9.611427307128906,4.238999843597412
2024-07-24,9.609078407287598,4.285999774932861
2024-07-25,9.61612606048584,4.25600004196167
2024-07-26,9.630223274230957,4.199999809265137
2024-07-29,9.660764694213867,4.177999973297119
2024-07-30,9.677210807800293,4.14300012588501
2024-07-31,9.726548194885254,4.109000205993652
2024-08-01,9.79703140258789,3.9760000705718994
2024-08-02,9.815825462341309,3.7920000553131104
2024-08-05,9.80877685546875,3.7850000858306885
2024-08-06,9.77823543548584,3.888000011444092
2024-08-07,9.75709056854248,3.9679999351501465
2024-08-08,9.754740715026855,3.996999979019165
2024-08-09,9.771186828613281,3.941999912261963
2024-08-12,9.77823543548584,3.9089999198913574
2024-08-13,9.804078102111816,3.8519999980926514
2024-08-14,9.867512702941895,3.819999933242798
2024-08-15,9.801730155944824,3.9260001182556152
2024-08-16,9.79703140258789,3.8919999599456787
2024-08-19,9.799379348754883,3.867000102996826
2024-08-20,9.799379348754883,3.818000078201294
2024-08-21,9.82992172241211,3.7780001163482666
2024-08-22,9.768838882446289,3.861999988555908
2024-08-23,9.815825462341309,3.806999921798706
2024-08-26,9.815825462341309,3.818000078201294
2024-08-27,9.766488075256348,3.8329999446868896
2024-08-28,9.768838882446289,3.8410000801086426
2024-08-29,9.752391815185547,3.867000102996826
2024-08-30,9.754740715026855,3.9110000133514404
2024-09-02,9.738295555114746,3.9110000133514404
2024-09-03,9.782933235168457,3.8440001010894775
2024-09-04,9.825223922729492,3.7679998874664307
2024-09-05,9.848716735839844,3.7309999465942383
2024-09-06,9.865163803100586,3.7100000381469727
2024-09-09,9.87573528289795,3.697000026702881
2024-09-10,9.902754783630371,3.6459999084472656
2024-09-11,9.9614896774292,3.6530001163482666
2024-09-12,9.937994003295898,3.680000066757202
2024-09-13,9.956790924072266,3.6500000953674316
2024-09-16,9.968538284301758,3.621000051498413
2024-09-17,9.947392463684082,3.6419999599456787
2024-09-18,9.902754783630371,3.684999942779541
2024-09-19,9.862813949584961,3.740000009536743
2024-09-20,9.841669082641602,3.7279999256134033
2024-09-23,9.832271575927734,3.739000082015991
2024-09-24,9.839320182800293,3.7360000610351562
2024-09-25,9.77823543548584,3.7809998989105225
2024-09-26,9.77823543548584,3.7909998893737793
2024-09-27,9.780585289001465,3.749000072479248
2024-09-30,9.775886535644531,3.802000045776367
2024-10-01,9.820524215698242,3.743000030517578
2024-10-02,9.768838882446289,3.7850000858306885
2024-10-03,9.782933235168457,3.8499999046325684
2024-10-04,9.696005821228027,3.9809999465942383
2024-10-07,9.644318580627441,4.026000022888184
2024-10-08,9.653716087341309,4.0329999923706055
2024-10-09,9.660764694213867,4.066999912261963
2024-10-10,9.632572174072266,4.0960001945495605
2024-10-11,9.653716087341309,4.072999954223633
2024-10-14,9.630223274230957,4.0980000495910645
2024-10-15,9.698355674743652,4.038000106811523
2024-10-16,9.780585289001465,4.015999794006348
2024-10-17,9.764139175415039,4.0960001945495605
2024-10-18,9.780585289001465,4.072999954223633
2024-10-21,9.721850395202637,4.182000160217285
2024-10-22,9.693655967712402,4.203999996185303
2024-10-23,9.658414840698242,4.242000102996826
2024-10-24,9.649017333984375,4.199999809265137
2024-10-25,9.674860954284668,4.23199987411499
2024-10-28,9.656065940856934,4.2779998779296875
2024-10-29,9.606728553771973,4.27400016784668
2024-10-30,9.609078407287598,4.265999794006348
2024-10-31,9.524499893188477,4.283999919891357
2024-11-01,9.515101432800293,4.361000061035156
2024-11-04,9.5033540725708,4.309000015258789
2024-11-05,9.472811698913574,4.289000034332275
2024-11-06,9.454017639160156,4.426000118255615
2024-11-07,9.479860305786133,4.341000080108643
2024-11-08,9.53389835357666,4.306000232696533
2024-11-11,9.555041313171387,4.308000087738037
2024-11-12,9.5127534866333,4.432000160217285
2024-11-13,9.493956565856934,4.451000213623047
2024-11-14,9.527522087097168,4.418000221252441
2024-11-15,9.718414306640625,4.427999973297119
2024-11-18,9.715967178344727,4.414000034332275
2024-11-19,9.737993240356445,4.379000186920166
2024-11-20,9.740440368652344,4.406000137329102
2024-11-21,9.740440368652344,4.432000160217285
2024-11-22,9.777151107788086,4.409999847412109
2024-11-25,9.830991744995117,4.264999866485596
2024-11-26,9.808966636657715,4.302000045776367
2024-11-27,9.853017807006836,4.242000102996826
2024-11-28,9.870150566101074,4.242000102996826
2024-11-29,9.894623756408691,4.177999973297119
2024-12-02,9.9068603515625,4.196000099182129
2024-12-03,9.88728141784668,4.2230000495910645
2024-12-04,9.892175674438477,4.179999828338623
2024-12-05,9.862808227539062,4.179999828338623
2024-12-06,9.85791301727295,4.151000022888184
2024-12-09,9.86770248413086,4.198999881744385
2024-12-10,9.828545570373535,4.2210001945495605
2024-12-11,9.818755149841309,4.270999908447266
2024-12-12,9.808966636657715,4.323999881744385
2024-12-13,9.767361640930176,4.39900016784668
2024-12-16,9.737993240356445,4.396999835968018
2024-12-17,9.698836326599121,4.385000228881836
2024-12-18,9.679256439208984,4.49399995803833
2024-12-19,9.656007766723633,4.570000171661377
2024-12-20,9.706177711486816,4.52400016784668
2024-12-23,9.676810264587402,4.598999977111816
2024-12-24,9.6817045211792,4.591000080108643
2024-12-25,9.6817045211792,4.591000080108643
2024-12-26,9.6817045211792,4.578999996185303
2024-12-27,9.627862930297852,4.61899995803833
2024-12-30,9.64009952545166,4.545000076293945
2024-12-31,9.671915054321289,4.572999954223633
2025-01-01,9.671915054321289,4.572999954223633
2025-01-02,9.652336120605469,4.574999809265137
2025-01-03,9.644993782043457,4.5960001945495605
2025-01-06,9.632757186889648,4.618000030517578
2025-01-07,9.60094165802002,4.683000087738037
2025-01-08,9.527521133422852,4.692999839782715
2025-01-09,9.532416343688965,4.692999839782715
2025-01-10,9.505495071411133,4.776000022888184
2025-01-13,9.485916137695312,4.802999973297119
2025-01-14,9.466338157653809,4.788000106811523
2025-01-15,9.583810806274414,4.6529998779296875
2025-01-16,9.6315336227417,4.605999946594238
2025-01-17,9.647440910339355,4.609000205993652
2025-01-20,9.64009952545166,4.609000205993652
2025-01-21,9.696388244628906,4.573999881744385
2025-01-22,9.671915054321289,4.598999977111816
2025-01-23,9.6817045211792,4.638000011444092
2025-01-24,9.667019844055176,4.625999927520752
2025-01-27,9.713519096374512,4.5279998779296875
2025-01-28,9.693941116333008,4.551000118255615
2025-01-29,9.6817045211792,4.554999828338623
2025-01-30,9.733098983764648,4.51200008392334
2025-01-31,9.733098983764648,4.568999767303467
2025-02-03,9.779598236083984,4.543000221252441
2025-02-04,9.755125045776367,4.513000011444092
2025-02-05,9.818755149841309,4.421999931335449
2025-02-06,9.799177169799805,4.440000057220459
2025-02-07,9.791834831237793,4.486999988555908
2025-02-10,9.799177169799805,4.493000030517578
2025-02-11,9.786940574645996,4.5370001792907715
2025-02-12,9.744111061096191,4.63700008392334
2025-02-13,9.794281959533691,4.525000095367432
2025-02-14,9.801624298095703,4.4720001220703125
2025-02-17,9.774703025817871,4.4720001220703125
2025-02-18,9.745335578918457,4.544000148773193
2025-02-19,9.708624839782715,4.534999847412109
2025-02-20,9.723309516906738,4.5
2025-02-21,9.745335578918457,4.420000076293945
2025-02-24,9.749006271362305,4.39300012588501
2025-02-25,9.791834831237793,4.297999858856201
2025-02-26,9.794281959533691,4.249000072479248
2025-02-27,9.784492492675781,4.284999847412109
2025-02-28,9.811413764953613,4.230999946594238
2025-03-03,9.789387702941895,4.179999828338623
2025-03-04,9.811413764953613,4.210000038146973
2025-03-05,9.71107292175293,4.264999866485596
2025-03-06,9.706177711486816,4.285999774932861
2025-03-07,9.725756645202637,4.316999912261963
2025-03-10,9.728203773498535,4.2129998207092285
2025-03-11,9.704954147338867,4.288000106811523
2025-03-12,9.664573669433594,4.317999839782715
2025-03-13,9.696388244628906,4.27400016784668
2025-03-14,9.72086238861084,4.308000087738037
2025-03-17,9.767361640930176,4.306000232696533
2025-03-18,9.737993240356445,4.281000137329102
2025-03-19,9.752676963806152,4.25600004196167
2025-03-20,9.750229835510254,4.232999801635742
2025-03-21,9.691493034362793,4.251999855041504
2025-03-24,9.686599731445312,4.330999851226807
2025-03-25,9.652336120605469,4.307000160217285
2025-03-26,9.684151649475098,4.3379998207092285
2025-03-27,9.64988899230957,4.36899995803833
2025-03-28,9.701282501220703,4.255000114440918
2025-03-31,9.72086238861084,4.245999813079834
2025-04-01,9.752676963806152,4.156000137329102
2025-04-02,9.740440368652344,4.196000099182129
2025-04-03,9.840781211853027,4.054999828338623
2025-04-04,9.904413223266602,3.984999895095825
2025-04-07,9.745335578918457,4.15500020980835
2025-04-08,9.735546112060547,4.26200008392334
2025-04-09,9.615626335144043,4.400000095367432
2025-04-10,9.757572174072266,4.394000053405762
2025-04-11,9.686599731445312,4.493000030517578
2025-04-14,9.747782707214355,4.363999843597412
2025-04-15,9.728203773498535,4.322999954223633
2025-04-16,9.779598236083984,4.2789998054504395
2025-04-17,9.791834831237793,4.333000183105469
2025-04-18,9.791834831237793,4.333000183105469
2025-04-21,9.791834831237793,4.40500020980835
2025-04-22,9.8065185546875,4.388999938964844
2025-04-23,9.804072380065918,4.38700008392334
2025-04-24,9.872597694396973,4.304999828338623
2025-04-25,9.860361099243164,4.265999794006348
2025-04-28,9.85791301727295,4.216000080108643
2025-04-29,9.86770248413086,4.172999858856201
2025-04-30,9.909308433532715,4.177000045776367
2025-05-01,9.85546588897705,4.230999946594238
2025-05-02,9.85546588897705,4.322000026702881
2025-05-05,9.85546588897705,4.3429999351501465
2025-05-06,9.853017807006836,4.308000087738037
2025-05-07,9.889728546142578,4.275000095367432
2025-05-08,9.833439826965332,4.373000144958496
2025-05-09,9.804072380065918,4.375
2025-05-12,9.764914512634277,4.456999778747559
2025-05-13,9.740440368652344,4.499000072479248
2025-05-14,9.718414306640625,4.5279998779296875
2025-05-15,9.547100067138672,4.454999923706055
2025-05-16,9.762499809265137,4.440999984741211
2025-05-19,9.767499923706055,4.474999904632568
2025-05-20,9.732500076293945,4.480999946594238
2025-05-21,9.6850004196167,4.5960001945495605
2025-05-22,9.692500114440918,4.552999973297119
2025-05-23,9.704999923706055,4.508999824523926
2025-05-26,9.704999923706055,4.508999824523926
2025-05-27,9.760000228881836,4.434000015258789
2025-05-28,9.725000381469727,4.4770002365112305
2025-05-29,9.792499542236328,4.423999786376953
2025-05-30,9.78499984741211,4.415999889373779
2025-06-02,9.765000343322754,4.461999893188477
2025-06-03,9.805000305175781,4.460000038146973
2025-06-04,9.837499618530273,4.364999771118164
2025-06-05,9.829999923706055,4.394000053405762
2025-06-06,9.807499885559082,4.510000228881836
2025-06-09,9.8100004196167,4.48199987411499
2025-06-10,9.869999885559082,4.473999977111816
2025-06-11,9.859999656677246,4.4120001792907715
2025-06-12,9.9399995803833,4.35699987411499
2025-06-13,9.885000228881836,4.423999786376953
2025-06-16,9.890000343322754,4.452000141143799
2025-06-17,9.887499809265137,4.39300012588501
2025-06-18,9.917499542236328,4.396999835968018
2025-06-19,9.875,4.396999835968018
2025-06-20,9.895000457763672,4.375
2025-06-23,9.932499885559082,4.320000171661377
2025-06-24,9.9350004196167,4.293000221252441
2025-06-25,9.920000076293945,4.293000221252441
2025-06-26,9.952500343322754,4.252999782562256
2025-06-27,9.90999984741211,4.2829999923706055
2025-06-30,9.912500381469727,4.230000019073486
2025-07-01,9.954999923706055,4.250999927520752
2025-07-02,9.829999923706055,4.293000221252441
2025-07-03,9.882499694824219,4.3480000495910645
2025-07-04,9.875,4.3480000495910645
2025-07-07,9.850000381469727,4.394999980926514
2025-07-08,9.819999694824219,4.414999961853027
2025-07-09,9.837499618530273,4.3420000076293945
2025-07-10,9.850000381469727,4.3460001945495605
2025-07-11,9.827500343322754,4.422999858856201
2025-07-14,9.835000038146973,4.427000045776367
2025-07-15,9.8149995803833,4.488999843597412
2025-07-16,9.817500114440918,4.454999923706055
2025-07-17,9.8100004196167,4.4629998207092285
2025-07-18,9.78499984741211,4.432000160217285
2025-07-21,9.845000267028809,4.372000217437744
2025-07-22,9.864999771118164,4.335999965667725
2025-07-23,9.824999809265137,4.388000011444092
2025-07-24,9.845000267028809,4.4079999923706055
2025-07-25,9.832500457763672,4.386000156402588
2025-07-28,9.819999694824219,4.420000076293945
2025-07-29,9.845000267028809,4.329999923706055
2025-07-30,9.862500190734863,4.375999927520752
2025-07-31,9.892499923706055,4.360000133514404
2025-08-01,9.90999984741211,4.21999979019165
2025-08-04,9.927499771118164,4.199999809265137
2025-08-05,9.932499885559082,4.196000099182129
2025-08-06,9.912500381469727,4.21999979019165
2025-08-07,9.90999984741211,4.24399995803833
2025-08-08,9.859999656677246,4.284999847412109
